/*
Navicat MySQL Data Transfer

Source Server         : mysql
Source Server Version : 50724
Source Host           : localhost:3306
Source Database       : oaxiangmu

Target Server Type    : MYSQL
Target Server Version : 50724
File Encoding         : 65001

Date: 2019-04-19 10:46:40
*/

SET FOREIGN_KEY_CHECKS=0;

-- ----------------------------
-- Table structure for `act_evt_log`
-- ----------------------------
DROP TABLE IF EXISTS `act_evt_log`;
CREATE TABLE `act_evt_log` (
  `LOG_NR_` bigint(20) NOT NULL AUTO_INCREMENT,
  `TYPE_` varchar(64) COLLATE utf8_bin DEFAULT NULL,
  `PROC_DEF_ID_` varchar(64) COLLATE utf8_bin DEFAULT NULL,
  `PROC_INST_ID_` varchar(64) COLLATE utf8_bin DEFAULT NULL,
  `EXECUTION_ID_` varchar(64) COLLATE utf8_bin DEFAULT NULL,
  `TASK_ID_` varchar(64) COLLATE utf8_bin DEFAULT NULL,
  `TIME_STAMP_` timestamp(3) NOT NULL DEFAULT CURRENT_TIMESTAMP(3) ON UPDATE CURRENT_TIMESTAMP(3),
  `USER_ID_` varchar(255) COLLATE utf8_bin DEFAULT NULL,
  `DATA_` longblob,
  `LOCK_OWNER_` varchar(255) COLLATE utf8_bin DEFAULT NULL,
  `LOCK_TIME_` timestamp(3) NULL DEFAULT NULL,
  `IS_PROCESSED_` tinyint(4) DEFAULT '0',
  PRIMARY KEY (`LOG_NR_`)
) ENGINE=InnoDB DEFAULT CHARSET=utf8 COLLATE=utf8_bin;

-- ----------------------------
-- Records of act_evt_log
-- ----------------------------

-- ----------------------------
-- Table structure for `act_ge_bytearray`
-- ----------------------------
DROP TABLE IF EXISTS `act_ge_bytearray`;
CREATE TABLE `act_ge_bytearray` (
  `ID_` varchar(64) COLLATE utf8_bin NOT NULL,
  `REV_` int(11) DEFAULT NULL,
  `NAME_` varchar(255) COLLATE utf8_bin DEFAULT NULL,
  `DEPLOYMENT_ID_` varchar(64) COLLATE utf8_bin DEFAULT NULL,
  `BYTES_` longblob,
  `GENERATED_` tinyint(4) DEFAULT NULL,
  PRIMARY KEY (`ID_`)
) ENGINE=InnoDB DEFAULT CHARSET=utf8 COLLATE=utf8_bin;

-- ----------------------------
-- Records of act_ge_bytearray
-- ----------------------------
INSERT INTO `act_ge_bytearray` VALUES ('2', '1', 'flow/check.bpmn', '1', 0x3C3F786D6C2076657273696F6E3D22312E302220656E636F64696E673D225554462D3822207374616E64616C6F6E653D22796573223F3E0D0A3C646566696E6974696F6E7320786D6C6E733D22687474703A2F2F7777772E6F6D672E6F72672F737065632F42504D4E2F32303130303532342F4D4F44454C2220786D6C6E733A61637469766974693D22687474703A2F2F61637469766974692E6F72672F62706D6E2220786D6C6E733A62706D6E64693D22687474703A2F2F7777772E6F6D672E6F72672F737065632F42504D4E2F32303130303532342F44492220786D6C6E733A6F6D6764633D22687474703A2F2F7777772E6F6D672E6F72672F737065632F44442F32303130303532342F44432220786D6C6E733A6F6D6764693D22687474703A2F2F7777772E6F6D672E6F72672F737065632F44442F32303130303532342F44492220786D6C6E733A746E733D22687474703A2F2F7777772E61637469766974692E6F72672F746573742220786D6C6E733A7873643D22687474703A2F2F7777772E77332E6F72672F323030312F584D4C536368656D612220786D6C6E733A7873693D22687474703A2F2F7777772E77332E6F72672F323030312F584D4C536368656D612D696E7374616E6365222065787072657373696F6E4C616E67756167653D22687474703A2F2F7777772E77332E6F72672F313939392F5850617468222069643D226D3135333132393936303430333522206E616D653D2222207461726765744E616D6573706163653D22687474703A2F2F7777772E61637469766974692E6F72672F746573742220747970654C616E67756167653D22687474703A2F2F7777772E77332E6F72672F323030312F584D4C536368656D61223E0D0A20203C70726F636573732069643D2270726F636573735F636865636B22206973436C6F7365643D2266616C73652220697345786563757461626C653D2274727565222070726F63657373547970653D224E6F6E65223E0D0A202020203C73746172744576656E742069643D225F3222206E616D653D2253746172744576656E74222F3E0D0A202020203C656E644576656E742069643D225F3322206E616D653D22456E644576656E74222F3E0D0A202020203C757365725461736B2061637469766974693A61737369676E65653D22247B73746172744E616D657D222061637469766974693A6578636C75736976653D2274727565222069643D225F3422206E616D653D22436865636B5461736B222F3E0D0A202020203C757365725461736B2061637469766974693A61737369676E65653D22247B6D616E616765724E616D657D222061637469766974693A6578636C75736976653D2274727565222069643D225F3522206E616D653D224469726563745461736B222F3E0D0A202020203C73657175656E6365466C6F772069643D225F362220736F757263655265663D225F3222207461726765745265663D225F34222F3E0D0A202020203C6578636C7573697665476174657761792067617465776179446972656374696F6E3D22556E737065636966696564222069643D225F3922206E616D653D224461797347617465776179222F3E0D0A202020203C757365725461736B2061637469766974693A61737369676E65653D22247B6D616E616765724E616D657D222061637469766974693A6578636C75736976653D2274727565222069643D225F313022206E616D653D2253756D5461736B222F3E0D0A202020203C73657175656E6365466C6F772069643D225F31312220736F757263655265663D225F3422207461726765745265663D225F39222F3E0D0A202020203C73657175656E6365466C6F772069643D225F31322220736F757263655265663D225F3922207461726765745265663D225F35223E0D0A2020202020203C636F6E646974696F6E45787072657373696F6E207873693A747970653D2274466F726D616C45787072657373696F6E223E3C215B43444154415B247B646179733C337D5D5D3E3C2F636F6E646974696F6E45787072657373696F6E3E0D0A202020203C2F73657175656E6365466C6F773E0D0A202020203C73657175656E6365466C6F772069643D225F31332220736F757263655265663D225F3922207461726765745265663D225F3130223E0D0A2020202020203C636F6E646974696F6E45787072657373696F6E207873693A747970653D2274466F726D616C45787072657373696F6E223E3C215B43444154415B247B646179733E3D337D5D5D3E3C2F636F6E646974696F6E45787072657373696F6E3E0D0A202020203C2F73657175656E6365466C6F773E0D0A202020203C73657175656E6365466C6F772069643D225F31342220736F757263655265663D225F3522207461726765745265663D225F33222F3E0D0A202020203C73657175656E6365466C6F772069643D225F31352220736F757263655265663D225F313022207461726765745265663D225F33222F3E0D0A20203C2F70726F636573733E0D0A20203C62706D6E64693A42504D4E4469616772616D20646F63756D656E746174696F6E3D226261636B67726F756E643D234646464646463B636F756E743D313B686F72697A6F6E74616C636F756E743D313B6F7269656E746174696F6E3D303B77696474683D3834322E343B6865696768743D313139352E323B696D61676561626C6557696474683D3833322E343B696D61676561626C654865696768743D313138352E323B696D61676561626C65583D352E303B696D61676561626C65593D352E30222069643D224469616772616D2D5F3122206E616D653D224E6577204469616772616D223E0D0A202020203C62706D6E64693A42504D4E506C616E652062706D6E456C656D656E743D2270726F636573735F636865636B223E0D0A2020202020203C62706D6E64693A42504D4E53686170652062706D6E456C656D656E743D225F32222069643D2253686170652D5F32223E0D0A20202020202020203C6F6D6764633A426F756E6473206865696768743D2233322E30222077696474683D2233322E302220783D223233302E302220793D222D352E30222F3E0D0A20202020202020203C62706D6E64693A42504D4E4C6162656C3E0D0A202020202020202020203C6F6D6764633A426F756E6473206865696768743D2233322E30222077696474683D2233322E302220783D22302E302220793D22302E30222F3E0D0A20202020202020203C2F62706D6E64693A42504D4E4C6162656C3E0D0A2020202020203C2F62706D6E64693A42504D4E53686170653E0D0A2020202020203C62706D6E64693A42504D4E53686170652062706D6E456C656D656E743D225F33222069643D2253686170652D5F33223E0D0A20202020202020203C6F6D6764633A426F756E6473206865696768743D2233322E30222077696474683D2233322E302220783D223233302E302220793D223534352E30222F3E0D0A20202020202020203C62706D6E64693A42504D4E4C6162656C3E0D0A202020202020202020203C6F6D6764633A426F756E6473206865696768743D2233322E30222077696474683D2233322E302220783D22302E302220793D22302E30222F3E0D0A20202020202020203C2F62706D6E64693A42504D4E4C6162656C3E0D0A2020202020203C2F62706D6E64693A42504D4E53686170653E0D0A2020202020203C62706D6E64693A42504D4E53686170652062706D6E456C656D656E743D225F34222069643D2253686170652D5F34223E0D0A20202020202020203C6F6D6764633A426F756E6473206865696768743D2235352E30222077696474683D2238352E302220783D223230352E302220793D223130352E30222F3E0D0A20202020202020203C62706D6E64693A42504D4E4C6162656C3E0D0A202020202020202020203C6F6D6764633A426F756E6473206865696768743D2235352E30222077696474683D2238352E302220783D22302E302220793D22302E30222F3E0D0A20202020202020203C2F62706D6E64693A42504D4E4C6162656C3E0D0A2020202020203C2F62706D6E64693A42504D4E53686170653E0D0A2020202020203C62706D6E64693A42504D4E53686170652062706D6E456C656D656E743D225F35222069643D2253686170652D5F35223E0D0A20202020202020203C6F6D6764633A426F756E6473206865696768743D2235352E30222077696474683D2238352E302220783D223130352E302220793D223334352E30222F3E0D0A20202020202020203C62706D6E64693A42504D4E4C6162656C3E0D0A202020202020202020203C6F6D6764633A426F756E6473206865696768743D2235352E30222077696474683D2238352E302220783D22302E302220793D22302E30222F3E0D0A20202020202020203C2F62706D6E64693A42504D4E4C6162656C3E0D0A2020202020203C2F62706D6E64693A42504D4E53686170653E0D0A2020202020203C62706D6E64693A42504D4E53686170652062706D6E456C656D656E743D225F39222069643D2253686170652D5F39222069734D61726B657256697369626C653D2266616C7365223E0D0A20202020202020203C6F6D6764633A426F756E6473206865696768743D2233322E30222077696474683D2233322E302220783D223233352E302220793D223232302E30222F3E0D0A20202020202020203C62706D6E64693A42504D4E4C6162656C3E0D0A202020202020202020203C6F6D6764633A426F756E6473206865696768743D2233322E30222077696474683D2233322E302220783D22302E302220793D22302E30222F3E0D0A20202020202020203C2F62706D6E64693A42504D4E4C6162656C3E0D0A2020202020203C2F62706D6E64693A42504D4E53686170653E0D0A2020202020203C62706D6E64693A42504D4E53686170652062706D6E456C656D656E743D225F3130222069643D2253686170652D5F3130223E0D0A20202020202020203C6F6D6764633A426F756E6473206865696768743D2235352E30222077696474683D2238352E302220783D223331302E302220793D223335302E30222F3E0D0A20202020202020203C62706D6E64693A42504D4E4C6162656C3E0D0A202020202020202020203C6F6D6764633A426F756E6473206865696768743D2235352E30222077696474683D2238352E302220783D22302E302220793D22302E30222F3E0D0A20202020202020203C2F62706D6E64693A42504D4E4C6162656C3E0D0A2020202020203C2F62706D6E64693A42504D4E53686170653E0D0A2020202020203C62706D6E64693A42504D4E456467652062706D6E456C656D656E743D225F3133222069643D2242504D4E456467655F5F31332220736F75726365456C656D656E743D225F392220746172676574456C656D656E743D225F3130223E0D0A20202020202020203C6F6D6764693A776179706F696E7420783D223236372E302220793D223233362E30222F3E0D0A20202020202020203C6F6D6764693A776179706F696E7420783D223335352E302220793D223331302E30222F3E0D0A20202020202020203C6F6D6764693A776179706F696E7420783D223335352E302220793D223335302E30222F3E0D0A20202020202020203C62706D6E64693A42504D4E4C6162656C3E0D0A202020202020202020203C6F6D6764633A426F756E6473206865696768743D22302E30222077696474683D22302E302220783D22302E302220793D22302E30222F3E0D0A20202020202020203C2F62706D6E64693A42504D4E4C6162656C3E0D0A2020202020203C2F62706D6E64693A42504D4E456467653E0D0A2020202020203C62706D6E64693A42504D4E456467652062706D6E456C656D656E743D225F3132222069643D2242504D4E456467655F5F31322220736F75726365456C656D656E743D225F392220746172676574456C656D656E743D225F35223E0D0A20202020202020203C6F6D6764693A776179706F696E7420783D223233352E302220793D223233362E30222F3E0D0A20202020202020203C6F6D6764693A776179706F696E7420783D223134352E302220793D223239352E30222F3E0D0A20202020202020203C6F6D6764693A776179706F696E7420783D223134352E302220793D223334352E30222F3E0D0A20202020202020203C62706D6E64693A42504D4E4C6162656C3E0D0A202020202020202020203C6F6D6764633A426F756E6473206865696768743D22302E30222077696474683D22302E302220783D22302E302220793D22302E30222F3E0D0A20202020202020203C2F62706D6E64693A42504D4E4C6162656C3E0D0A2020202020203C2F62706D6E64693A42504D4E456467653E0D0A2020202020203C62706D6E64693A42504D4E456467652062706D6E456C656D656E743D225F3135222069643D2242504D4E456467655F5F31352220736F75726365456C656D656E743D225F31302220746172676574456C656D656E743D225F33223E0D0A20202020202020203C6F6D6764693A776179706F696E7420783D223335352E302220793D223430352E30222F3E0D0A20202020202020203C6F6D6764693A776179706F696E7420783D223335352E302220793D223437302E30222F3E0D0A20202020202020203C6F6D6764693A776179706F696E7420783D223236322E302220793D223536312E30222F3E0D0A20202020202020203C62706D6E64693A42504D4E4C6162656C3E0D0A202020202020202020203C6F6D6764633A426F756E6473206865696768743D22302E30222077696474683D22302E302220783D22302E302220793D22302E30222F3E0D0A20202020202020203C2F62706D6E64693A42504D4E4C6162656C3E0D0A2020202020203C2F62706D6E64693A42504D4E456467653E0D0A2020202020203C62706D6E64693A42504D4E456467652062706D6E456C656D656E743D225F3134222069643D2242504D4E456467655F5F31342220736F75726365456C656D656E743D225F352220746172676574456C656D656E743D225F33223E0D0A20202020202020203C6F6D6764693A776179706F696E7420783D223134352E302220793D223430302E30222F3E0D0A20202020202020203C6F6D6764693A776179706F696E7420783D223134352E302220793D223437352E30222F3E0D0A20202020202020203C6F6D6764693A776179706F696E7420783D223233302E302220793D223536312E30222F3E0D0A20202020202020203C62706D6E64693A42504D4E4C6162656C3E0D0A202020202020202020203C6F6D6764633A426F756E6473206865696768743D22302E30222077696474683D22302E302220783D22302E302220793D22302E30222F3E0D0A20202020202020203C2F62706D6E64693A42504D4E4C6162656C3E0D0A2020202020203C2F62706D6E64693A42504D4E456467653E0D0A2020202020203C62706D6E64693A42504D4E456467652062706D6E456C656D656E743D225F36222069643D2242504D4E456467655F5F362220736F75726365456C656D656E743D225F322220746172676574456C656D656E743D225F34223E0D0A20202020202020203C6F6D6764693A776179706F696E7420783D223234362E302220793D2232372E30222F3E0D0A20202020202020203C6F6D6764693A776179706F696E7420783D223234362E302220793D223130352E30222F3E0D0A20202020202020203C62706D6E64693A42504D4E4C6162656C3E0D0A202020202020202020203C6F6D6764633A426F756E6473206865696768743D22302E30222077696474683D22302E302220783D22302E302220793D22302E30222F3E0D0A20202020202020203C2F62706D6E64693A42504D4E4C6162656C3E0D0A2020202020203C2F62706D6E64693A42504D4E456467653E0D0A2020202020203C62706D6E64693A42504D4E456467652062706D6E456C656D656E743D225F3131222069643D2242504D4E456467655F5F31312220736F75726365456C656D656E743D225F342220746172676574456C656D656E743D225F39223E0D0A20202020202020203C6F6D6764693A776179706F696E7420783D223235312E302220793D223136302E30222F3E0D0A20202020202020203C6F6D6764693A776179706F696E7420783D223235312E302220793D223232302E30222F3E0D0A20202020202020203C62706D6E64693A42504D4E4C6162656C3E0D0A202020202020202020203C6F6D6764633A426F756E6473206865696768743D22302E30222077696474683D22302E302220783D22302E302220793D22302E30222F3E0D0A20202020202020203C2F62706D6E64693A42504D4E4C6162656C3E0D0A2020202020203C2F62706D6E64693A42504D4E456467653E0D0A202020203C2F62706D6E64693A42504D4E506C616E653E0D0A20203C2F62706D6E64693A42504D4E4469616772616D3E0D0A3C2F646566696E6974696F6E733E0D0A, '0');
INSERT INTO `act_ge_bytearray` VALUES ('3', '1', 'flow/check.process_check.png', '1', 0x89504E470D0A1A0A0000000D49484452000001950000025008060000004696F9A10000338A4944415478DAEDDD097854F5D5C7F1505140A5D02A556B6B69DDADA5B6556BA5E868AD986240AC33779624CCCB4BC3625844A8822220555B410191E28282822052548A14D909888008020241101001C1045FC4140282DEF79CC99D309375969B6432F3FD3CCFFF499821DB9939F777FF774D4B03506F99A6D978EEDCB9F73CFDF4D3AB860F1FFEE5BDF7DE7BDCEFF79B6EB7DBCCCCCCFCF69E7BEE39FAD0430F6D1F3A74E8EBBD7AF5BA898A0100CAF9ECB3CF7E3369D2A4E5BD7BF7FEA6478F1EE6840913CC952B579AFBF6ED338B8B8B4DF5F5D75F9B050505E6EAD5ABCDC993279BDDBB77FFB667CF9E5F0C1C38F061A7D379265504006626672E5EBC785E6E6EEEB723468C30376CD810088F486DDAB4C994598DD9A54B97C37DFBF6BD9D8A02400ACF4E468F1E7DA84F9F3EE6BA75EBCC786CD9B2C5ECD5ABD789AE5DBBBEE5F7FB1B535D004821454545373EF8E0835F3FF5D453E6575F7D65DA413793C9F73B7EF7DD77E7B1390C00526886A281F2F8E38F9B274E9C30ED366EDCB8AF65C6B2C0E17034A4DA0090C4741F8A6EF2D2194A4D044AD0A851A38E6466664EA5E20090C474A7BCEE43B16B9357559BC27AF4E871C8ED763BA83A002421DDECA54779E9115EB54177DEFB7CBEFDEC5F018024A4E7A1E861C3B569D8B0611FCB6CA51FD5078024A267CAEB898DB5354B09CACFCF3FE6F57A77B1D31E0092C8FCF9F3FBE999F235B973BE327EBFBFC0308CEB7815002049E8B5BCF4D22B7561E4C891EBDC6EF7305E050048127A7148BD96575D58B162C56E0995E9BC0A009024F46AC37A71C8BA70E0C0812F2454F27915002049646565955E6DB8B6E9052A25548A7915002049E8FD50EA92FE7C5E050048129D3A75FAB60E672A0798A9004012B9F7DE7B8BEB6A9F4A4141C136F6A9004012193C78F0D6BA3AFA6BEEDCB9FFE1E82F004822C3860D9B5A57E7A90C1A346816E7A9004012E9D9B3E7B57A4FF93A38A3BE582FD3C219F50090647AF7EE5D58DBD7FE5AB972A56EFADAC9B5BF0020C93CF8E08383478C18F16D6D864AD7AE5D677195620048427EBFBF714E4E4ED1A64D9B6A255056AD5A35576729DC4F050092546E6E6E7ACF9E3DBFAEE93B3F1E397264BFD7EBDDCA9D1F0120C975EBD6EDCD9123471EADC19DF645DDBB77D77D2993A836002439DD692E3396B94F3FFDF4B11A0896A28103074ED3F35274731BD506801409969C9C9CFF3CF1C413FF3D7CF8B06D9BBCEEBEFB6EDD313F9DFD28009082C192959535B95BB76E87D6AF5F7F22DE9DF2D63E9449CC50002085E9CEF4CCCCCCBD0F3DF4D00E099768368915AF5EBD7A8EEEA3D1A3BCD8290F0008D0D9856118B91E8FE7E3ECECEC0323468C58979797B76BFFFEFD057A3F94E0D586F5E290F3E6CD9BAB975ED133E5AD30E9C7E62E0040653397AB653C2801335582E603BD6CBDDE0FC5FA98AFFB4CE4B9C7F4D22B9C290F008825684EC86CE4142A0100B023548E49A89C462500007684CA110995265402006047A814B1331E00600BC3300EFAFDFEE654020060C74CE5407676F6595402006047A87C9E9595F5032A0100B023543E93F1432A0100B023543E95F1632A0100B02354F4722C2DA90400C08E50F9D8308C0BA90400206E1E8F678BD3E9BC944A0000EC08954D122A5750090040DC0CC3D8E0F3F97E412500007684CA075EAFF72A2A0100889BDBED5EADF759A11200003B4265A58CDF520900801DA1B25CC6F554020010378FC793E772B96EA01200003B42659184CA4D5402006047A8CC9750B9854A0000E26618C6DB5EAFB72D950000C4CDED76BF25A31D950000D8112A3365B4A71200003B42E575191DA90400206E1E8FE735C3309C5402006047A84C955071530900801DA1325942C5472500007684CA4B122AD95402001037B7DBFD828CCE5402006047A83C27E32F5402006047A88C93D18D4A0000EC0895318661E452090040DC3C1ECF280995DE5402006047A83C21A1D2974A0000EC0895C72554FA53090040DCDC6EF7A3122C03A80400C08E501926E3412A0100B0235486C8184C2500007684CA833A5BA1120080B8E9FE14DDAF422500007684CA5F0DC3F807950000D8112AF74AA88CA0120080B8E9D9F47A563D950000D8112AB97AFD2F2A0100B02354BA4BA8FC934A0000E2268192A3F754A11200003B42A5B3DEFD914A0000E2E6F1783A49A84CA41200003B422553426512950000C4CD300CB704CB542A0100B023549C122AAF510900801DA172A7DBED9E4125000076844A07099537A90400206E1228ED64BC4525000071F3783CB749A8CCA11200003B42E58F122AF3A80400206E2E97EB260996455402006047A8DC20A1924725000076844A6BB7DBFD0E950000C4CD308CEB24545650090040DC2450AE96B19A4A0000EC08955FC9584B25000071F3783CAD2454D653090040DC9C4EE715122C9BA80400C08E50B95442650B950000D8112A17B9DDEE6DFAB9DFEF6F2C9FB7F4F97C3FA23200806A49682C96B153C63E196625630295020054CBE3F174A9224C741CD7D90A95020054CBE17034B4662A9585CA38AA0400B063B6C22C050010D36C25BF8250994E75000051330CE3F6B2A1223398DF531900404C2448968504CA7C2A02008827541C21331507150100C4C5308C776496F20D950000D8112AB7CA2C8550018044679A66C31D3B764C5FB972E5370B172E34E7CF9FCF88612C58B0C05CBA74E9011999BCAB00A42C0D9465CB9699050505E6B163C718718CC2C242332F2FEF9004CC5DBCB300A4249DA11028B606CB3199B9E4F3CE0290927493176160EF905039CE3B0B404AD2FD010481EDA162F2CE0240A85431FEFBE53E73C7EA09E6A6050F07867EAE8F1122840A0044152A4507F79A1BE70E32D7CFEE1F36F4317D8E2021540020E250D9BDE9DFE5022538F66C9A4590102A001079A8E42FFE47A5A1A2CF1124840A00441C2A1BE70FA93454F43982845001004285500180DA0F153DDAABB250D1E70812420500220E956DCB9FAE3454F43982845001808843E58BBD1BCC8DF30697DFF4258FE9730409A1020011878A8E9DEFBF5C2E54F4314284500180E842E5E85173DBBBE3CA6FFA92C7F4398284500180884245CF98DFBA7C4CA5FB54F439CEAA275400A0EA509119C8BE6D8BCC0FDF1E5869A00487FE1FFDBFCC5A081500844AD4B313662D840A00441C2A91CC4EAA9AB5102A840A0042A574C41A28C141A8102A00081506A10200840AA10200840AA10200840A83500100428550010042855001004285500100428541A80040AD86CA175F7C610E1E3C58179C667A7A7AE9E36BD7AE0D3C56585868DB02BAAAEFB970E1C2C0733A9A356B1618A3478FAEB19F47A800400D844A70413E6FDEBCD205BA3E3E73E6CCC0BFDF7BEF3DDB42A5AAEFB97DFBF6C0F3B9B9B981FFD3AD5B3773C58A1535F6F3081500B03954820BDD37DE7823ECDFA19FEFDEBDDB3C7CF8B0595C5C5CEEEBF5317DAEA2EF5DD173912CE49F79E699C0FFD9B06143ADFC3C4205006C0A95E0662F9D250417CC454545610B641DD9D9D9818F9D3B772EFDDA1E3D7A041EEBD8B163E0E38C19334A9FEBDAB56BE9E634FD386DDAB472413571E2C4C0E753A64C89285482BF43BB76ED021FE7CC9953EE3997CB15F8386BD6AC887F1EA1020036858A6E620A2E74F5DFBAA6AFFB584217C88F3CF248E0DF63C78E2D9DC54C9F3E3DF0B9C3E128FDBC51A34681E75E7CF1C5C0BF839BAE9E7BEEB97233A1BE7DFB063E2E5FBE3CA299CAA143874AC360F3E6CD81E75BB76E5D1A84C1B0D17FEBAC24F8F744F2F3081500B02954820BF0E0E6A1D9B36797DBFC157C6EF2E4C9A5CF8D193326F079464646E0711DCB962D0B3CD7AB57AFC073C170D2994FD9A0D2198F7E1C3A746844A1B267CF9ED25953BF7EFD021F3333334B9FD7B0F0FBFDE6CD37DF1C784EFF8E487F1EA102003685CACE9D3B4B671CA13BEDAB0B95BCBCBCC0E7A3468D0AFC7BC08001A5CF590BE140F054F63D7526B16EDDBAC0E73A03AA2E54C68F1F5FFA75C1DFB955AB56618113FCDBF5F3534F3D35E29F47A800804DA1125CCB0FEEFBD085717056A18FEB63BAD00E3DE437F875BA9F44C3481F6BDAB469E9D70503A84D9B3681E75AB468611E3C78B0C2EFA901A28111FAFB04674BA18701EBFF0FEE2FD1A14788E966B7E0F34F3EF964E9CF0BFDFE91FC3C4205006C0C1506A10200840AA10200840AA10200840AA10200840A8350010042855001004285500100428541A80000A142A80000A142A80000A142A80000A1C220540080502154008050215400805061102A001042EF794210D83A8A25548EF3CE029092962E5DBAAFA0A08030B069ECDDBBF75509957CDE590052D2A2458B3A2C59B2E4CBCF3FFFFC48A22FB08F1E3D9AD033140D94050B16EC927117EF2C00294B1682B7CBDAF56ADD6CA3FB031271CC9B37CF74BBDD66A2FE7E56EDF2091400A82724548AFD7E7F632A0100889B61180725549A530900801D33957D999999E7510900801DA1B2C3E974FE944A0000EC0895CD86615C4E2500007684CA1A09955F530900801DA1B25CC6F55402006047A82CF4783C37530900801DA1F2968C765402001037C330FE2533953F530900801D339549122A9954020060C74CE57909952E54020060C74C658C044B2E950000C44D66298F4BA8F4A71200003B662A0FCB18442500007684CA40198F520900801DA1728F8C27A90400206E8661749750F927950000D83153F1CB984025000076CC54DC1E8F672A950000C44D02E50E99A9BC4925000071F37ABD6D65B6F236950000D83153B951662A4BA80400C08E99CAB5122AABA80400C08E994A2B0995F55402001037C3302E9150D94A250000719340F9B18C4FA90400206E4EA7B385844A01950000D8112A674AA81451090040DC1C0E47430995E3540200600B0995131A2E5402006047A814E966302A0100B023540A3D1ECFD95402006047A87CAA8716530900801DA1B2D5EBF55E4C25000071330C6383CFE7FB05950000D8315359A51796A4120080B8793C9E3C97CB7503950000C44D6FD2A537EBA2120080B8E9ED8425583A500900801DA1F2AA0C834A0000EC08950932FC5402006047A88C93D18D4A0000E26618C64809957BA80400C08E99CAA31E8F6700950000D831537948426528950000D8112AFD25541EA7120080B849A0F49460798A4A0000E2E676BBFF22A1F23C950000D83153C9946099A49FFBFDFEE6F2794B6EDA0500A896CFE7FB9184C636193B657672503E9A950C3FD50200544B67255584898E6D0E87A321950200443A5B29AE2C546406934B95000011B3CEA2AF28540AFD7E7F632A04008898B543BEB08250194E750000B1CC5672CB04CA713DF28BCA0000A2A63BE325583E08868AC7E3994A550000F1CC56DC213BE8AFA4220080788365856EFA924F9B530D00405C5C2ED79F1C0E87868A29E3762A020088C71F4F3BED340D9491320E122C008058DD5226486E2358000076044A758F03001055A0843E5F64CD5C000088395082D8140600B025504283A590190B0020DE4009FDBA42662C0080780325F4EBD9C702002817280D6474B23E56A5ECFF631F0B001028E502E585B492B3E75FA822582AFB7FC1EFC78C0500523C50D2AC998719322A0A96D040098EEC32DFB788190B00A476A0541618A1C152D1F3E32B081E368501408A074A75C1F29D080325F4E770541800A470A054152C1F4511286583857D2C0090A2815255B0441328416C0A038024D3DC0A8371517EDD772A98A17C643D1E8DFBADAFE5465F00906433954837455535537921CA998A1E0D76072F01002467B0D8B14F259260095E1B8C4D5F0090A2C152D961C3151DFD5555B070222400A450B05474545675E7A154771E4BD0D5691CF5050029257054D6E9A79FDE3EE4B14E69D51FE515C919F53A43B98B1203408A68DFBE7DD3B66DDB4E918FDF3669D2E4CE0A02A3AAC3862BFC7F1250ED08140048210E87A3A1C7E3E9E176BBF7C99870DE79E7F9D2C2AFD5D5C09A79447295E2EC9040E92001F5CD0D37DC30962A03400A300CA38304CA160993B9F2B155C853F19EF91ED894D6B265CBAEF2BD57CB98959595F5032A0E0049C8EBF55E2B0BFAA532D6CBE76DAB0A86B4D8EEFC58FA75393939A7CACF7944C66732DA517D0048124EA7F3A73223992A0BF7DD324BF99F2143865477267CB49772A9F4FFCBCF6C2363A7FCDCB1F27B34E1D50080FA3B33F99E84C913B2503F20E3C18C8C8CD3A3F8F2E0098BD56D0ABB3AAD9A9DF23E9FEFBBF2F327C9C89770F935AF0C00D4AF99C969B2F0EE2B0BF10219E3E2D8AF51DD8C459FDF9716E1515EF2BB18323E97DFEDFE08664B00803AD6C05A70EF903153662997D9F03D2BBB836370DF4B543BF5E5F7FAB1FC5E8B64E449F85DC04B060009C8DA77B14A8FBA9205F68D367FFB60B0DC161228311F25A6B31499ADF4D7598B0C2FAF1E00240859DBBF5416D06FE8CE7009134F5AE4570D8E5670663224CDA6AB0D7BBDDEABE457DE24BFFB14F93B9AF16A0240DD85490B3DA2CADA6FD22F3D3DBD512DFC589DB19869365EBEDEEFF73796DF7F8C8C4F6A60860500A8264C9AC80278A08C42099591F2EFEFD7F2AF502337D89240B94DFEA6BD32FEAEE7B8F04A03400DD2FD10B2E0ED240BDD4F654CF37ABD3F4BB6BF51FEBEB3E56F7B53C65A9B0E32000054B0B0FDA32C68D7C97847C66F93FDEF95BFF12FBA594FAF4DC6AB0F0036F1F97CBF9085EB1C195B65744CA5BF5D666217EBD16C8661CC96703987770300C4BEA6FE43192FC8D82F0BD5DC54DDC7A05752961A3CACD70F9360C9E09D010051703A9D675A0BD103B2107D4C2F6F425502217BBD8CED12B0CF4479A9190048C930394542A4ABB546FE929E754E55C2E9CDC4A42E13657C24E36A2A020015D0CD3AB290DC2C63818C5F5191AAC96CC5696D167C80EB87018045D7B6652C96B1511690E95424AA99DDF956082F93D1928A0048595EAFF727B2207C454FF493594A17DDF4455562D220E44ACC599403404AF1FBFDCD25441EB7EE6D32382B2BEB0CAA123FBD1DB2D4F34319AFEAFD63A80880A466DDDBA4B77545DE67E5DFE75215DB03BBB184CB28A9EF2E97CB751315019094AC9DCA1FCB784BC2E40A2A52E3F5BE556ABD47C6700D732A022029C8DA726B59B0AD90B18635E7DA959D9D7D96D47D865ED686200750AF59971699615DC63D33ADE6EE6D826AC86BD0D9BA7E584F5E0700F58A5E5DD7308CA7F472F432EED36DFC54A5EEC96B72A135639CC3BE2C0009CFBAC1D47D56988CD64D2F5425B1E821DBF2DA0C91B14FC2FF0E2A02201135D07323F46823591BFE972CB82EA224093F6BB94E0F9A908FCF7338378084216BBB37EB4DA464BCAB173AA422F56AD672A675F5E7AD5EAFF75A2A02A02EC3E4E77A6F0F59206D93711715A9D7B3963BF5FA61320671450300B5BD767BAE2C7C9ED39317F52446EE9F9E1CAC7BD6CC93B13C196FCD0C20C1E87677BD9C8A5E5645C2E41F122ECDA84AD2692033D03ED6F5C3FC9403404DCC4C4EB1EE91AE177C9CAC1780A42AC94D561AAE94D77BBD8CE9F2FA7F9F8A00B08504C89FF452F47A497AF9FC37542475A4A7A73792958827E4B5DFED72B96EA1220062A637C792B1506F96256BADB75391947E2FFC418345034683868A00886601F263192F5BB7F1EDCA914050BA094C3785E92631DD3446450054B7D0682621F298EE84978F43F5FC05AA82B2E4BDD1C9BA7E589F34AE1F06A02C3D1C582F30689DA3305E0F2BA52AA86605E4A77AD8B175F831EF170025AC13DEB6EAC505D9A4812883458F081CA42B23FA3EA222406A87895EF3E91DF9F80147F5201E7A69175D3191D9EE8B6C3205522F4C2E94E67F4D16029FEAB6F12143867C87AA205E7A52AC5E94D2BA38E575540448727AE48E34FB48BD1CBD84C900F97713AA02BBE965F4F572FA7A597D87C3D1908A004946CF299030E96F5D72E369099316540535BC02A3D7859BA33702D3993115019283DEDBC42B63A734F61B322EA124A8CDF79F7544A1AECC74A61C403D264DEC90B15AC64A69ECDF5311D4E1ACE50A3D1844DE8BAF730750A09E91E6BD5CC6BFA581B7CB30A8081224584E93F7E370197BE4FD792B1501129CCC46CE91861DA7F73691718F36315541A271B95C37E9ADA6E5FD3ACAEFF737A6224082C9C8C838DD3AF94CEF6D32C2EBF57E8FAA2091E97B54DEAFAFCAF850C2A515150112809E5BA23B3F75738234E654F9D892AAA03E91F76C96EEC49795A1BE695C3F0CA8D335BDB6D2881B244CF2E4E3355404F538585ACA58266381D3E93C9F8A00B54802E4977AF13E09932DF279072A82249A750FB4AE1FE6A42240CDAFCDE9BD4D26E859CAD274DD394B1949FA3EBF5AC6473226B66FDFBE2915016A80B523DE94D9C9DF6834A4C2FB5D569C9EB10E89BF9E8A0035B30677449B8D4A2055C84A5486DE7554C63066E680FDA1A217803C9B4A20C582E51C99B5CC96F7FF2AAFD77B311501EC0B955D4EA7F3022A81140D971ED6F5C3FE4235007B42255F1AEB322A81140E96CBA40FD6C87893593B107FA8AC91E9FF6FA80452594E4ECEA9D20B7F97B15782E5362A02C41E2A4B65B4A1124060D672A3F4C32732C670FD3020068661BCAD67D15309A084D3E96C26A1F28A04CC26E98DABA80810DD4CE575191DA90450AE37F426749FEB9D4DF5CC7C2A024436DD9F2C23934A0015CE5A2ED0EBE049B82CD6AB4F5011A0FAB5B16765E45009A0623A4B91D9CAFDD6ACC54D45802A48938C9435B13E5402A8B6577EAD87E0CB98E4F3F9BE4B45808A672A8FE8555CA904503DA7D3D944C265ACF4CC4E8E9A042A5EFB7A402F28492580A856C6DA59D70F7B44CF71A1228045377DE926302A0144272B2BEB07D23BFF9660795F6630975211A0648D2B4777D6530920E61EEAA6B790E06ADF40C94C2553773C52092036324B394D7AE8189500D202FB54EE948698412580D8E80DEE64E5EC2B2A0194CC546ED34BB550092036D9D9D967C98AD9012A01A405B607B7D18B4A52092036999999E7E991605402107AD97B3D7A854A0031AF98B5D4F356A8049016D8A772B934C4662A01C4DC4397480F7D4425809299CA4FF496C25402888DCFE7FB8504CB062A01A40576D49F2DA1524825809857CCD8840C04E9095BD21087A90410F38AD9EFA487DEA512408906D210DFE8474A01444FFAC7A1F75BA112C0C9A638C2252680D8188671ABF4D05C2A019C0C9542DDB7422580E849EF64E88525A90470325476E96D53A9041053A8FC5942E55F540238192AF9D21897510920A650F1480F4DA112C0C95059A38745520920A6FEF1CB98402580934DB1945BA30231F70FF7240242E9558A65A6D2964A00D1F3783C3DA5879EA212C0C935ADD76574A412404CA172AF84CA082A019C6C8AC97A07482A01C4D43F0364A5EC512A019C9CA93CABDB85A9041053FF0C9131984A001699BA8F94B5AD3E54028829541ED5D90A95004E36C52332065209207A12284FC88A595F2A019C9CA93C208DF1372A01C4B45236467A28974A0027D7B4FA589BC0F4DE2A2DF5EC7ACEB007220E15F6492275F97CBE1F4960CC9726F850EFAB2D639F0CB3EC9090B99D6A011185CA44E9A94E5402A9DC04732A0A929040F9802A0111F7D314BDFE179540CAD24D5BD208C7AB0815B60F039187CA0CE9993BA90452BD11C654122A857EBFBF31150222EEA5596C2E46CA93E068AE015236546416F318D5012A9DE5070E66D1FE090995B97AF747AA03D6B0DCEE7E6542A5883B40029593F0B8BF8ACDC607AD835FF243430748A5D94A63AB09824DF13C5501AAED997D551DE822633895422A4FE7BB846CFAE2DC1420FA197EE82866B60F9AC4ED5E298DF0359500225A11D3FD2A459584CA102A8494E7743ADBE91A169500225E111B5ED13E15F6A5A0C699A6D970C78E1DD357AE5CF9CDC2850BCDF9F3E727DC98376F9E6EFA0A7C4CC4DF4FC782050BCCA54B971E90C17D5F9008B395CB2A3872B20B95418DD34059B66C99595050601E3B762C61C7D1A34713FAF7D351585868E6E5E51D9280B98B77161260B632296496B2CDE17034A42AA8713A4349F440A94F4382E598CC5CF27967A1AE399DCE8B42AE4C71371541ADD04D5E8481BD4342E538EF2C24C86C65968C6FEEB8E30EF6A5A076E8FE0082C0F650317967214142E56AC3308ECBACE534AA81840A95FF7EB9CFDCB17A82B969C1C381A19FEB638408A1926AEAC3C12DF56170704B0A874AD1C1BDE6C6B983CCF5B3FB870D7D4C9F2348089554525F0E6EA927FB2039B825154365F7A67F970B94E0D8B36916CD41A8A4140E6EE1E016C4192AF98BFF5169A8E8733406A1924A38B885835B1067A86C9C3FA4D250D1E7680A42859E61D03320546810D460A870700B3D43835432B4212A0B157D8EA6A041E8190E6EA1671071836C5BFE74A5A1A2CFD11434083DC3C12DF40C226E902FF66E3037CE1B5C7EAD4B1ED3E7680A1A849EE1E0167A06516D1FDEF9FECBE59A431FA32168107A86FD90F40CA20B95A347CD6DEF8E2BBFE94B1E3B560FAE1E4C838050A16790200DA23B15B72E1F536983E873EC78A441E8190E6EA167507583C80C64DFB645E6876F0FACB4398243FF8FFE5F662D3408A1C2C12DF40C0D12F5EC84590B0D42CF70700B3D83881B2492D94955B3161A840649F550E1E0167A86060919B1064A70D0203448CA870A07B7D03334088306811D3DC3C12DF40C0DC29B9A0641FC3DC3C12DF40C08151A0476F40C07B7D03320546810D8D6331CDC42CF8050A141605BCF70700B3D03428506013D43CF8006A14140CFD033A0416810D0330C7A860659B870A1BED8813176EC5873F7EEDD15BE21CE38E38C3A7D5386FE9ECD9A350B8CD1A347C7F53DD7AE5D1BF87E8585853408081542057634C833CF3C1358B0BEF8E28BE6030F3C10F87CC0800115BD216AED0DA83F6BCA9429618F6DDFBEDD9C3973A6999B9B1B78BE5BB76EE68A152BE2FA39FAFDF47BBDF7DE7B3408081542057686CA860D2517C1D385752C0172F8F0E1728F15171757F87875CFE9CF1F3A746844BF6F3C3F8F5001A142A8A08643E5E5975F2E172A3A8BA92868F4B1E0ECA6ECF33D7AF4083CD6B163C7C0C7193366943ED7B56BD7C063E9E9E9818FD3A64D0B3CFEE4934F9A2E97ABF4FBE9D0194A24A1929D9D1D78BC5DBB76818F73E6CC29F75CF07BCF9A352B2C547493DFC489132B9C21D120F40C8350411CA1A20BD54843A543870E81C767CF9E1DF6F8F4E9D3038F3B1C8ED2CF1B356A14F6BD829BAE9E7BEE39F38D37DE886BA672E8D0A1D230D8BC7973E0F9D6AD5B97CE508261A3FFD6594970BF513054FAF6ED1BF8B87CF9721A04840AA1023B4365D0A04151CD54AEB8E28A728F8F193326F05C4646863979F2E4C058B66C59E0B95EBD7A059EFBE28B2F4A2E7F515454FA79ACA1B267CF9ED2994DBF7EFD021F3333334B9FD7B0F0FBFDE6CD37DF1C1682C150E9DCB973953F9306A167E219EBD6AD2BDDACACEFCF643A688550A1412A5D48EB8259670CC14D5691864AAB56ADCA3D9E979717786ED4A851817FEB8EFFE0D70777FA6BF004BF47D9EF9D66ED88D7CF0F1E3C586DA88C1F3FBE7433D6CE9D3BC37EAF60E004EBA09F9F7AEAA9E5367F69E3A75947C0D120F48C5D0BD36DDBB605DE57175D7451697FB9DDEEB8BE67221DB442A8D020E586AEB50717ECBA365FD19B6ADEBC7995868A7E4D45DF57F793E8E62FFD3F4D9B360D9B8DE8CCA54D9B3681E75AB468512E38B4F9AEB9E69AD2FD2E15FDBEA16B541A1CA1FB62B4D974B35BF079DD5713FC79C1000DCE6042FFAD81A5014583D033762D4C755F625AC87E3CFDDEBAD215E9D7EB4C3EB8195747A21DB442A8D0200C1A04B5D833BAF0D6CDC0BAC0D6CDAFA12B576517E4BAB2155C79D3FF1BDC5C9B1672008AAEE025D2412BF40C0DC2A04150073DF3FEFBEF876DAEAA2E54F4A38686CEF8F5F35DBB7695DB27930807ADD03334088306412DF68C2EE075CD3F74536C3038CA864AF0009760A8E8D7058F9E0CEE1BAC2E546AFBA0157A860661D020A8C59E096E4A0AEEABEBD2A54B697004F70F6ED9B2C5FCECB3CFC20E5A8935546AFBA0157A860661D020A8E59E19366C9879D55557951EB4B27FFFFED2CD51C190D15176F3D7E2C58B4B8FA4D4CD5AA1E1942807ADD03334088306013D43CF8006A14140CFD033A0416810D0330C7A860661D020F40C839E010D4283809EA1674083D020A067E819D0203408E819063D4383306810D033F40C68101A04F40C3D031A8406013D43CFF0CE4A127A9738DED4B68E626990E3BCB3081506A19292962E5DBAAFA0A08037B64D63EFDEBDAF4A83E4F3CE225418844A4A5AB4685187254B967CF9F9E79F1FE1CD1DDF0C450365C18205BB64DCC53B8B5061102A294B1682B7CB8BBA5A37DBE88B9B6843EF66A7F7ED4EC4DF2D6468EDF20914428541A820C1A5A7A7379250394A2540A8102A40DCDAB76FDFD4E3F17C4525900838B885835B50CF49A09C2D3395422A8144C0C12D1CDC827ACEE9749E2FA1B2874A2011D4A7835B8E1E3DCAC12D40595EAFF767122ADBA9041245A21FDC524F0E70E1E016D40DC3302E97E6D84C2580E8E8012E7AA00B9500C2672A5749B07C402580A843E54BA7D3D98C4A00E1A172AD34C72A2A01441D2AFB3D1ECF395402086F8C363296520920EADEF94456CA7E422580102E97EB1659DB9A4F2580E848DF6C713A9D975209207C6DAB9D8CB7A8041075EFAC370CE397540208214D71A734C70C2A01441D2AAB749F249500C2A7F06A2A9500A2EE9D3C97CB75039500C21BA393AC714DA41240D43395B932D3BF954A00E18D9123E3592A0144DD3B3365B4A71240F84CA5A7AC6D3D452580A843659AF48F8B4A00E18DD14FC6702A0144BD42F692AC90655309208434C503D21C7FA31240D42B64CFEAE6632A018437C6C3122C0F510920EA15B2A7A47F7A5109203C54FE2EE33E2A01444766F88F4BB0F4A71240F8DAD648698E3E5402887E962F63109500C21BE39F122CDDA9041075EF0C94F1089500C21BE305199DA90410F52CBFAFCCF29FA0124008698AC9D21C3E2A0144DD3B3DA477C6520920BC315E93C670520920EA597E679DE9530920BC31B8D404105BEF7865BC42258010324B79DBEBF5B6A51240D4B3FC3F73DB08A0FCDAD662190E2A0144DD3BDCE00EA8A031DE9535AEDF510920EADEF9838C055402086F8C358661FC9A4A00D171B95CADA57FDEA1124078A87C28A172259500A2E3F57A7F23FDF33E9500C24365AB34C7C55402888EC7E3F9B9F4CF462A018487CA2EA7D379019500A22333FC0BA57F3EA6124078A8EC9735AE73A804101D59193B5FFA670F9500C2D7B60EFAFDFEE65402888EAC8C9D2DA172804A00E1339523191919A7530920EA99CA99D23F455402080F9513D21CA75009203A0E87A3A1F4CF712A019C5CD33A4543854A00AC940171D3CD5ED21487A9041073A8FC372B2BEB0C2A01A4054EDEFA9E34C5FF510920E65039909D9D7D169500D2029BBFCE95A6D84725809843658F1E5A4C25809299CA4FF4E4472A01C41C2A1FEB499054022809958BF5322D540288395436EAE55AA804901638F1F14ABDA0249500620E95357A61492A01A4719555C08650592EE37A2A019434C4F5DA14540288B987167A3C9E9BA9049016B8C9D04DD2108BA804101BC33066CB8CFF4F5402480B6CFE6A2B4DF1369500629EA9CC901EBA934A00250DD15EC64C2A01C4DC43AFC8F05209A064EAEEF4783CAF510920E650794146672A01A405EE0791290D31894A0031AF988D953EEA41258092B5ACFF95319E4A0031F7D093122C7DA904503253E9A16B5A54028839541E953E1A4025809250E923A132924A00B191FE7948FA682895004AD6B2EE93F1772A01C4BC62F65709967F500980B52CC08E15B35E32465309A0A4211E9131904A0031F7508E8C67A904503253192133957BA90410730F654B0FBD44258092B5AC31D2103DA904101BE91F97F4D1342A019484CAB33A7DA71240CC33950E5CEA0838192A13654DAB13950062C3455981F0A9FB54690837950062EEA11B65E56C0995004A662AAFCBE8482580987BE8B732565209208D1B0C0136F4D02F2554D65109A0642D6B81CBE5BA854A00B1713A9D977A3C9E2D5402280995A532DA5009203632D3FF89F4D027540228099555D214D752092036324B3947FA683F95004A42659D6E13A612406CFC7E7F73E9A32FA90450122AF9B2A675199500620E95C6D247C554022809951D4EA7F3A75402888DCBE5FAB3F491999191713AD500A1E276EF9550399F4A00D1330CE301E9A15D327E453580925029F4783C6753092072D626AF57F4401759293B978A00160994AFDAB76FDF944A0011F78C1EEDB542C6140D172A02844FDF8FC99AD6695402A89ED7EBBDCADADC35886A0065E88E45DDC1286B5E77500DA0DA19CA1DD22F0532EEA21A40E56B5EBF9126D9CDDD1F812A036580F4C9A7DA2F5403A886CFE7FB917512E4330E87A32115014AA4A7A73792DE7859C66A193FA42240849C4EE799D2346FC9982B21F35D2A8254979595F503E98777F556C1D21F4DA808107DB09C22B395A7A48936EA45F2A8085295C7E369257DB053C610F967032A02C4D7503DF5A448BDF910D540AA91F77D7BDD212F7DE0A21A807D8DD54E1B4B662E4EAA81145AA1FAAB1EB822E36AAA01D8CCBAA3DD2EF9783FD54032D373B5E4BD3E51C6FB5CB608A841999999E769A3C978212727E7542A82240C9416F2FE7E47C6742E0A09D402EB24C9373D1ECF22AFD7FB3D2A82249A8D5FA957EA96F1701A3BE481DA3364C890EF48038ED0FBAFC8C70BA9089220506EB776C87BA8065047A4FFBA4A23EE73B95CADA906EAF1FBF85E791FEFE156DA4062ACE1DD2A0DF9B90C2FD5407D62ED907F41C65ABD9204150112674DEFE77A729804CC435403F5E43D7BB6BC6797CA989195957506150112AF49F5BE122B654CE2F2F948F019CA15F23EDD2EE3913476C80309DDAC4DF4504C5D03CCCECE3E8B8A20D1C86C3A5D37D7CA471FD500EA8706326B794C1A779B34EE2594038942DE93F7E82587E47D791DD500EA5F037796B15F02E646AA81BAA427EA4A903CAFB77490D9F4055404A8A75C2ED74D56B074A21AA80BBA1956DE834BF4845D76C803494002E53269E88FE5E3DFD2D8298A5A24B393CBADF7DE63BCF780E40A96B3ADEB29BDEAF7FB1B5311D434AFD7DBD6DA219F4D35802464DD8AF515BD7B9E5EB48F8AA0A6C87BAC978CCF645C4F3580E49FB50CD5730474D304D5809D1C0E4743795F3D236303772B05522B583275D384CBE5BA856AC00E32FBFDBE5E395B02E5DFF2F99954044831122A6DF46294B220E842351067A05C2AEFA5ADF25E7A5CAFA04D4580D45D185C240B838F746190C6D139886DD6FB47EB82A67EAA0120B0D9C23A8F600677DA4394B3DDBB7587BC04CBEFA90680D06009DE13FC3DF9FC5C2A82AAE80E7979AFFC53C687F27EF92915015021C3301E9005C5273E9FEF17540315D15B58CBCC64BEBC4FDE6ADFBE7D532A02A04AB2B030741BB92C386EA31A28B3D27189B50FEE0976C80388982C347E676D2BEF413560AD6CFC41AF2327E37FA90680A8E9B67259806C96B5D391AC95A6FC0CA5BB1E7EEE72B96EA01A00E2099666BAFD5C4F68E30AB329F9FA9F22613246DE039BBC5EEFCFA80880B85997DED07B61AC9585CCF9542435F8FDFEE6F29ACF95F11F9FCFF75D2A02C056122CFD6501F3A98C5F518DA49FA1E849B1F9BAE953672B5404404D05CB9DB2B029F0783C19542339056FEC26E32F5403406D04CB35B2C0D923C1D2876A2417795D73AC4071500D00B546EF33AE9737973196CD2349F17A9E222B09A3AC4D5E17521100B54ECFA69685D01C1D9C595DAF03A599F53ACED5CFA908803A5DC3D5D98ACE5A74F64245EA179D9558E7223DC58C1340C2D0FD2BBA9F45F7B7508D7AF39ADDA82734CAE846350024E2422A438F0CD323C4A846C2BF565D7487BC7CBC996A0048587A0E8B9ECB220BABBF528DC4A397DB91D7E749797DB678BDDE8BA9088084A767DDEBD9F77A16BE9E8D4F4512839E152FAFC96CBDEC8E9E2D4F4500D41B7A9D30BD5E982EC038A22821825E2F0EBA510FAA20E801D44BBAA9452FF3A147177177C0BA23F56FA33BE4B98D0180A4A00B33EBDE2CBFA31AB54B42FD7FF4866B2E97EB16AA01209982E5365DB8E95D25A946EDCC12A5D6C3656C9559E2A5540440D2D1FBDECB42EE13597B7E806AD41CEB4A07B3642CD4FBC9531100494BD69ACF9585DD7B3226CAE7A751117B495D5BEAD50DE4E33876C8034809191919A7CB426F868C25122CDFA722F670B95CADAD7D573DA9068054D340167E8FCB42F023BD2114E5888FD4B293EEB39259CAAD5403402A2F0CBB58D79F6A4335A267ED90FFBB8C6D52CBCBA8088094A787BBEA5AB62C1433A946E4648677A6D46DA68CC56C4604801086615C2E0BC7ED122C43A94644817281D46BBD8CE77272724EA52200507E41D9421692EFCA78253D3DBD1115A9989E442A35DACBED9C01A01A7EBFBFB12C305F95F18E2C34CFA622E50225D3DA219F4E350020327A64D8DF64E1F9313B9F4FD644EAF1A86E229419DD15940300A25F2BD7C364F7BB5CAE9B52B90E7AC567A9C3EB528FBCECECECB378670040ECC1A2B7BCDD2FA3732AFEFDF277FFD8308C0FE4E37876C803800D64A17A89751EC663F2CF06291428BF95B147FEFEBEBC0B00C046BAD94716B04B654C773A9D4D522050BCD6559DDBF1EA03400DD00B50CA4276928C95326B392749FF4CDD213F4CC60E99A15CC9AB0E00354C16B60FC94277A704CBCF93E9EFD20B6DCADFF62FF9DB96E9393BBCD200504B829B8792E5028A1222E7CBDFB346C6046E09000075C0BAD4BBDE7BBD6B65FF474FA6ACEBDFB3BADF4182F11A6B877C7F5E5500A8435EAFF767B240CE97607942AFD85B6661DE5C3725D575B0E8051F2B3B89536FAF2CA3409ECFE0D50480C40896EFC94279912C9CDFD4FD12FA987505DF7C19A6CC0072EB7036758BF53B1CF4F97C3F0A794A77C80FD17D437A9B655E450048207A62A02CA05F90F1BE9E302821335517E6D602FD833A9CA54C0FFE1E3256E82D7EF59068F9FD5E937F2FCFCACAFA01AF1E0024280990FB6561FDDF900579705C5DDDD7EA025F16F6B75987F4CEB1663AC743BEC76E797EBE9E84A91776AC6EB39A84C7B9F235C5657E8F691A7CF2F52F7125660048707A39F80A0245672B6F54B3F01F225FFB71455F5BC5D03B568E93D1B29259CA984A7E9705BC520090E064817D57999945D828BBB35C67263AB3F17ABD87A30C93B2E3B8CE5E42672EBA4F47F7A354F635BAAF85570C00127786F2FBAA16E256A83C16B2D0BF48FEBDBEECFFE9D1A387F9ECB3CF9A2B57AE34F7EEDD6B1617179B4A3F161414986BD6AC315F7AE925B34F9F3E15CD403E089E055FD98C296414C970F0CA014062CE521CB2407F5E8FA6AA6C412ECFEFB16627D7F97CBEC2D0E7FAF7EF1F088C13274E98915AB76E9D3970E0C0726121DFFF76BD006615BF8786DF32099E2EBC720090E0F4D05DEB0E89E3828715878C27BD5EEF91E0BFE5FF9AB366CD8A2A4CCA7AFBEDB74DBFDF1F1A1A27CA8688EEE097CFFB69F869B0F12A01403D0E1959987793B15616F0DF866EEADABA75AB69874F3EF9C4ECD9B367D959C912DDCC4688004092B10E172EDD87D2BD7BF7C03E123BE9F7CBCDCD0DDBC7920897890100D8CC3A7F25B0B0F77ABDB6CD502A9AB174EAD42974B6329CEA034012D1F350420F1BD67D283549F7B1841E6EAC9BC0781500204958D7D82A3DCAEBEBAFBF366BDA7DF7DD171A2CE3781500200958FB524ACF94D7C3866BC3860D1BC2CEBCD79321793500A09EB3CE19293DDA2B9E4387A3157A82A41EE2CCAB0100F59C7571C8C0827DFCF8F1666D9A3C79728567F30300EA6FA8CC092ED8F5D22BB54937B5856C025BCCAB0100F53F544A2F97B26FDFBE5A0D153D6F25F4B2F9BC1A0050FF43A5F4AAC5C18B43D616FD79A167D8F36A0040FD0F95D2857A5D20540080990A3315004085A1C23E1500806DA1C2D15F0000DB4285F3540000F69085F91D7575467DEFDEBDBFE58C7A0048227AED2FDD9FC1B5BF0000B6D07B9A845EA5B836662B65EE5DCF558A012059E8FD5464C15EC4FD54000076CD564A77D8FB7CBE9ABEF3E3B7DCF911009298DE2B5EEF191FBAD3BE86EE51FF0DF7A8078014200BF92B43378369B0D83563D1194A68A0E8CFD19F47D5012089B95CAE5B4283453785E93E967876DEEB3E94329BBC8EEBCDC1A83600A460B0048F0A5BB76E5DD4870D0F1A3428ECFA5ED60C8540018054A29BA642F7B1846E12D333EF57AF5E1DB85658F02294FA51F79968F0E899F2A1273686EE4361931700A428DD896E1D15565C3620A21C7A25E4E1EC94070004CE639119C6C8D033EF231CFBF4C4468FC7731955040084D14BBA58D70A1B665DDD785B0521B2582F0EA9D7F2E2D22B00000000000000000000000000000000000000EA83FF0775B5AA5D4ADC40BE0000000049454E44AE426082, '1');

-- ----------------------------
-- Table structure for `act_ge_property`
-- ----------------------------
DROP TABLE IF EXISTS `act_ge_property`;
CREATE TABLE `act_ge_property` (
  `NAME_` varchar(64) COLLATE utf8_bin NOT NULL,
  `VALUE_` varchar(300) COLLATE utf8_bin DEFAULT NULL,
  `REV_` int(11) DEFAULT NULL,
  PRIMARY KEY (`NAME_`)
) ENGINE=InnoDB DEFAULT CHARSET=utf8 COLLATE=utf8_bin;

-- ----------------------------
-- Records of act_ge_property
-- ----------------------------
INSERT INTO `act_ge_property` VALUES ('next.dbid', '20001', '9');
INSERT INTO `act_ge_property` VALUES ('schema.history', 'create(5.22.0.0)', '1');
INSERT INTO `act_ge_property` VALUES ('schema.version', '5.22.0.0', '1');

-- ----------------------------
-- Table structure for `act_hi_actinst`
-- ----------------------------
DROP TABLE IF EXISTS `act_hi_actinst`;
CREATE TABLE `act_hi_actinst` (
  `ID_` varchar(64) COLLATE utf8_bin NOT NULL,
  `PROC_DEF_ID_` varchar(64) COLLATE utf8_bin NOT NULL,
  `PROC_INST_ID_` varchar(64) COLLATE utf8_bin NOT NULL,
  `EXECUTION_ID_` varchar(64) COLLATE utf8_bin NOT NULL,
  `ACT_ID_` varchar(255) COLLATE utf8_bin NOT NULL,
  `TASK_ID_` varchar(64) COLLATE utf8_bin DEFAULT NULL,
  `CALL_PROC_INST_ID_` varchar(64) COLLATE utf8_bin DEFAULT NULL,
  `ACT_NAME_` varchar(255) COLLATE utf8_bin DEFAULT NULL,
  `ACT_TYPE_` varchar(255) COLLATE utf8_bin NOT NULL,
  `ASSIGNEE_` varchar(255) COLLATE utf8_bin DEFAULT NULL,
  `START_TIME_` datetime(3) NOT NULL,
  `END_TIME_` datetime(3) DEFAULT NULL,
  `DURATION_` bigint(20) DEFAULT NULL,
  `TENANT_ID_` varchar(255) COLLATE utf8_bin DEFAULT '',
  PRIMARY KEY (`ID_`),
  KEY `ACT_IDX_HI_ACT_INST_START` (`START_TIME_`),
  KEY `ACT_IDX_HI_ACT_INST_END` (`END_TIME_`),
  KEY `ACT_IDX_HI_ACT_INST_PROCINST` (`PROC_INST_ID_`,`ACT_ID_`),
  KEY `ACT_IDX_HI_ACT_INST_EXEC` (`EXECUTION_ID_`,`ACT_ID_`)
) ENGINE=InnoDB DEFAULT CHARSET=utf8 COLLATE=utf8_bin;

-- ----------------------------
-- Records of act_hi_actinst
-- ----------------------------
INSERT INTO `act_hi_actinst` VALUES ('10', 'process_check:1:4', '5', '5', '_4', '11', null, 'CheckTask', 'userTask', null, '2018-07-12 10:16:52.835', null, null, '');
INSERT INTO `act_hi_actinst` VALUES ('10002', 'process_check:1:4', '10001', '10001', '_2', null, null, 'StartEvent', 'startEvent', null, '2018-07-12 10:44:03.185', '2018-07-12 10:44:03.202', '17', '');
INSERT INTO `act_hi_actinst` VALUES ('10009', 'process_check:1:4', '10001', '10001', '_4', '10010', null, 'CheckTask', 'userTask', '管理员', '2018-07-12 10:44:03.203', '2018-07-12 10:44:03.293', '90', '');
INSERT INTO `act_hi_actinst` VALUES ('10012', 'process_check:1:4', '10001', '10001', '_9', null, null, 'DaysGateway', 'exclusiveGateway', null, '2018-07-12 10:44:03.293', '2018-07-12 10:44:03.301', '8', '');
INSERT INTO `act_hi_actinst` VALUES ('10013', 'process_check:1:4', '10001', '10001', '_5', '10014', null, 'DirectTask', 'userTask', '张三', '2018-07-12 10:44:03.301', null, null, '');
INSERT INTO `act_hi_actinst` VALUES ('12502', 'process_check:1:4', '12501', '12501', '_2', null, null, 'StartEvent', 'startEvent', null, '2018-07-12 11:02:43.629', '2018-07-12 11:02:43.647', '18', '');
INSERT INTO `act_hi_actinst` VALUES ('12509', 'process_check:1:4', '12501', '12501', '_4', '12510', null, 'CheckTask', 'userTask', '管理员', '2018-07-12 11:02:43.648', '2018-07-12 11:02:43.725', '77', '');
INSERT INTO `act_hi_actinst` VALUES ('12512', 'process_check:1:4', '12501', '12501', '_9', null, null, 'DaysGateway', 'exclusiveGateway', null, '2018-07-12 11:02:43.725', '2018-07-12 11:02:43.737', '12', '');
INSERT INTO `act_hi_actinst` VALUES ('12513', 'process_check:1:4', '12501', '12501', '_5', '12514', null, 'DirectTask', 'userTask', '张三', '2018-07-12 11:02:43.737', '2018-07-12 11:06:55.150', '251413', '');
INSERT INTO `act_hi_actinst` VALUES ('12516', 'process_check:1:4', '12501', '12501', '_3', null, null, 'EndEvent', 'endEvent', null, '2018-07-12 11:06:55.150', '2018-07-12 11:06:55.150', '0', '');
INSERT INTO `act_hi_actinst` VALUES ('12518', 'process_check:1:4', '12517', '12517', '_2', null, null, 'StartEvent', 'startEvent', null, '2018-07-12 11:09:11.478', '2018-07-12 11:09:11.479', '1', '');
INSERT INTO `act_hi_actinst` VALUES ('12525', 'process_check:1:4', '12517', '12517', '_4', '12526', null, 'CheckTask', 'userTask', '管理员', '2018-07-12 11:09:11.480', '2018-07-12 11:09:11.533', '53', '');
INSERT INTO `act_hi_actinst` VALUES ('12528', 'process_check:1:4', '12517', '12517', '_9', null, null, 'DaysGateway', 'exclusiveGateway', null, '2018-07-12 11:09:11.533', '2018-07-12 11:09:11.534', '1', '');
INSERT INTO `act_hi_actinst` VALUES ('12529', 'process_check:1:4', '12517', '12517', '_10', '12530', null, 'SumTask', 'userTask', '张三', '2018-07-12 11:09:11.534', '2018-07-12 11:09:35.852', '24318', '');
INSERT INTO `act_hi_actinst` VALUES ('12532', 'process_check:1:4', '12517', '12517', '_3', null, null, 'EndEvent', 'endEvent', null, '2018-07-12 11:09:35.852', '2018-07-12 11:09:35.852', '0', '');
INSERT INTO `act_hi_actinst` VALUES ('15002', 'process_check:1:4', '15001', '15001', '_2', null, null, 'StartEvent', 'startEvent', null, '2018-07-12 18:34:49.545', '2018-07-12 18:34:49.564', '19', '');
INSERT INTO `act_hi_actinst` VALUES ('15009', 'process_check:1:4', '15001', '15001', '_4', '15010', null, 'CheckTask', 'userTask', '管理员', '2018-07-12 18:34:49.564', '2018-07-12 18:34:49.656', '92', '');
INSERT INTO `act_hi_actinst` VALUES ('15012', 'process_check:1:4', '15001', '15001', '_9', null, null, 'DaysGateway', 'exclusiveGateway', null, '2018-07-12 18:34:49.656', '2018-07-12 18:34:49.664', '8', '');
INSERT INTO `act_hi_actinst` VALUES ('15013', 'process_check:1:4', '15001', '15001', '_5', '15014', null, 'DirectTask', 'userTask', '张三', '2018-07-12 18:34:49.664', null, null, '');
INSERT INTO `act_hi_actinst` VALUES ('17502', 'process_check:1:4', '17501', '17501', '_2', null, null, 'StartEvent', 'startEvent', null, '2018-07-14 16:05:51.920', '2018-07-14 16:05:51.940', '20', '');
INSERT INTO `act_hi_actinst` VALUES ('17509', 'process_check:1:4', '17501', '17501', '_4', '17510', null, 'CheckTask', 'userTask', '管理员', '2018-07-14 16:05:51.940', '2018-07-14 16:05:52.068', '128', '');
INSERT INTO `act_hi_actinst` VALUES ('17512', 'process_check:1:4', '17501', '17501', '_9', null, null, 'DaysGateway', 'exclusiveGateway', null, '2018-07-14 16:05:52.068', '2018-07-14 16:05:52.076', '8', '');
INSERT INTO `act_hi_actinst` VALUES ('17513', 'process_check:1:4', '17501', '17501', '_10', '17514', null, 'SumTask', 'userTask', '张三', '2018-07-14 16:05:52.076', null, null, '');
INSERT INTO `act_hi_actinst` VALUES ('2502', 'process_check:1:4', '2501', '2501', '_2', null, null, 'StartEvent', 'startEvent', null, '2018-07-12 10:19:46.929', '2018-07-12 10:19:46.950', '21', '');
INSERT INTO `act_hi_actinst` VALUES ('2507', 'process_check:1:4', '2501', '2501', '_4', '2508', null, 'CheckTask', 'userTask', null, '2018-07-12 10:19:46.950', '2018-07-12 10:19:47.105', '155', '');
INSERT INTO `act_hi_actinst` VALUES ('2509', 'process_check:1:4', '2501', '2501', '_9', null, null, 'DaysGateway', 'exclusiveGateway', null, '2018-07-12 10:19:47.105', '2018-07-12 10:19:47.115', '10', '');
INSERT INTO `act_hi_actinst` VALUES ('2510', 'process_check:1:4', '2501', '2501', '_5', '2511', null, 'DirectTask', 'userTask', '张三', '2018-07-12 10:19:47.115', null, null, '');
INSERT INTO `act_hi_actinst` VALUES ('5002', 'process_check:1:4', '5001', '5001', '_2', null, null, 'StartEvent', 'startEvent', null, '2018-07-12 10:35:24.836', '2018-07-12 10:35:24.849', '13', '');
INSERT INTO `act_hi_actinst` VALUES ('5009', 'process_check:1:4', '5001', '5001', '_4', '5010', null, 'CheckTask', 'userTask', null, '2018-07-12 10:35:24.850', '2018-07-12 10:35:24.928', '78', '');
INSERT INTO `act_hi_actinst` VALUES ('5011', 'process_check:1:4', '5001', '5001', '_9', null, null, 'DaysGateway', 'exclusiveGateway', null, '2018-07-12 10:35:24.928', '2018-07-12 10:35:24.936', '8', '');
INSERT INTO `act_hi_actinst` VALUES ('5012', 'process_check:1:4', '5001', '5001', '_5', '5013', null, 'DirectTask', 'userTask', '张三', '2018-07-12 10:35:24.936', null, null, '');
INSERT INTO `act_hi_actinst` VALUES ('6', 'process_check:1:4', '5', '5', '_2', null, null, 'StartEvent', 'startEvent', null, '2018-07-12 10:16:52.812', '2018-07-12 10:16:52.834', '22', '');
INSERT INTO `act_hi_actinst` VALUES ('7502', 'process_check:1:4', '7501', '7501', '_2', null, null, 'StartEvent', 'startEvent', null, '2018-07-12 10:37:26.139', '2018-07-12 10:37:26.154', '15', '');
INSERT INTO `act_hi_actinst` VALUES ('7509', 'process_check:1:4', '7501', '7501', '_4', '7510', null, 'CheckTask', 'userTask', null, '2018-07-12 10:37:26.154', '2018-07-12 10:37:26.239', '85', '');
INSERT INTO `act_hi_actinst` VALUES ('7511', 'process_check:1:4', '7501', '7501', '_9', null, null, 'DaysGateway', 'exclusiveGateway', null, '2018-07-12 10:37:26.239', '2018-07-12 10:37:26.247', '8', '');
INSERT INTO `act_hi_actinst` VALUES ('7512', 'process_check:1:4', '7501', '7501', '_5', '7513', null, 'DirectTask', 'userTask', '张三', '2018-07-12 10:37:26.247', null, null, '');

-- ----------------------------
-- Table structure for `act_hi_attachment`
-- ----------------------------
DROP TABLE IF EXISTS `act_hi_attachment`;
CREATE TABLE `act_hi_attachment` (
  `ID_` varchar(64) COLLATE utf8_bin NOT NULL,
  `REV_` int(11) DEFAULT NULL,
  `USER_ID_` varchar(255) COLLATE utf8_bin DEFAULT NULL,
  `NAME_` varchar(255) COLLATE utf8_bin DEFAULT NULL,
  `DESCRIPTION_` varchar(4000) COLLATE utf8_bin DEFAULT NULL,
  `TYPE_` varchar(255) COLLATE utf8_bin DEFAULT NULL,
  `TASK_ID_` varchar(64) COLLATE utf8_bin DEFAULT NULL,
  `PROC_INST_ID_` varchar(64) COLLATE utf8_bin DEFAULT NULL,
  `URL_` varchar(4000) COLLATE utf8_bin DEFAULT NULL,
  `CONTENT_ID_` varchar(64) COLLATE utf8_bin DEFAULT NULL,
  `TIME_` datetime(3) DEFAULT NULL,
  PRIMARY KEY (`ID_`)
) ENGINE=InnoDB DEFAULT CHARSET=utf8 COLLATE=utf8_bin;

-- ----------------------------
-- Records of act_hi_attachment
-- ----------------------------

-- ----------------------------
-- Table structure for `act_hi_comment`
-- ----------------------------
DROP TABLE IF EXISTS `act_hi_comment`;
CREATE TABLE `act_hi_comment` (
  `ID_` varchar(64) COLLATE utf8_bin NOT NULL,
  `TYPE_` varchar(255) COLLATE utf8_bin DEFAULT NULL,
  `TIME_` datetime(3) NOT NULL,
  `USER_ID_` varchar(255) COLLATE utf8_bin DEFAULT NULL,
  `TASK_ID_` varchar(64) COLLATE utf8_bin DEFAULT NULL,
  `PROC_INST_ID_` varchar(64) COLLATE utf8_bin DEFAULT NULL,
  `ACTION_` varchar(255) COLLATE utf8_bin DEFAULT NULL,
  `MESSAGE_` varchar(4000) COLLATE utf8_bin DEFAULT NULL,
  `FULL_MSG_` longblob,
  PRIMARY KEY (`ID_`)
) ENGINE=InnoDB DEFAULT CHARSET=utf8 COLLATE=utf8_bin;

-- ----------------------------
-- Records of act_hi_comment
-- ----------------------------

-- ----------------------------
-- Table structure for `act_hi_detail`
-- ----------------------------
DROP TABLE IF EXISTS `act_hi_detail`;
CREATE TABLE `act_hi_detail` (
  `ID_` varchar(64) COLLATE utf8_bin NOT NULL,
  `TYPE_` varchar(255) COLLATE utf8_bin NOT NULL,
  `PROC_INST_ID_` varchar(64) COLLATE utf8_bin DEFAULT NULL,
  `EXECUTION_ID_` varchar(64) COLLATE utf8_bin DEFAULT NULL,
  `TASK_ID_` varchar(64) COLLATE utf8_bin DEFAULT NULL,
  `ACT_INST_ID_` varchar(64) COLLATE utf8_bin DEFAULT NULL,
  `NAME_` varchar(255) COLLATE utf8_bin NOT NULL,
  `VAR_TYPE_` varchar(255) COLLATE utf8_bin DEFAULT NULL,
  `REV_` int(11) DEFAULT NULL,
  `TIME_` datetime(3) NOT NULL,
  `BYTEARRAY_ID_` varchar(64) COLLATE utf8_bin DEFAULT NULL,
  `DOUBLE_` double DEFAULT NULL,
  `LONG_` bigint(20) DEFAULT NULL,
  `TEXT_` varchar(4000) COLLATE utf8_bin DEFAULT NULL,
  `TEXT2_` varchar(4000) COLLATE utf8_bin DEFAULT NULL,
  PRIMARY KEY (`ID_`),
  KEY `ACT_IDX_HI_DETAIL_PROC_INST` (`PROC_INST_ID_`),
  KEY `ACT_IDX_HI_DETAIL_ACT_INST` (`ACT_INST_ID_`),
  KEY `ACT_IDX_HI_DETAIL_TIME` (`TIME_`),
  KEY `ACT_IDX_HI_DETAIL_NAME` (`NAME_`),
  KEY `ACT_IDX_HI_DETAIL_TASK_ID` (`TASK_ID_`)
) ENGINE=InnoDB DEFAULT CHARSET=utf8 COLLATE=utf8_bin;

-- ----------------------------
-- Records of act_hi_detail
-- ----------------------------

-- ----------------------------
-- Table structure for `act_hi_identitylink`
-- ----------------------------
DROP TABLE IF EXISTS `act_hi_identitylink`;
CREATE TABLE `act_hi_identitylink` (
  `ID_` varchar(64) COLLATE utf8_bin NOT NULL,
  `GROUP_ID_` varchar(255) COLLATE utf8_bin DEFAULT NULL,
  `TYPE_` varchar(255) COLLATE utf8_bin DEFAULT NULL,
  `USER_ID_` varchar(255) COLLATE utf8_bin DEFAULT NULL,
  `TASK_ID_` varchar(64) COLLATE utf8_bin DEFAULT NULL,
  `PROC_INST_ID_` varchar(64) COLLATE utf8_bin DEFAULT NULL,
  PRIMARY KEY (`ID_`),
  KEY `ACT_IDX_HI_IDENT_LNK_USER` (`USER_ID_`),
  KEY `ACT_IDX_HI_IDENT_LNK_TASK` (`TASK_ID_`),
  KEY `ACT_IDX_HI_IDENT_LNK_PROCINST` (`PROC_INST_ID_`)
) ENGINE=InnoDB DEFAULT CHARSET=utf8 COLLATE=utf8_bin;

-- ----------------------------
-- Records of act_hi_identitylink
-- ----------------------------
INSERT INTO `act_hi_identitylink` VALUES ('10011', null, 'participant', '管理员', null, '10001');
INSERT INTO `act_hi_identitylink` VALUES ('10015', null, 'participant', '张三', null, '10001');
INSERT INTO `act_hi_identitylink` VALUES ('12511', null, 'participant', '管理员', null, '12501');
INSERT INTO `act_hi_identitylink` VALUES ('12515', null, 'participant', '张三', null, '12501');
INSERT INTO `act_hi_identitylink` VALUES ('12527', null, 'participant', '管理员', null, '12517');
INSERT INTO `act_hi_identitylink` VALUES ('12531', null, 'participant', '张三', null, '12517');
INSERT INTO `act_hi_identitylink` VALUES ('15011', null, 'participant', '管理员', null, '15001');
INSERT INTO `act_hi_identitylink` VALUES ('15015', null, 'participant', '张三', null, '15001');
INSERT INTO `act_hi_identitylink` VALUES ('17511', null, 'participant', '管理员', null, '17501');
INSERT INTO `act_hi_identitylink` VALUES ('17515', null, 'participant', '张三', null, '17501');
INSERT INTO `act_hi_identitylink` VALUES ('2512', null, 'participant', '张三', null, '2501');
INSERT INTO `act_hi_identitylink` VALUES ('5014', null, 'participant', '张三', null, '5001');
INSERT INTO `act_hi_identitylink` VALUES ('7514', null, 'participant', '张三', null, '7501');

-- ----------------------------
-- Table structure for `act_hi_procinst`
-- ----------------------------
DROP TABLE IF EXISTS `act_hi_procinst`;
CREATE TABLE `act_hi_procinst` (
  `ID_` varchar(64) COLLATE utf8_bin NOT NULL,
  `PROC_INST_ID_` varchar(64) COLLATE utf8_bin NOT NULL,
  `BUSINESS_KEY_` varchar(255) COLLATE utf8_bin DEFAULT NULL,
  `PROC_DEF_ID_` varchar(64) COLLATE utf8_bin NOT NULL,
  `START_TIME_` datetime(3) NOT NULL,
  `END_TIME_` datetime(3) DEFAULT NULL,
  `DURATION_` bigint(20) DEFAULT NULL,
  `START_USER_ID_` varchar(255) COLLATE utf8_bin DEFAULT NULL,
  `START_ACT_ID_` varchar(255) COLLATE utf8_bin DEFAULT NULL,
  `END_ACT_ID_` varchar(255) COLLATE utf8_bin DEFAULT NULL,
  `SUPER_PROCESS_INSTANCE_ID_` varchar(64) COLLATE utf8_bin DEFAULT NULL,
  `DELETE_REASON_` varchar(4000) COLLATE utf8_bin DEFAULT NULL,
  `TENANT_ID_` varchar(255) COLLATE utf8_bin DEFAULT '',
  `NAME_` varchar(255) COLLATE utf8_bin DEFAULT NULL,
  PRIMARY KEY (`ID_`),
  UNIQUE KEY `PROC_INST_ID_` (`PROC_INST_ID_`),
  KEY `ACT_IDX_HI_PRO_INST_END` (`END_TIME_`),
  KEY `ACT_IDX_HI_PRO_I_BUSKEY` (`BUSINESS_KEY_`)
) ENGINE=InnoDB DEFAULT CHARSET=utf8 COLLATE=utf8_bin;

-- ----------------------------
-- Records of act_hi_procinst
-- ----------------------------
INSERT INTO `act_hi_procinst` VALUES ('10001', '10001', null, 'process_check:1:4', '2018-07-12 10:44:03.185', null, null, null, '_2', null, null, null, '', null);
INSERT INTO `act_hi_procinst` VALUES ('12501', '12501', null, 'process_check:1:4', '2018-07-12 11:02:43.629', '2018-07-12 11:06:55.152', '251523', null, '_2', '_3', null, null, '', null);
INSERT INTO `act_hi_procinst` VALUES ('12517', '12517', null, 'process_check:1:4', '2018-07-12 11:09:11.478', '2018-07-12 11:09:35.853', '24375', null, '_2', '_3', null, null, '', null);
INSERT INTO `act_hi_procinst` VALUES ('15001', '15001', null, 'process_check:1:4', '2018-07-12 18:34:49.545', null, null, null, '_2', null, null, null, '', null);
INSERT INTO `act_hi_procinst` VALUES ('17501', '17501', null, 'process_check:1:4', '2018-07-14 16:05:51.920', null, null, null, '_2', null, null, null, '', null);
INSERT INTO `act_hi_procinst` VALUES ('2501', '2501', null, 'process_check:1:4', '2018-07-12 10:19:46.929', null, null, null, '_2', null, null, null, '', null);
INSERT INTO `act_hi_procinst` VALUES ('5', '5', null, 'process_check:1:4', '2018-07-12 10:16:52.812', null, null, null, '_2', null, null, null, '', null);
INSERT INTO `act_hi_procinst` VALUES ('5001', '5001', null, 'process_check:1:4', '2018-07-12 10:35:24.836', null, null, null, '_2', null, null, null, '', null);
INSERT INTO `act_hi_procinst` VALUES ('7501', '7501', null, 'process_check:1:4', '2018-07-12 10:37:26.139', null, null, null, '_2', null, null, null, '', null);

-- ----------------------------
-- Table structure for `act_hi_taskinst`
-- ----------------------------
DROP TABLE IF EXISTS `act_hi_taskinst`;
CREATE TABLE `act_hi_taskinst` (
  `ID_` varchar(64) COLLATE utf8_bin NOT NULL,
  `PROC_DEF_ID_` varchar(64) COLLATE utf8_bin DEFAULT NULL,
  `TASK_DEF_KEY_` varchar(255) COLLATE utf8_bin DEFAULT NULL,
  `PROC_INST_ID_` varchar(64) COLLATE utf8_bin DEFAULT NULL,
  `EXECUTION_ID_` varchar(64) COLLATE utf8_bin DEFAULT NULL,
  `NAME_` varchar(255) COLLATE utf8_bin DEFAULT NULL,
  `PARENT_TASK_ID_` varchar(64) COLLATE utf8_bin DEFAULT NULL,
  `DESCRIPTION_` varchar(4000) COLLATE utf8_bin DEFAULT NULL,
  `OWNER_` varchar(255) COLLATE utf8_bin DEFAULT NULL,
  `ASSIGNEE_` varchar(255) COLLATE utf8_bin DEFAULT NULL,
  `START_TIME_` datetime(3) NOT NULL,
  `CLAIM_TIME_` datetime(3) DEFAULT NULL,
  `END_TIME_` datetime(3) DEFAULT NULL,
  `DURATION_` bigint(20) DEFAULT NULL,
  `DELETE_REASON_` varchar(4000) COLLATE utf8_bin DEFAULT NULL,
  `PRIORITY_` int(11) DEFAULT NULL,
  `DUE_DATE_` datetime(3) DEFAULT NULL,
  `FORM_KEY_` varchar(255) COLLATE utf8_bin DEFAULT NULL,
  `CATEGORY_` varchar(255) COLLATE utf8_bin DEFAULT NULL,
  `TENANT_ID_` varchar(255) COLLATE utf8_bin DEFAULT '',
  PRIMARY KEY (`ID_`),
  KEY `ACT_IDX_HI_TASK_INST_PROCINST` (`PROC_INST_ID_`)
) ENGINE=InnoDB DEFAULT CHARSET=utf8 COLLATE=utf8_bin;

-- ----------------------------
-- Records of act_hi_taskinst
-- ----------------------------
INSERT INTO `act_hi_taskinst` VALUES ('10010', 'process_check:1:4', '_4', '10001', '10001', 'CheckTask', null, null, null, '管理员', '2018-07-12 10:44:03.205', null, '2018-07-12 10:44:03.288', '83', 'completed', '50', null, null, null, '');
INSERT INTO `act_hi_taskinst` VALUES ('10014', 'process_check:1:4', '_5', '10001', '10001', 'DirectTask', null, null, null, '张三', '2018-07-12 10:44:03.301', null, null, null, null, '50', null, null, null, '');
INSERT INTO `act_hi_taskinst` VALUES ('11', 'process_check:1:4', '_4', '5', '5', 'CheckTask', null, null, null, null, '2018-07-12 10:16:52.839', null, null, null, null, '50', null, null, null, '');
INSERT INTO `act_hi_taskinst` VALUES ('12510', 'process_check:1:4', '_4', '12501', '12501', 'CheckTask', null, null, null, '管理员', '2018-07-12 11:02:43.649', null, '2018-07-12 11:02:43.720', '71', 'completed', '50', null, null, null, '');
INSERT INTO `act_hi_taskinst` VALUES ('12514', 'process_check:1:4', '_5', '12501', '12501', 'DirectTask', null, null, null, '张三', '2018-07-12 11:02:43.737', null, '2018-07-12 11:06:55.146', '251409', 'completed', '50', null, null, null, '');
INSERT INTO `act_hi_taskinst` VALUES ('12526', 'process_check:1:4', '_4', '12517', '12517', 'CheckTask', null, null, null, '管理员', '2018-07-12 11:09:11.480', null, '2018-07-12 11:09:11.531', '51', 'completed', '50', null, null, null, '');
INSERT INTO `act_hi_taskinst` VALUES ('12530', 'process_check:1:4', '_10', '12517', '12517', 'SumTask', null, null, null, '张三', '2018-07-12 11:09:11.534', null, '2018-07-12 11:09:35.850', '24316', 'completed', '50', null, null, null, '');
INSERT INTO `act_hi_taskinst` VALUES ('15010', 'process_check:1:4', '_4', '15001', '15001', 'CheckTask', null, null, null, '管理员', '2018-07-12 18:34:49.567', null, '2018-07-12 18:34:49.652', '85', 'completed', '50', null, null, null, '');
INSERT INTO `act_hi_taskinst` VALUES ('15014', 'process_check:1:4', '_5', '15001', '15001', 'DirectTask', null, null, null, '张三', '2018-07-12 18:34:49.664', null, null, null, null, '50', null, null, null, '');
INSERT INTO `act_hi_taskinst` VALUES ('17510', 'process_check:1:4', '_4', '17501', '17501', 'CheckTask', null, null, null, '管理员', '2018-07-14 16:05:51.942', null, '2018-07-14 16:05:52.061', '119', 'completed', '50', null, null, null, '');
INSERT INTO `act_hi_taskinst` VALUES ('17514', 'process_check:1:4', '_10', '17501', '17501', 'SumTask', null, null, null, '张三', '2018-07-14 16:05:52.076', null, null, null, null, '50', null, null, null, '');
INSERT INTO `act_hi_taskinst` VALUES ('2508', 'process_check:1:4', '_4', '2501', '2501', 'CheckTask', null, null, null, null, '2018-07-12 10:19:46.953', null, '2018-07-12 10:19:47.095', '142', 'completed', '50', null, null, null, '');
INSERT INTO `act_hi_taskinst` VALUES ('2511', 'process_check:1:4', '_5', '2501', '2501', 'DirectTask', null, null, null, '张三', '2018-07-12 10:19:47.115', null, null, null, null, '50', null, null, null, '');
INSERT INTO `act_hi_taskinst` VALUES ('5010', 'process_check:1:4', '_4', '5001', '5001', 'CheckTask', null, null, null, null, '2018-07-12 10:35:24.853', null, '2018-07-12 10:35:24.923', '70', 'completed', '50', null, null, null, '');
INSERT INTO `act_hi_taskinst` VALUES ('5013', 'process_check:1:4', '_5', '5001', '5001', 'DirectTask', null, null, null, '张三', '2018-07-12 10:35:24.936', null, null, null, null, '50', null, null, null, '');
INSERT INTO `act_hi_taskinst` VALUES ('7510', 'process_check:1:4', '_4', '7501', '7501', 'CheckTask', null, null, null, null, '2018-07-12 10:37:26.156', null, '2018-07-12 10:37:26.234', '78', 'completed', '50', null, null, null, '');
INSERT INTO `act_hi_taskinst` VALUES ('7513', 'process_check:1:4', '_5', '7501', '7501', 'DirectTask', null, null, null, '张三', '2018-07-12 10:37:26.247', null, null, null, null, '50', null, null, null, '');

-- ----------------------------
-- Table structure for `act_hi_varinst`
-- ----------------------------
DROP TABLE IF EXISTS `act_hi_varinst`;
CREATE TABLE `act_hi_varinst` (
  `ID_` varchar(64) COLLATE utf8_bin NOT NULL,
  `PROC_INST_ID_` varchar(64) COLLATE utf8_bin DEFAULT NULL,
  `EXECUTION_ID_` varchar(64) COLLATE utf8_bin DEFAULT NULL,
  `TASK_ID_` varchar(64) COLLATE utf8_bin DEFAULT NULL,
  `NAME_` varchar(255) COLLATE utf8_bin NOT NULL,
  `VAR_TYPE_` varchar(100) COLLATE utf8_bin DEFAULT NULL,
  `REV_` int(11) DEFAULT NULL,
  `BYTEARRAY_ID_` varchar(64) COLLATE utf8_bin DEFAULT NULL,
  `DOUBLE_` double DEFAULT NULL,
  `LONG_` bigint(20) DEFAULT NULL,
  `TEXT_` varchar(4000) COLLATE utf8_bin DEFAULT NULL,
  `TEXT2_` varchar(4000) COLLATE utf8_bin DEFAULT NULL,
  `CREATE_TIME_` datetime(3) DEFAULT NULL,
  `LAST_UPDATED_TIME_` datetime(3) DEFAULT NULL,
  PRIMARY KEY (`ID_`),
  KEY `ACT_IDX_HI_PROCVAR_PROC_INST` (`PROC_INST_ID_`),
  KEY `ACT_IDX_HI_PROCVAR_NAME_TYPE` (`NAME_`,`VAR_TYPE_`),
  KEY `ACT_IDX_HI_PROCVAR_TASK_ID` (`TASK_ID_`)
) ENGINE=InnoDB DEFAULT CHARSET=utf8 COLLATE=utf8_bin;

-- ----------------------------
-- Records of act_hi_varinst
-- ----------------------------
INSERT INTO `act_hi_varinst` VALUES ('10003', '10001', '10001', null, 'endDate', 'string', '1', null, null, null, '张三', null, '2018-07-12 10:44:03.185', '2018-07-12 10:44:03.280');
INSERT INTO `act_hi_varinst` VALUES ('10004', '10001', '10001', null, 'days', 'integer', '1', null, null, '1', '1', null, '2018-07-12 10:44:03.186', '2018-07-12 10:44:03.281');
INSERT INTO `act_hi_varinst` VALUES ('10005', '10001', '10001', null, 'managerName', 'string', '1', null, null, null, '张三', null, '2018-07-12 10:44:03.186', '2018-07-12 10:44:03.282');
INSERT INTO `act_hi_varinst` VALUES ('10006', '10001', '10001', null, 'startDate', 'string', '1', null, null, null, '张三', null, '2018-07-12 10:44:03.186', '2018-07-12 10:44:03.283');
INSERT INTO `act_hi_varinst` VALUES ('10007', '10001', '10001', null, 'startName', 'string', '1', null, null, null, '管理员', null, '2018-07-12 10:44:03.186', '2018-07-12 10:44:03.284');
INSERT INTO `act_hi_varinst` VALUES ('10008', '10001', '10001', null, 'resultName', 'string', '1', null, null, null, '张三', null, '2018-07-12 10:44:03.186', '2018-07-12 10:44:03.285');
INSERT INTO `act_hi_varinst` VALUES ('12503', '12501', '12501', null, 'endDate', 'string', '2', null, null, null, '张三', null, '2018-07-12 11:02:43.630', '2018-07-12 11:06:55.164');
INSERT INTO `act_hi_varinst` VALUES ('12504', '12501', '12501', null, 'days', 'integer', '2', null, null, '2', '2', null, '2018-07-12 11:02:43.630', '2018-07-12 11:06:55.164');
INSERT INTO `act_hi_varinst` VALUES ('12505', '12501', '12501', null, 'managerName', 'string', '2', null, null, null, '张三', null, '2018-07-12 11:02:43.630', '2018-07-12 11:06:55.164');
INSERT INTO `act_hi_varinst` VALUES ('12506', '12501', '12501', null, 'startDate', 'string', '2', null, null, null, '张三', null, '2018-07-12 11:02:43.630', '2018-07-12 11:06:55.164');
INSERT INTO `act_hi_varinst` VALUES ('12507', '12501', '12501', null, 'startName', 'string', '2', null, null, null, '管理员', null, '2018-07-12 11:02:43.631', '2018-07-12 11:06:55.164');
INSERT INTO `act_hi_varinst` VALUES ('12508', '12501', '12501', null, 'resultName', 'string', '2', null, null, null, '张三', null, '2018-07-12 11:02:43.631', '2018-07-12 11:06:55.164');
INSERT INTO `act_hi_varinst` VALUES ('12519', '12517', '12517', null, 'endDate', 'string', '2', null, null, null, '张三', null, '2018-07-12 11:09:11.478', '2018-07-12 11:09:35.858');
INSERT INTO `act_hi_varinst` VALUES ('12520', '12517', '12517', null, 'days', 'integer', '2', null, null, '4', '4', null, '2018-07-12 11:09:11.478', '2018-07-12 11:09:35.858');
INSERT INTO `act_hi_varinst` VALUES ('12521', '12517', '12517', null, 'managerName', 'string', '2', null, null, null, '张三', null, '2018-07-12 11:09:11.478', '2018-07-12 11:09:35.858');
INSERT INTO `act_hi_varinst` VALUES ('12522', '12517', '12517', null, 'startDate', 'string', '2', null, null, null, '张三', null, '2018-07-12 11:09:11.478', '2018-07-12 11:09:35.858');
INSERT INTO `act_hi_varinst` VALUES ('12523', '12517', '12517', null, 'startName', 'string', '2', null, null, null, '管理员', null, '2018-07-12 11:09:11.478', '2018-07-12 11:09:35.858');
INSERT INTO `act_hi_varinst` VALUES ('12524', '12517', '12517', null, 'resultName', 'string', '2', null, null, null, '张三', null, '2018-07-12 11:09:11.478', '2018-07-12 11:09:35.858');
INSERT INTO `act_hi_varinst` VALUES ('15003', '15001', '15001', null, 'endDate', 'string', '1', null, null, null, '张三', null, '2018-07-12 18:34:49.546', '2018-07-12 18:34:49.645');
INSERT INTO `act_hi_varinst` VALUES ('15004', '15001', '15001', null, 'days', 'integer', '1', null, null, '2', '2', null, '2018-07-12 18:34:49.547', '2018-07-12 18:34:49.646');
INSERT INTO `act_hi_varinst` VALUES ('15005', '15001', '15001', null, 'managerName', 'string', '1', null, null, null, '张三', null, '2018-07-12 18:34:49.547', '2018-07-12 18:34:49.646');
INSERT INTO `act_hi_varinst` VALUES ('15006', '15001', '15001', null, 'startDate', 'string', '1', null, null, null, '张三', null, '2018-07-12 18:34:49.547', '2018-07-12 18:34:49.647');
INSERT INTO `act_hi_varinst` VALUES ('15007', '15001', '15001', null, 'startName', 'string', '1', null, null, null, '管理员', null, '2018-07-12 18:34:49.547', '2018-07-12 18:34:49.648');
INSERT INTO `act_hi_varinst` VALUES ('15008', '15001', '15001', null, 'resultName', 'string', '1', null, null, null, '张三', null, '2018-07-12 18:34:49.547', '2018-07-12 18:34:49.649');
INSERT INTO `act_hi_varinst` VALUES ('17503', '17501', '17501', null, 'endDate', 'string', '1', null, null, null, '张三', null, '2018-07-14 16:05:51.921', '2018-07-14 16:05:52.055');
INSERT INTO `act_hi_varinst` VALUES ('17504', '17501', '17501', null, 'days', 'integer', '1', null, null, '5', '5', null, '2018-07-14 16:05:51.921', '2018-07-14 16:05:52.056');
INSERT INTO `act_hi_varinst` VALUES ('17505', '17501', '17501', null, 'managerName', 'string', '1', null, null, null, '张三', null, '2018-07-14 16:05:51.921', '2018-07-14 16:05:52.056');
INSERT INTO `act_hi_varinst` VALUES ('17506', '17501', '17501', null, 'startDate', 'string', '1', null, null, null, '张三', null, '2018-07-14 16:05:51.921', '2018-07-14 16:05:52.057');
INSERT INTO `act_hi_varinst` VALUES ('17507', '17501', '17501', null, 'startName', 'string', '1', null, null, null, '管理员', null, '2018-07-14 16:05:51.921', '2018-07-14 16:05:52.058');
INSERT INTO `act_hi_varinst` VALUES ('17508', '17501', '17501', null, 'resultName', 'string', '1', null, null, null, '张三', null, '2018-07-14 16:05:51.921', '2018-07-14 16:05:52.059');
INSERT INTO `act_hi_varinst` VALUES ('2503', '2501', '2501', null, 'days', 'integer', '1', null, null, '2', '2', null, '2018-07-12 10:19:46.929', '2018-07-12 10:19:47.086');
INSERT INTO `act_hi_varinst` VALUES ('2504', '2501', '2501', null, 'managerName', 'string', '1', null, null, null, '张三', null, '2018-07-12 10:19:46.931', '2018-07-12 10:19:47.087');
INSERT INTO `act_hi_varinst` VALUES ('2505', '2501', '2501', null, 'startName', 'null', '1', null, null, null, null, null, '2018-07-12 10:19:46.931', '2018-07-12 10:19:47.089');
INSERT INTO `act_hi_varinst` VALUES ('2506', '2501', '2501', null, 'resultName', 'string', '1', null, null, null, '张三', null, '2018-07-12 10:19:46.931', '2018-07-12 10:19:47.090');
INSERT INTO `act_hi_varinst` VALUES ('5003', '5001', '5001', null, 'endDate', 'string', '1', null, null, null, '张三', null, '2018-07-12 10:35:24.836', '2018-07-12 10:35:24.915');
INSERT INTO `act_hi_varinst` VALUES ('5004', '5001', '5001', null, 'days', 'integer', '1', null, null, '2', '2', null, '2018-07-12 10:35:24.837', '2018-07-12 10:35:24.916');
INSERT INTO `act_hi_varinst` VALUES ('5005', '5001', '5001', null, 'managerName', 'string', '1', null, null, null, '张三', null, '2018-07-12 10:35:24.837', '2018-07-12 10:35:24.917');
INSERT INTO `act_hi_varinst` VALUES ('5006', '5001', '5001', null, 'startDate', 'string', '1', null, null, null, '张三', null, '2018-07-12 10:35:24.837', '2018-07-12 10:35:24.918');
INSERT INTO `act_hi_varinst` VALUES ('5007', '5001', '5001', null, 'startName', 'null', '1', null, null, null, null, null, '2018-07-12 10:35:24.837', '2018-07-12 10:35:24.918');
INSERT INTO `act_hi_varinst` VALUES ('5008', '5001', '5001', null, 'resultName', 'string', '1', null, null, null, '张三', null, '2018-07-12 10:35:24.837', '2018-07-12 10:35:24.919');
INSERT INTO `act_hi_varinst` VALUES ('7', '5', '5', null, 'days', 'integer', '0', null, null, '2', '2', null, '2018-07-12 10:16:52.813', '2018-07-12 10:16:52.813');
INSERT INTO `act_hi_varinst` VALUES ('7503', '7501', '7501', null, 'endDate', 'string', '1', null, null, null, '张三', null, '2018-07-12 10:37:26.139', '2018-07-12 10:37:26.225');
INSERT INTO `act_hi_varinst` VALUES ('7504', '7501', '7501', null, 'days', 'integer', '1', null, null, '2', '2', null, '2018-07-12 10:37:26.140', '2018-07-12 10:37:26.227');
INSERT INTO `act_hi_varinst` VALUES ('7505', '7501', '7501', null, 'managerName', 'string', '1', null, null, null, '张三', null, '2018-07-12 10:37:26.140', '2018-07-12 10:37:26.228');
INSERT INTO `act_hi_varinst` VALUES ('7506', '7501', '7501', null, 'startDate', 'string', '1', null, null, null, '张三', null, '2018-07-12 10:37:26.140', '2018-07-12 10:37:26.229');
INSERT INTO `act_hi_varinst` VALUES ('7507', '7501', '7501', null, 'startName', 'null', '1', null, null, null, null, null, '2018-07-12 10:37:26.140', '2018-07-12 10:37:26.229');
INSERT INTO `act_hi_varinst` VALUES ('7508', '7501', '7501', null, 'resultName', 'string', '1', null, null, null, '张三', null, '2018-07-12 10:37:26.140', '2018-07-12 10:37:26.230');
INSERT INTO `act_hi_varinst` VALUES ('8', '5', '5', null, 'startName', 'null', '0', null, null, null, null, null, '2018-07-12 10:16:52.814', '2018-07-12 10:16:52.814');
INSERT INTO `act_hi_varinst` VALUES ('9', '5', '5', null, 'resultName', 'string', '0', null, null, null, '张三', null, '2018-07-12 10:16:52.814', '2018-07-12 10:16:52.814');

-- ----------------------------
-- Table structure for `act_id_group`
-- ----------------------------
DROP TABLE IF EXISTS `act_id_group`;
CREATE TABLE `act_id_group` (
  `ID_` varchar(64) COLLATE utf8_bin NOT NULL,
  `REV_` int(11) DEFAULT NULL,
  `NAME_` varchar(255) COLLATE utf8_bin DEFAULT NULL,
  `TYPE_` varchar(255) COLLATE utf8_bin DEFAULT NULL,
  PRIMARY KEY (`ID_`)
) ENGINE=InnoDB DEFAULT CHARSET=utf8 COLLATE=utf8_bin;

-- ----------------------------
-- Records of act_id_group
-- ----------------------------

-- ----------------------------
-- Table structure for `act_id_info`
-- ----------------------------
DROP TABLE IF EXISTS `act_id_info`;
CREATE TABLE `act_id_info` (
  `ID_` varchar(64) COLLATE utf8_bin NOT NULL,
  `REV_` int(11) DEFAULT NULL,
  `USER_ID_` varchar(64) COLLATE utf8_bin DEFAULT NULL,
  `TYPE_` varchar(64) COLLATE utf8_bin DEFAULT NULL,
  `KEY_` varchar(255) COLLATE utf8_bin DEFAULT NULL,
  `VALUE_` varchar(255) COLLATE utf8_bin DEFAULT NULL,
  `PASSWORD_` longblob,
  `PARENT_ID_` varchar(255) COLLATE utf8_bin DEFAULT NULL,
  PRIMARY KEY (`ID_`)
) ENGINE=InnoDB DEFAULT CHARSET=utf8 COLLATE=utf8_bin;

-- ----------------------------
-- Records of act_id_info
-- ----------------------------

-- ----------------------------
-- Table structure for `act_id_membership`
-- ----------------------------
DROP TABLE IF EXISTS `act_id_membership`;
CREATE TABLE `act_id_membership` (
  `USER_ID_` varchar(64) COLLATE utf8_bin NOT NULL,
  `GROUP_ID_` varchar(64) COLLATE utf8_bin NOT NULL,
  PRIMARY KEY (`USER_ID_`,`GROUP_ID_`),
  KEY `ACT_FK_MEMB_GROUP` (`GROUP_ID_`),
  CONSTRAINT `ACT_FK_MEMB_GROUP` FOREIGN KEY (`GROUP_ID_`) REFERENCES `act_id_group` (`ID_`),
  CONSTRAINT `ACT_FK_MEMB_USER` FOREIGN KEY (`USER_ID_`) REFERENCES `act_id_user` (`ID_`)
) ENGINE=InnoDB DEFAULT CHARSET=utf8 COLLATE=utf8_bin;

-- ----------------------------
-- Records of act_id_membership
-- ----------------------------

-- ----------------------------
-- Table structure for `act_id_user`
-- ----------------------------
DROP TABLE IF EXISTS `act_id_user`;
CREATE TABLE `act_id_user` (
  `ID_` varchar(64) COLLATE utf8_bin NOT NULL,
  `REV_` int(11) DEFAULT NULL,
  `FIRST_` varchar(255) COLLATE utf8_bin DEFAULT NULL,
  `LAST_` varchar(255) COLLATE utf8_bin DEFAULT NULL,
  `EMAIL_` varchar(255) COLLATE utf8_bin DEFAULT NULL,
  `PWD_` varchar(255) COLLATE utf8_bin DEFAULT NULL,
  `PICTURE_ID_` varchar(64) COLLATE utf8_bin DEFAULT NULL,
  PRIMARY KEY (`ID_`)
) ENGINE=InnoDB DEFAULT CHARSET=utf8 COLLATE=utf8_bin;

-- ----------------------------
-- Records of act_id_user
-- ----------------------------

-- ----------------------------
-- Table structure for `act_procdef_info`
-- ----------------------------
DROP TABLE IF EXISTS `act_procdef_info`;
CREATE TABLE `act_procdef_info` (
  `ID_` varchar(64) COLLATE utf8_bin NOT NULL,
  `PROC_DEF_ID_` varchar(64) COLLATE utf8_bin NOT NULL,
  `REV_` int(11) DEFAULT NULL,
  `INFO_JSON_ID_` varchar(64) COLLATE utf8_bin DEFAULT NULL,
  PRIMARY KEY (`ID_`),
  KEY `ACT_IDX_INFO_PROCDEF` (`PROC_DEF_ID_`)
) ENGINE=InnoDB DEFAULT CHARSET=utf8 COLLATE=utf8_bin;

-- ----------------------------
-- Records of act_procdef_info
-- ----------------------------

-- ----------------------------
-- Table structure for `act_re_deployment`
-- ----------------------------
DROP TABLE IF EXISTS `act_re_deployment`;
CREATE TABLE `act_re_deployment` (
  `ID_` varchar(64) COLLATE utf8_bin NOT NULL,
  `NAME_` varchar(255) COLLATE utf8_bin DEFAULT NULL,
  `CATEGORY_` varchar(255) COLLATE utf8_bin DEFAULT NULL,
  `TENANT_ID_` varchar(255) COLLATE utf8_bin DEFAULT '',
  `DEPLOY_TIME_` timestamp(3) NULL DEFAULT NULL,
  PRIMARY KEY (`ID_`)
) ENGINE=InnoDB DEFAULT CHARSET=utf8 COLLATE=utf8_bin;

-- ----------------------------
-- Records of act_re_deployment
-- ----------------------------
INSERT INTO `act_re_deployment` VALUES ('1', 'process_check', null, '', '2018-07-12 10:16:19.797');

-- ----------------------------
-- Table structure for `act_re_model`
-- ----------------------------
DROP TABLE IF EXISTS `act_re_model`;
CREATE TABLE `act_re_model` (
  `ID_` varchar(64) COLLATE utf8_bin NOT NULL,
  `REV_` int(11) DEFAULT NULL,
  `NAME_` varchar(255) COLLATE utf8_bin DEFAULT NULL,
  `KEY_` varchar(255) COLLATE utf8_bin DEFAULT NULL,
  `CATEGORY_` varchar(255) COLLATE utf8_bin DEFAULT NULL,
  `CREATE_TIME_` timestamp(3) NULL DEFAULT NULL,
  `LAST_UPDATE_TIME_` timestamp(3) NULL DEFAULT NULL,
  `VERSION_` int(11) DEFAULT NULL,
  `META_INFO_` varchar(4000) COLLATE utf8_bin DEFAULT NULL,
  `DEPLOYMENT_ID_` varchar(64) COLLATE utf8_bin DEFAULT NULL,
  `EDITOR_SOURCE_VALUE_ID_` varchar(64) COLLATE utf8_bin DEFAULT NULL,
  `EDITOR_SOURCE_EXTRA_VALUE_ID_` varchar(64) COLLATE utf8_bin DEFAULT NULL,
  `TENANT_ID_` varchar(255) COLLATE utf8_bin DEFAULT '',
  PRIMARY KEY (`ID_`)
) ENGINE=InnoDB DEFAULT CHARSET=utf8 COLLATE=utf8_bin;

-- ----------------------------
-- Records of act_re_model
-- ----------------------------

-- ----------------------------
-- Table structure for `act_re_procdef`
-- ----------------------------
DROP TABLE IF EXISTS `act_re_procdef`;
CREATE TABLE `act_re_procdef` (
  `ID_` varchar(64) COLLATE utf8_bin NOT NULL,
  `REV_` int(11) DEFAULT NULL,
  `CATEGORY_` varchar(255) COLLATE utf8_bin DEFAULT NULL,
  `NAME_` varchar(255) COLLATE utf8_bin DEFAULT NULL,
  `KEY_` varchar(255) COLLATE utf8_bin NOT NULL,
  `VERSION_` int(11) NOT NULL,
  `DEPLOYMENT_ID_` varchar(64) COLLATE utf8_bin DEFAULT NULL,
  `RESOURCE_NAME_` varchar(4000) COLLATE utf8_bin DEFAULT NULL,
  `DGRM_RESOURCE_NAME_` varchar(4000) COLLATE utf8_bin DEFAULT NULL,
  `DESCRIPTION_` varchar(4000) COLLATE utf8_bin DEFAULT NULL,
  `HAS_START_FORM_KEY_` tinyint(4) DEFAULT NULL,
  `HAS_GRAPHICAL_NOTATION_` tinyint(4) DEFAULT NULL,
  `SUSPENSION_STATE_` int(11) DEFAULT NULL,
  `TENANT_ID_` varchar(255) COLLATE utf8_bin DEFAULT '',
  PRIMARY KEY (`ID_`)
) ENGINE=InnoDB DEFAULT CHARSET=utf8 COLLATE=utf8_bin;

-- ----------------------------
-- Records of act_re_procdef
-- ----------------------------
INSERT INTO `act_re_procdef` VALUES ('process_check:1:4', '1', 'http://www.activiti.org/test', null, 'process_check', '1', '1', 'flow/check.bpmn', 'flow/check.process_check.png', null, '0', '1', '1', '');

-- ----------------------------
-- Table structure for `act_ru_event_subscr`
-- ----------------------------
DROP TABLE IF EXISTS `act_ru_event_subscr`;
CREATE TABLE `act_ru_event_subscr` (
  `ID_` varchar(64) COLLATE utf8_bin NOT NULL,
  `REV_` int(11) DEFAULT NULL,
  `EVENT_TYPE_` varchar(255) COLLATE utf8_bin NOT NULL,
  `EVENT_NAME_` varchar(255) COLLATE utf8_bin DEFAULT NULL,
  `EXECUTION_ID_` varchar(64) COLLATE utf8_bin DEFAULT NULL,
  `PROC_INST_ID_` varchar(64) COLLATE utf8_bin DEFAULT NULL,
  `ACTIVITY_ID_` varchar(64) COLLATE utf8_bin DEFAULT NULL,
  `CONFIGURATION_` varchar(255) COLLATE utf8_bin DEFAULT NULL,
  `CREATED_` timestamp(3) NOT NULL DEFAULT CURRENT_TIMESTAMP(3),
  `PROC_DEF_ID_` varchar(64) COLLATE utf8_bin DEFAULT NULL,
  `TENANT_ID_` varchar(255) COLLATE utf8_bin DEFAULT '',
  PRIMARY KEY (`ID_`),
  KEY `ACT_IDX_EVENT_SUBSCR_CONFIG_` (`CONFIGURATION_`)
) ENGINE=InnoDB DEFAULT CHARSET=utf8 COLLATE=utf8_bin;

-- ----------------------------
-- Records of act_ru_event_subscr
-- ----------------------------

-- ----------------------------
-- Table structure for `act_ru_execution`
-- ----------------------------
DROP TABLE IF EXISTS `act_ru_execution`;
CREATE TABLE `act_ru_execution` (
  `ID_` varchar(64) COLLATE utf8_bin NOT NULL,
  `REV_` int(11) DEFAULT NULL,
  `PROC_INST_ID_` varchar(64) COLLATE utf8_bin DEFAULT NULL,
  `BUSINESS_KEY_` varchar(255) COLLATE utf8_bin DEFAULT NULL,
  `PARENT_ID_` varchar(64) COLLATE utf8_bin DEFAULT NULL,
  `PROC_DEF_ID_` varchar(64) COLLATE utf8_bin DEFAULT NULL,
  `SUPER_EXEC_` varchar(64) COLLATE utf8_bin DEFAULT NULL,
  `ACT_ID_` varchar(255) COLLATE utf8_bin DEFAULT NULL,
  `IS_ACTIVE_` tinyint(4) DEFAULT NULL,
  `IS_CONCURRENT_` tinyint(4) DEFAULT NULL,
  `IS_SCOPE_` tinyint(4) DEFAULT NULL,
  `IS_EVENT_SCOPE_` tinyint(4) DEFAULT NULL,
  `SUSPENSION_STATE_` int(11) DEFAULT NULL,
  `CACHED_ENT_STATE_` int(11) DEFAULT NULL,
  `TENANT_ID_` varchar(255) COLLATE utf8_bin DEFAULT '',
  `NAME_` varchar(255) COLLATE utf8_bin DEFAULT NULL,
  `LOCK_TIME_` timestamp(3) NULL DEFAULT NULL,
  PRIMARY KEY (`ID_`),
  KEY `ACT_IDX_EXEC_BUSKEY` (`BUSINESS_KEY_`)
) ENGINE=InnoDB DEFAULT CHARSET=utf8 COLLATE=utf8_bin;

-- ----------------------------
-- Records of act_ru_execution
-- ----------------------------
INSERT INTO `act_ru_execution` VALUES ('10001', '2', '10001', null, null, 'process_check:1:4', null, '_5', '1', '0', '1', '0', '1', '2', '', null, null);
INSERT INTO `act_ru_execution` VALUES ('15001', '2', '15001', null, null, 'process_check:1:4', null, '_5', '1', '0', '1', '0', '1', '2', '', null, null);
INSERT INTO `act_ru_execution` VALUES ('17501', '2', '17501', null, null, 'process_check:1:4', null, '_10', '1', '0', '1', '0', '1', '2', '', null, null);
INSERT INTO `act_ru_execution` VALUES ('2501', '2', '2501', null, null, 'process_check:1:4', null, '_5', '1', '0', '1', '0', '1', '2', '', null, null);
INSERT INTO `act_ru_execution` VALUES ('5', '1', '5', null, null, 'process_check:1:4', null, '_4', '1', '0', '1', '0', '1', '2', '', null, null);
INSERT INTO `act_ru_execution` VALUES ('5001', '2', '5001', null, null, 'process_check:1:4', null, '_5', '1', '0', '1', '0', '1', '2', '', null, null);
INSERT INTO `act_ru_execution` VALUES ('7501', '2', '7501', null, null, 'process_check:1:4', null, '_5', '1', '0', '1', '0', '1', '2', '', null, null);

-- ----------------------------
-- Table structure for `act_ru_identitylink`
-- ----------------------------
DROP TABLE IF EXISTS `act_ru_identitylink`;
CREATE TABLE `act_ru_identitylink` (
  `ID_` varchar(64) COLLATE utf8_bin NOT NULL,
  `REV_` int(11) DEFAULT NULL,
  `GROUP_ID_` varchar(255) COLLATE utf8_bin DEFAULT NULL,
  `TYPE_` varchar(255) COLLATE utf8_bin DEFAULT NULL,
  `USER_ID_` varchar(255) COLLATE utf8_bin DEFAULT NULL,
  `TASK_ID_` varchar(64) COLLATE utf8_bin DEFAULT NULL,
  `PROC_INST_ID_` varchar(64) COLLATE utf8_bin DEFAULT NULL,
  `PROC_DEF_ID_` varchar(64) COLLATE utf8_bin DEFAULT NULL,
  PRIMARY KEY (`ID_`),
  KEY `ACT_IDX_IDENT_LNK_USER` (`USER_ID_`),
  KEY `ACT_IDX_IDENT_LNK_GROUP` (`GROUP_ID_`),
  KEY `ACT_IDX_ATHRZ_PROCEDEF` (`PROC_DEF_ID_`)
) ENGINE=InnoDB DEFAULT CHARSET=utf8 COLLATE=utf8_bin;

-- ----------------------------
-- Records of act_ru_identitylink
-- ----------------------------
INSERT INTO `act_ru_identitylink` VALUES ('10011', '1', null, 'participant', '管理员', null, '10001', null);
INSERT INTO `act_ru_identitylink` VALUES ('10015', '1', null, 'participant', '张三', null, '10001', null);
INSERT INTO `act_ru_identitylink` VALUES ('15011', '1', null, 'participant', '管理员', null, '15001', null);
INSERT INTO `act_ru_identitylink` VALUES ('15015', '1', null, 'participant', '张三', null, '15001', null);
INSERT INTO `act_ru_identitylink` VALUES ('17511', '1', null, 'participant', '管理员', null, '17501', null);
INSERT INTO `act_ru_identitylink` VALUES ('17515', '1', null, 'participant', '张三', null, '17501', null);
INSERT INTO `act_ru_identitylink` VALUES ('2512', '1', null, 'participant', '张三', null, '2501', null);
INSERT INTO `act_ru_identitylink` VALUES ('5014', '1', null, 'participant', '张三', null, '5001', null);
INSERT INTO `act_ru_identitylink` VALUES ('7514', '1', null, 'participant', '张三', null, '7501', null);

-- ----------------------------
-- Table structure for `act_ru_job`
-- ----------------------------
DROP TABLE IF EXISTS `act_ru_job`;
CREATE TABLE `act_ru_job` (
  `ID_` varchar(64) COLLATE utf8_bin NOT NULL,
  `REV_` int(11) DEFAULT NULL,
  `TYPE_` varchar(255) COLLATE utf8_bin NOT NULL,
  `LOCK_EXP_TIME_` timestamp(3) NULL DEFAULT NULL,
  `LOCK_OWNER_` varchar(255) COLLATE utf8_bin DEFAULT NULL,
  `EXCLUSIVE_` tinyint(1) DEFAULT NULL,
  `EXECUTION_ID_` varchar(64) COLLATE utf8_bin DEFAULT NULL,
  `PROCESS_INSTANCE_ID_` varchar(64) COLLATE utf8_bin DEFAULT NULL,
  `PROC_DEF_ID_` varchar(64) COLLATE utf8_bin DEFAULT NULL,
  `RETRIES_` int(11) DEFAULT NULL,
  `EXCEPTION_STACK_ID_` varchar(64) COLLATE utf8_bin DEFAULT NULL,
  `EXCEPTION_MSG_` varchar(4000) COLLATE utf8_bin DEFAULT NULL,
  `DUEDATE_` timestamp(3) NULL DEFAULT NULL,
  `REPEAT_` varchar(255) COLLATE utf8_bin DEFAULT NULL,
  `HANDLER_TYPE_` varchar(255) COLLATE utf8_bin DEFAULT NULL,
  `HANDLER_CFG_` varchar(4000) COLLATE utf8_bin DEFAULT NULL,
  `TENANT_ID_` varchar(255) COLLATE utf8_bin DEFAULT '',
  PRIMARY KEY (`ID_`)
) ENGINE=InnoDB DEFAULT CHARSET=utf8 COLLATE=utf8_bin;

-- ----------------------------
-- Records of act_ru_job
-- ----------------------------

-- ----------------------------
-- Table structure for `act_ru_task`
-- ----------------------------
DROP TABLE IF EXISTS `act_ru_task`;
CREATE TABLE `act_ru_task` (
  `ID_` varchar(64) COLLATE utf8_bin NOT NULL,
  `REV_` int(11) DEFAULT NULL,
  `EXECUTION_ID_` varchar(64) COLLATE utf8_bin DEFAULT NULL,
  `PROC_INST_ID_` varchar(64) COLLATE utf8_bin DEFAULT NULL,
  `PROC_DEF_ID_` varchar(64) COLLATE utf8_bin DEFAULT NULL,
  `NAME_` varchar(255) COLLATE utf8_bin DEFAULT NULL,
  `PARENT_TASK_ID_` varchar(64) COLLATE utf8_bin DEFAULT NULL,
  `DESCRIPTION_` varchar(4000) COLLATE utf8_bin DEFAULT NULL,
  `TASK_DEF_KEY_` varchar(255) COLLATE utf8_bin DEFAULT NULL,
  `OWNER_` varchar(255) COLLATE utf8_bin DEFAULT NULL,
  `ASSIGNEE_` varchar(255) COLLATE utf8_bin DEFAULT NULL,
  `DELEGATION_` varchar(64) COLLATE utf8_bin DEFAULT NULL,
  `PRIORITY_` int(11) DEFAULT NULL,
  `CREATE_TIME_` timestamp(3) NULL DEFAULT NULL,
  `DUE_DATE_` datetime(3) DEFAULT NULL,
  `CATEGORY_` varchar(255) COLLATE utf8_bin DEFAULT NULL,
  `SUSPENSION_STATE_` int(11) DEFAULT NULL,
  `TENANT_ID_` varchar(255) COLLATE utf8_bin DEFAULT '',
  `FORM_KEY_` varchar(255) COLLATE utf8_bin DEFAULT NULL,
  PRIMARY KEY (`ID_`),
  KEY `ACT_IDX_TASK_CREATE` (`CREATE_TIME_`)
) ENGINE=InnoDB DEFAULT CHARSET=utf8 COLLATE=utf8_bin;

-- ----------------------------
-- Records of act_ru_task
-- ----------------------------
INSERT INTO `act_ru_task` VALUES ('10014', '1', '10001', '10001', 'process_check:1:4', 'DirectTask', null, null, '_5', null, '张三', null, '50', '2018-07-12 10:44:03.301', null, null, '1', '', null);
INSERT INTO `act_ru_task` VALUES ('11', '1', '5', '5', 'process_check:1:4', 'CheckTask', null, null, '_4', null, null, null, '50', '2018-07-12 10:16:52.835', null, null, '1', '', null);
INSERT INTO `act_ru_task` VALUES ('15014', '1', '15001', '15001', 'process_check:1:4', 'DirectTask', null, null, '_5', null, '张三', null, '50', '2018-07-12 18:34:49.664', null, null, '1', '', null);
INSERT INTO `act_ru_task` VALUES ('17514', '1', '17501', '17501', 'process_check:1:4', 'SumTask', null, null, '_10', null, '张三', null, '50', '2018-07-14 16:05:52.076', null, null, '1', '', null);
INSERT INTO `act_ru_task` VALUES ('2511', '1', '2501', '2501', 'process_check:1:4', 'DirectTask', null, null, '_5', null, '张三', null, '50', '2018-07-12 10:19:47.115', null, null, '1', '', null);
INSERT INTO `act_ru_task` VALUES ('5013', '1', '5001', '5001', 'process_check:1:4', 'DirectTask', null, null, '_5', null, '张三', null, '50', '2018-07-12 10:35:24.936', null, null, '1', '', null);
INSERT INTO `act_ru_task` VALUES ('7513', '1', '7501', '7501', 'process_check:1:4', 'DirectTask', null, null, '_5', null, '张三', null, '50', '2018-07-12 10:37:26.247', null, null, '1', '', null);

-- ----------------------------
-- Table structure for `act_ru_variable`
-- ----------------------------
DROP TABLE IF EXISTS `act_ru_variable`;
CREATE TABLE `act_ru_variable` (
  `ID_` varchar(64) COLLATE utf8_bin NOT NULL,
  `REV_` int(11) DEFAULT NULL,
  `TYPE_` varchar(255) COLLATE utf8_bin NOT NULL,
  `NAME_` varchar(255) COLLATE utf8_bin NOT NULL,
  `EXECUTION_ID_` varchar(64) COLLATE utf8_bin DEFAULT NULL,
  `PROC_INST_ID_` varchar(64) COLLATE utf8_bin DEFAULT NULL,
  `TASK_ID_` varchar(64) COLLATE utf8_bin DEFAULT NULL,
  `BYTEARRAY_ID_` varchar(64) COLLATE utf8_bin DEFAULT NULL,
  `DOUBLE_` double DEFAULT NULL,
  `LONG_` bigint(20) DEFAULT NULL,
  `TEXT_` varchar(4000) COLLATE utf8_bin DEFAULT NULL,
  `TEXT2_` varchar(4000) COLLATE utf8_bin DEFAULT NULL,
  PRIMARY KEY (`ID_`),
  KEY `ACT_IDX_VARIABLE_TASK_ID` (`TASK_ID_`)
) ENGINE=InnoDB DEFAULT CHARSET=utf8 COLLATE=utf8_bin;

-- ----------------------------
-- Records of act_ru_variable
-- ----------------------------
INSERT INTO `act_ru_variable` VALUES ('10003', '1', 'string', 'endDate', '10001', '10001', null, null, null, null, '张三', null);
INSERT INTO `act_ru_variable` VALUES ('10004', '1', 'integer', 'days', '10001', '10001', null, null, null, '1', '1', null);
INSERT INTO `act_ru_variable` VALUES ('10005', '1', 'string', 'managerName', '10001', '10001', null, null, null, null, '张三', null);
INSERT INTO `act_ru_variable` VALUES ('10006', '1', 'string', 'startDate', '10001', '10001', null, null, null, null, '张三', null);
INSERT INTO `act_ru_variable` VALUES ('10007', '1', 'string', 'startName', '10001', '10001', null, null, null, null, '管理员', null);
INSERT INTO `act_ru_variable` VALUES ('10008', '1', 'string', 'resultName', '10001', '10001', null, null, null, null, '张三', null);
INSERT INTO `act_ru_variable` VALUES ('15003', '1', 'string', 'endDate', '15001', '15001', null, null, null, null, '张三', null);
INSERT INTO `act_ru_variable` VALUES ('15004', '1', 'integer', 'days', '15001', '15001', null, null, null, '2', '2', null);
INSERT INTO `act_ru_variable` VALUES ('15005', '1', 'string', 'managerName', '15001', '15001', null, null, null, null, '张三', null);
INSERT INTO `act_ru_variable` VALUES ('15006', '1', 'string', 'startDate', '15001', '15001', null, null, null, null, '张三', null);
INSERT INTO `act_ru_variable` VALUES ('15007', '1', 'string', 'startName', '15001', '15001', null, null, null, null, '管理员', null);
INSERT INTO `act_ru_variable` VALUES ('15008', '1', 'string', 'resultName', '15001', '15001', null, null, null, null, '张三', null);
INSERT INTO `act_ru_variable` VALUES ('17503', '1', 'string', 'endDate', '17501', '17501', null, null, null, null, '张三', null);
INSERT INTO `act_ru_variable` VALUES ('17504', '1', 'integer', 'days', '17501', '17501', null, null, null, '5', '5', null);
INSERT INTO `act_ru_variable` VALUES ('17505', '1', 'string', 'managerName', '17501', '17501', null, null, null, null, '张三', null);
INSERT INTO `act_ru_variable` VALUES ('17506', '1', 'string', 'startDate', '17501', '17501', null, null, null, null, '张三', null);
INSERT INTO `act_ru_variable` VALUES ('17507', '1', 'string', 'startName', '17501', '17501', null, null, null, null, '管理员', null);
INSERT INTO `act_ru_variable` VALUES ('17508', '1', 'string', 'resultName', '17501', '17501', null, null, null, null, '张三', null);
INSERT INTO `act_ru_variable` VALUES ('2503', '1', 'integer', 'days', '2501', '2501', null, null, null, '2', '2', null);
INSERT INTO `act_ru_variable` VALUES ('2504', '1', 'string', 'managerName', '2501', '2501', null, null, null, null, '张三', null);
INSERT INTO `act_ru_variable` VALUES ('2505', '1', 'null', 'startName', '2501', '2501', null, null, null, null, null, null);
INSERT INTO `act_ru_variable` VALUES ('2506', '1', 'string', 'resultName', '2501', '2501', null, null, null, null, '张三', null);
INSERT INTO `act_ru_variable` VALUES ('5003', '1', 'string', 'endDate', '5001', '5001', null, null, null, null, '张三', null);
INSERT INTO `act_ru_variable` VALUES ('5004', '1', 'integer', 'days', '5001', '5001', null, null, null, '2', '2', null);
INSERT INTO `act_ru_variable` VALUES ('5005', '1', 'string', 'managerName', '5001', '5001', null, null, null, null, '张三', null);
INSERT INTO `act_ru_variable` VALUES ('5006', '1', 'string', 'startDate', '5001', '5001', null, null, null, null, '张三', null);
INSERT INTO `act_ru_variable` VALUES ('5007', '1', 'null', 'startName', '5001', '5001', null, null, null, null, null, null);
INSERT INTO `act_ru_variable` VALUES ('5008', '1', 'string', 'resultName', '5001', '5001', null, null, null, null, '张三', null);
INSERT INTO `act_ru_variable` VALUES ('7', '1', 'integer', 'days', '5', '5', null, null, null, '2', '2', null);
INSERT INTO `act_ru_variable` VALUES ('7503', '1', 'string', 'endDate', '7501', '7501', null, null, null, null, '张三', null);
INSERT INTO `act_ru_variable` VALUES ('7504', '1', 'integer', 'days', '7501', '7501', null, null, null, '2', '2', null);
INSERT INTO `act_ru_variable` VALUES ('7505', '1', 'string', 'managerName', '7501', '7501', null, null, null, null, '张三', null);
INSERT INTO `act_ru_variable` VALUES ('7506', '1', 'string', 'startDate', '7501', '7501', null, null, null, null, '张三', null);
INSERT INTO `act_ru_variable` VALUES ('7507', '1', 'null', 'startName', '7501', '7501', null, null, null, null, null, null);
INSERT INTO `act_ru_variable` VALUES ('7508', '1', 'string', 'resultName', '7501', '7501', null, null, null, null, '张三', null);
INSERT INTO `act_ru_variable` VALUES ('8', '1', 'null', 'startName', '5', '5', null, null, null, null, null, null);
INSERT INTO `act_ru_variable` VALUES ('9', '1', 'string', 'resultName', '5', '5', null, null, null, null, '张三', null);

-- ----------------------------
-- Table structure for `t_authority`
-- ----------------------------
DROP TABLE IF EXISTS `t_authority`;
CREATE TABLE `t_authority` (
  `id` int(11) NOT NULL AUTO_INCREMENT,
  `aicon` varchar(30) DEFAULT NULL,
  `aurl` varchar(50) DEFAULT NULL,
  `parentId` int(11) NOT NULL,
  `title` varchar(20) DEFAULT NULL,
  `type` int(11) DEFAULT NULL COMMENT '类型：\n1菜单 2具体页面的某个权限',
  PRIMARY KEY (`id`)
) ENGINE=InnoDB AUTO_INCREMENT=94 DEFAULT CHARSET=utf8;

-- ----------------------------
-- Records of t_authority
-- ----------------------------
INSERT INTO `t_authority` VALUES ('3', 'fa-shield', 'main.html', '0', '权限管理', '1');
INSERT INTO `t_authority` VALUES ('4', 'fa-bell-o', 'main.html', '0', '考勤管理', '1');
INSERT INTO `t_authority` VALUES ('5', 'fa-sitemap', 'main.html', '0', '部门管理', '1');
INSERT INTO `t_authority` VALUES ('6', 'fa-users', 'main.html', '0', '员工管理', '1');
INSERT INTO `t_authority` VALUES ('7', 'fa-graduation-cap', 'main.html', '0', '学科管理', '1');
INSERT INTO `t_authority` VALUES ('8', 'fa-cube', 'main.html', '0', '班级管理', '1');
INSERT INTO `t_authority` VALUES ('9', 'fa-user-secret', 'main.html', '0', '学员管理', '1');
INSERT INTO `t_authority` VALUES ('31', '', 'userlimit.html', '3', '用户角色', '1');
INSERT INTO `t_authority` VALUES ('32', '', 'rolelimit.html', '3', '角色权限', '1');
INSERT INTO `t_authority` VALUES ('33', '', 'resourcelimit.html', '3', '资源管理', '1');
INSERT INTO `t_authority` VALUES ('41', '', 'processadd.html', '4', '请假加班', '1');
INSERT INTO `t_authority` VALUES ('42', '', 'processtodolist.html', '4', '待办事项', '1');
INSERT INTO `t_authority` VALUES ('43', '', 'processlist.html', '4', '我的记录', '1');
INSERT INTO `t_authority` VALUES ('51', '', 'departlist.html', '5', '部门列表', '1');
INSERT INTO `t_authority` VALUES ('52', '', 'departadd.html', '5', '部门新增', '1');
INSERT INTO `t_authority` VALUES ('61', 'fa-graduation-cap', 'stafflist.html', '6', '员工列表', '1');
INSERT INTO `t_authority` VALUES ('62', 'fa-graduation-cap', 'staffadd.html', '6', '员工新增', '1');
INSERT INTO `t_authority` VALUES ('63', 'fa-graduation-cap', 'staffbatch.html', '6', '员工导入', '1');
INSERT INTO `t_authority` VALUES ('71', '', 'courseadd.html', '7', '学科新增', '1');
INSERT INTO `t_authority` VALUES ('72', '', 'courselist.html', '7', '学科列表', '1');
INSERT INTO `t_authority` VALUES ('81', '', 'gradeadd.html', '8', '班级新增', '1');
INSERT INTO `t_authority` VALUES ('82', '', 'gradelist.html', '8', '班级列表', '1');
INSERT INTO `t_authority` VALUES ('91', '', 'studentadd.html', '9', '学员新增', '1');
INSERT INTO `t_authority` VALUES ('92', '', 'studentbatch.html', '9', '学员导入', '1');
INSERT INTO `t_authority` VALUES ('93', '', 'studentlist.html', '9', '学员列表', '1');

-- ----------------------------
-- Table structure for `t_check`
-- ----------------------------
DROP TABLE IF EXISTS `t_check`;
CREATE TABLE `t_check` (
  `id` int(11) NOT NULL AUTO_INCREMENT,
  `info` varchar(100) DEFAULT NULL,
  `type` varchar(20) DEFAULT NULL,
  `startname` varchar(30) DEFAULT NULL,
  `startno` varchar(20) DEFAULT NULL,
  `startdate` date DEFAULT NULL,
  `enddate` date DEFAULT NULL,
  `days` int(11) DEFAULT NULL,
  `pid` varchar(64) DEFAULT NULL,
  `flag` int(11) DEFAULT NULL COMMENT '1 审批中 2 同意 3 拒绝 4 取消',
  PRIMARY KEY (`id`)
) ENGINE=InnoDB AUTO_INCREMENT=8 DEFAULT CHARSET=utf8;

-- ----------------------------
-- Records of t_check
-- ----------------------------
INSERT INTO `t_check` VALUES ('1', '因为今天亚下雨', '请假', null, null, '2018-07-12', '2018-07-13', '2', '7501', '1');
INSERT INTO `t_check` VALUES ('2', '因为今天亚下雨', '调休', '管理员', 'admin', '2018-07-12', '2018-07-12', '1', '10001', '1');
INSERT INTO `t_check` VALUES ('3', 'asasa', '请假', '管理员', 'admin', '2018-07-14', '2018-07-15', '2', '12501', '2');
INSERT INTO `t_check` VALUES ('4', '因为今天亚下雨', '外出', '管理员', 'admin', '2018-07-12', '2018-07-23', '4', '12517', '3');
INSERT INTO `t_check` VALUES ('5', '因为今天亚下雨', '请假', '管理员', 'admin', '2018-07-12', '2018-07-13', '2', '15001', '1');
INSERT INTO `t_check` VALUES ('6', '因为今天亚下雨', '请假', '管理员', 'admin', '2018-07-14', '2018-07-21', '5', '17501', '1');
INSERT INTO `t_check` VALUES ('7', '1321', '调休', '管理员', 'admin', '2019-04-03', '2019-04-04', '1', null, '1');

-- ----------------------------
-- Table structure for `t_city`
-- ----------------------------
DROP TABLE IF EXISTS `t_city`;
CREATE TABLE `t_city` (
  `id` int(11) NOT NULL AUTO_INCREMENT,
  `no` varchar(5) DEFAULT NULL,
  `name` varchar(20) DEFAULT NULL,
  `pno` varchar(5) DEFAULT NULL,
  PRIMARY KEY (`id`)
) ENGINE=InnoDB AUTO_INCREMENT=370 DEFAULT CHARSET=utf8;

-- ----------------------------
-- Records of t_city
-- ----------------------------
INSERT INTO `t_city` VALUES ('1', '0101', '北京', '01');
INSERT INTO `t_city` VALUES ('2', '0201', '上海', '02');
INSERT INTO `t_city` VALUES ('3', '0301', '天津', '03');
INSERT INTO `t_city` VALUES ('4', '0401', '重庆', '04');
INSERT INTO `t_city` VALUES ('5', '0501', '哈尔滨', '05');
INSERT INTO `t_city` VALUES ('6', '0502', '齐齐哈尔', '05');
INSERT INTO `t_city` VALUES ('7', '0503', '牡丹江', '05');
INSERT INTO `t_city` VALUES ('8', '0504', '佳木斯', '05');
INSERT INTO `t_city` VALUES ('9', '0505', '绥化', '05');
INSERT INTO `t_city` VALUES ('10', '0506', '黑河', '05');
INSERT INTO `t_city` VALUES ('11', '0507', '大兴安岭', '05');
INSERT INTO `t_city` VALUES ('12', '0508', '伊春', '05');
INSERT INTO `t_city` VALUES ('13', '0509', '大庆', '05');
INSERT INTO `t_city` VALUES ('14', '0510', '七台河', '05');
INSERT INTO `t_city` VALUES ('15', '0511', '鸡西', '05');
INSERT INTO `t_city` VALUES ('16', '0512', '鹤岗', '05');
INSERT INTO `t_city` VALUES ('17', '0513', '双鸭山', '05');
INSERT INTO `t_city` VALUES ('18', '0601', '长春', '06');
INSERT INTO `t_city` VALUES ('19', '0602', '吉林', '06');
INSERT INTO `t_city` VALUES ('20', '0603', '延边', '06');
INSERT INTO `t_city` VALUES ('21', '0604', '四平', '06');
INSERT INTO `t_city` VALUES ('22', '0605', '通化', '06');
INSERT INTO `t_city` VALUES ('23', '0606', '白城', '06');
INSERT INTO `t_city` VALUES ('24', '0607', '辽源', '06');
INSERT INTO `t_city` VALUES ('25', '0608', '松原', '06');
INSERT INTO `t_city` VALUES ('26', '0609', '白山', '06');
INSERT INTO `t_city` VALUES ('27', '0701', '沈阳', '07');
INSERT INTO `t_city` VALUES ('28', '0702', '大连', '07');
INSERT INTO `t_city` VALUES ('29', '0703', '鞍山', '07');
INSERT INTO `t_city` VALUES ('30', '0704', '抚顺', '07');
INSERT INTO `t_city` VALUES ('31', '0705', '本溪', '07');
INSERT INTO `t_city` VALUES ('32', '0706', '丹东', '07');
INSERT INTO `t_city` VALUES ('33', '0707', '锦州', '07');
INSERT INTO `t_city` VALUES ('34', '0708', '营口', '07');
INSERT INTO `t_city` VALUES ('35', '0709', '阜新', '07');
INSERT INTO `t_city` VALUES ('36', '0710', '辽阳', '07');
INSERT INTO `t_city` VALUES ('37', '0711', '铁岭', '07');
INSERT INTO `t_city` VALUES ('38', '0712', '朝阳', '07');
INSERT INTO `t_city` VALUES ('39', '0713', '盘锦', '07');
INSERT INTO `t_city` VALUES ('40', '0714', '葫芦岛', '07');
INSERT INTO `t_city` VALUES ('41', '0801', '呼和浩特', '08');
INSERT INTO `t_city` VALUES ('42', '0802', '包头', '08');
INSERT INTO `t_city` VALUES ('43', '0803', '乌海', '08');
INSERT INTO `t_city` VALUES ('44', '0804', '乌兰察布', '08');
INSERT INTO `t_city` VALUES ('45', '0805', '通辽', '08');
INSERT INTO `t_city` VALUES ('46', '0806', '赤峰', '08');
INSERT INTO `t_city` VALUES ('47', '0807', '鄂尔多斯', '08');
INSERT INTO `t_city` VALUES ('48', '0808', '巴彦淖尔', '08');
INSERT INTO `t_city` VALUES ('49', '0809', '锡林郭勒', '08');
INSERT INTO `t_city` VALUES ('50', '0810', '呼伦贝尔', '08');
INSERT INTO `t_city` VALUES ('51', '0811', '兴安盟', '08');
INSERT INTO `t_city` VALUES ('52', '0812', '阿拉善盟', '08');
INSERT INTO `t_city` VALUES ('53', '0901', '石家庄', '09');
INSERT INTO `t_city` VALUES ('54', '0902', '保定', '09');
INSERT INTO `t_city` VALUES ('55', '0903', '张家口', '09');
INSERT INTO `t_city` VALUES ('56', '0904', '承德', '09');
INSERT INTO `t_city` VALUES ('57', '0905', '唐山', '09');
INSERT INTO `t_city` VALUES ('58', '0906', '廊坊', '09');
INSERT INTO `t_city` VALUES ('59', '0907', '沧州', '09');
INSERT INTO `t_city` VALUES ('60', '0908', '衡水', '09');
INSERT INTO `t_city` VALUES ('61', '0909', '邢台', '09');
INSERT INTO `t_city` VALUES ('62', '0910', '邯郸', '09');
INSERT INTO `t_city` VALUES ('63', '0911', '秦皇岛', '09');
INSERT INTO `t_city` VALUES ('64', '1001', '太原', '10');
INSERT INTO `t_city` VALUES ('65', '1002', '大同', '10');
INSERT INTO `t_city` VALUES ('66', '1003', '阳泉', '10');
INSERT INTO `t_city` VALUES ('67', '1004', '晋中', '10');
INSERT INTO `t_city` VALUES ('68', '1005', '长治', '10');
INSERT INTO `t_city` VALUES ('69', '1006', '晋城', '10');
INSERT INTO `t_city` VALUES ('70', '1007', '临汾', '10');
INSERT INTO `t_city` VALUES ('71', '1008', '运城', '10');
INSERT INTO `t_city` VALUES ('72', '1009', '朔州', '10');
INSERT INTO `t_city` VALUES ('73', '1010', '忻州', '10');
INSERT INTO `t_city` VALUES ('74', '1011', '吕梁', '10');
INSERT INTO `t_city` VALUES ('75', '1101', '西安', '11');
INSERT INTO `t_city` VALUES ('76', '1102', '咸阳', '11');
INSERT INTO `t_city` VALUES ('77', '1103', '延安', '11');
INSERT INTO `t_city` VALUES ('78', '1104', '榆林', '11');
INSERT INTO `t_city` VALUES ('79', '1105', '渭南', '11');
INSERT INTO `t_city` VALUES ('80', '1106', '商洛', '11');
INSERT INTO `t_city` VALUES ('81', '1107', '安康', '11');
INSERT INTO `t_city` VALUES ('82', '1108', '汉中', '11');
INSERT INTO `t_city` VALUES ('83', '1109', '宝鸡', '11');
INSERT INTO `t_city` VALUES ('84', '1110', '铜川', '11');
INSERT INTO `t_city` VALUES ('85', '1111', '杨凌', '11');
INSERT INTO `t_city` VALUES ('86', '1201', '济南', '12');
INSERT INTO `t_city` VALUES ('87', '1202', '青岛', '12');
INSERT INTO `t_city` VALUES ('88', '1203', '淄博', '12');
INSERT INTO `t_city` VALUES ('89', '1204', '德州', '12');
INSERT INTO `t_city` VALUES ('90', '1205', '烟台', '12');
INSERT INTO `t_city` VALUES ('91', '1206', '潍坊', '12');
INSERT INTO `t_city` VALUES ('92', '1207', '济宁', '12');
INSERT INTO `t_city` VALUES ('93', '1208', '泰安', '12');
INSERT INTO `t_city` VALUES ('94', '1209', '临沂', '12');
INSERT INTO `t_city` VALUES ('95', '1210', '菏泽', '12');
INSERT INTO `t_city` VALUES ('96', '1211', '滨州', '12');
INSERT INTO `t_city` VALUES ('97', '1212', '东营', '12');
INSERT INTO `t_city` VALUES ('98', '1213', '威海', '12');
INSERT INTO `t_city` VALUES ('99', '1214', '枣庄', '12');
INSERT INTO `t_city` VALUES ('100', '1215', '日照', '12');
INSERT INTO `t_city` VALUES ('101', '1216', '莱芜', '12');
INSERT INTO `t_city` VALUES ('102', '1217', '聊城', '12');
INSERT INTO `t_city` VALUES ('103', '1301', '乌鲁木齐', '13');
INSERT INTO `t_city` VALUES ('104', '1302', '克拉玛依', '13');
INSERT INTO `t_city` VALUES ('105', '1303', '石河子', '13');
INSERT INTO `t_city` VALUES ('106', '1304', '昌吉', '13');
INSERT INTO `t_city` VALUES ('107', '1305', '吐鲁番', '13');
INSERT INTO `t_city` VALUES ('108', '1306', '巴音郭楞', '13');
INSERT INTO `t_city` VALUES ('109', '1307', '阿拉尔', '13');
INSERT INTO `t_city` VALUES ('110', '1308', '阿克苏', '13');
INSERT INTO `t_city` VALUES ('111', '1309', '喀什', '13');
INSERT INTO `t_city` VALUES ('112', '1310', '伊犁', '13');
INSERT INTO `t_city` VALUES ('113', '1311', '塔城', '13');
INSERT INTO `t_city` VALUES ('114', '1312', '哈密', '13');
INSERT INTO `t_city` VALUES ('115', '1313', '和田', '13');
INSERT INTO `t_city` VALUES ('116', '1314', '阿勒泰', '13');
INSERT INTO `t_city` VALUES ('117', '1315', '克州', '13');
INSERT INTO `t_city` VALUES ('118', '1316', '博尔塔拉', '13');
INSERT INTO `t_city` VALUES ('119', '1401', '拉萨', '14');
INSERT INTO `t_city` VALUES ('120', '1402', '日喀则', '14');
INSERT INTO `t_city` VALUES ('121', '1403', '山南', '14');
INSERT INTO `t_city` VALUES ('122', '1404', '林芝', '14');
INSERT INTO `t_city` VALUES ('123', '1405', '昌都', '14');
INSERT INTO `t_city` VALUES ('124', '1406', '那曲', '14');
INSERT INTO `t_city` VALUES ('125', '1407', '阿里', '14');
INSERT INTO `t_city` VALUES ('126', '1501', '西宁', '15');
INSERT INTO `t_city` VALUES ('127', '1502', '海东', '15');
INSERT INTO `t_city` VALUES ('128', '1503', '黄南', '15');
INSERT INTO `t_city` VALUES ('129', '1504', '海南', '15');
INSERT INTO `t_city` VALUES ('130', '1505', '果洛', '15');
INSERT INTO `t_city` VALUES ('131', '1506', '玉树', '15');
INSERT INTO `t_city` VALUES ('132', '1507', '海西', '15');
INSERT INTO `t_city` VALUES ('133', '1508', '海北', '15');
INSERT INTO `t_city` VALUES ('134', '1509', '格尔木', '15');
INSERT INTO `t_city` VALUES ('135', '1601', '兰州', '16');
INSERT INTO `t_city` VALUES ('136', '1602', '定西', '16');
INSERT INTO `t_city` VALUES ('137', '1603', '平凉', '16');
INSERT INTO `t_city` VALUES ('138', '1604', '庆阳', '16');
INSERT INTO `t_city` VALUES ('139', '1605', '武威', '16');
INSERT INTO `t_city` VALUES ('140', '1606', '金昌', '16');
INSERT INTO `t_city` VALUES ('141', '1607', '张掖', '16');
INSERT INTO `t_city` VALUES ('142', '1608', '酒泉', '16');
INSERT INTO `t_city` VALUES ('143', '1609', '天水', '16');
INSERT INTO `t_city` VALUES ('144', '1610', '陇南', '16');
INSERT INTO `t_city` VALUES ('145', '1611', '临夏', '16');
INSERT INTO `t_city` VALUES ('146', '1612', '甘南', '16');
INSERT INTO `t_city` VALUES ('147', '1613', '白银', '16');
INSERT INTO `t_city` VALUES ('148', '1614', '嘉峪关', '16');
INSERT INTO `t_city` VALUES ('149', '1701', '银川', '17');
INSERT INTO `t_city` VALUES ('150', '1702', '石嘴山', '17');
INSERT INTO `t_city` VALUES ('151', '1703', '吴忠', '17');
INSERT INTO `t_city` VALUES ('152', '1704', '固原', '17');
INSERT INTO `t_city` VALUES ('153', '1705', '中卫', '17');
INSERT INTO `t_city` VALUES ('154', '1801', '郑州', '18');
INSERT INTO `t_city` VALUES ('155', '1802', '安阳', '18');
INSERT INTO `t_city` VALUES ('156', '1803', '新乡', '18');
INSERT INTO `t_city` VALUES ('157', '1804', '许昌', '18');
INSERT INTO `t_city` VALUES ('158', '1805', '平顶山', '18');
INSERT INTO `t_city` VALUES ('159', '1806', '信阳', '18');
INSERT INTO `t_city` VALUES ('160', '1807', '南阳', '18');
INSERT INTO `t_city` VALUES ('161', '1808', '开封', '18');
INSERT INTO `t_city` VALUES ('162', '1809', '洛阳', '18');
INSERT INTO `t_city` VALUES ('163', '1810', '商丘', '18');
INSERT INTO `t_city` VALUES ('164', '1811', '焦作', '18');
INSERT INTO `t_city` VALUES ('165', '1812', '鹤壁', '18');
INSERT INTO `t_city` VALUES ('166', '1813', '濮阳', '18');
INSERT INTO `t_city` VALUES ('167', '1814', '周口', '18');
INSERT INTO `t_city` VALUES ('168', '1815', '漯河', '18');
INSERT INTO `t_city` VALUES ('169', '1816', '驻马店', '18');
INSERT INTO `t_city` VALUES ('170', '1817', '三门峡', '18');
INSERT INTO `t_city` VALUES ('171', '1818', '济源', '18');
INSERT INTO `t_city` VALUES ('172', '1901', '南京', '19');
INSERT INTO `t_city` VALUES ('173', '1902', '无锡', '19');
INSERT INTO `t_city` VALUES ('174', '1903', '镇江', '19');
INSERT INTO `t_city` VALUES ('175', '1904', '苏州', '19');
INSERT INTO `t_city` VALUES ('176', '1905', '南通', '19');
INSERT INTO `t_city` VALUES ('177', '1906', '扬州', '19');
INSERT INTO `t_city` VALUES ('178', '1907', '盐城', '19');
INSERT INTO `t_city` VALUES ('179', '1908', '徐州', '19');
INSERT INTO `t_city` VALUES ('180', '1909', '淮安', '19');
INSERT INTO `t_city` VALUES ('181', '1910', '连云港', '19');
INSERT INTO `t_city` VALUES ('182', '1911', '常州', '19');
INSERT INTO `t_city` VALUES ('183', '1912', '泰州', '19');
INSERT INTO `t_city` VALUES ('184', '1913', '宿迁', '19');
INSERT INTO `t_city` VALUES ('185', '2001', '武汉', '20');
INSERT INTO `t_city` VALUES ('186', '2002', '襄阳', '20');
INSERT INTO `t_city` VALUES ('187', '2003', '鄂州', '20');
INSERT INTO `t_city` VALUES ('188', '2004', '孝感', '20');
INSERT INTO `t_city` VALUES ('189', '2005', '黄冈', '20');
INSERT INTO `t_city` VALUES ('190', '2006', '黄石', '20');
INSERT INTO `t_city` VALUES ('191', '2007', '咸宁', '20');
INSERT INTO `t_city` VALUES ('192', '2008', '荆州', '20');
INSERT INTO `t_city` VALUES ('193', '2009', '宜昌', '20');
INSERT INTO `t_city` VALUES ('194', '2010', '恩施', '20');
INSERT INTO `t_city` VALUES ('195', '2011', '十堰', '20');
INSERT INTO `t_city` VALUES ('196', '2012', '神农架', '20');
INSERT INTO `t_city` VALUES ('197', '2013', '随州', '20');
INSERT INTO `t_city` VALUES ('198', '2014', '荆门', '20');
INSERT INTO `t_city` VALUES ('199', '2015', '天门', '20');
INSERT INTO `t_city` VALUES ('200', '2016', '仙桃', '20');
INSERT INTO `t_city` VALUES ('201', '2017', '潜江', '20');
INSERT INTO `t_city` VALUES ('202', '2101', '杭州', '21');
INSERT INTO `t_city` VALUES ('203', '2102', '湖州', '21');
INSERT INTO `t_city` VALUES ('204', '2103', '嘉兴', '21');
INSERT INTO `t_city` VALUES ('205', '2104', '宁波', '21');
INSERT INTO `t_city` VALUES ('206', '2105', '绍兴', '21');
INSERT INTO `t_city` VALUES ('207', '2106', '台州', '21');
INSERT INTO `t_city` VALUES ('208', '2107', '温州', '21');
INSERT INTO `t_city` VALUES ('209', '2108', '丽水', '21');
INSERT INTO `t_city` VALUES ('210', '2109', '金华', '21');
INSERT INTO `t_city` VALUES ('211', '2110', '衢州', '21');
INSERT INTO `t_city` VALUES ('212', '2111', '舟山', '21');
INSERT INTO `t_city` VALUES ('213', '2201', '合肥', '22');
INSERT INTO `t_city` VALUES ('214', '2202', '蚌埠', '22');
INSERT INTO `t_city` VALUES ('215', '2203', '芜湖', '22');
INSERT INTO `t_city` VALUES ('216', '2204', '淮南', '22');
INSERT INTO `t_city` VALUES ('217', '2205', '马鞍山', '22');
INSERT INTO `t_city` VALUES ('218', '2206', '安庆', '22');
INSERT INTO `t_city` VALUES ('219', '2207', '宿州', '22');
INSERT INTO `t_city` VALUES ('220', '2208', '阜阳', '22');
INSERT INTO `t_city` VALUES ('221', '2209', '亳州', '22');
INSERT INTO `t_city` VALUES ('222', '2210', '黄山', '22');
INSERT INTO `t_city` VALUES ('223', '2211', '滁州', '22');
INSERT INTO `t_city` VALUES ('224', '2212', '淮北', '22');
INSERT INTO `t_city` VALUES ('225', '2213', '铜陵', '22');
INSERT INTO `t_city` VALUES ('226', '2214', '宣城', '22');
INSERT INTO `t_city` VALUES ('227', '2215', '六安', '22');
INSERT INTO `t_city` VALUES ('228', '2216', '巢湖', '22');
INSERT INTO `t_city` VALUES ('229', '2217', '池州', '22');
INSERT INTO `t_city` VALUES ('230', '2301', '福州', '23');
INSERT INTO `t_city` VALUES ('231', '2302', '厦门', '23');
INSERT INTO `t_city` VALUES ('232', '2303', '宁德', '23');
INSERT INTO `t_city` VALUES ('233', '2304', '莆田', '23');
INSERT INTO `t_city` VALUES ('234', '2305', '泉州', '23');
INSERT INTO `t_city` VALUES ('235', '2306', '漳州', '23');
INSERT INTO `t_city` VALUES ('236', '2307', '龙岩', '23');
INSERT INTO `t_city` VALUES ('237', '2308', '三明', '23');
INSERT INTO `t_city` VALUES ('238', '2309', '南平', '23');
INSERT INTO `t_city` VALUES ('239', '2401', '南昌', '24');
INSERT INTO `t_city` VALUES ('240', '2402', '九江', '24');
INSERT INTO `t_city` VALUES ('241', '2403', '上饶', '24');
INSERT INTO `t_city` VALUES ('242', '2404', '抚州', '24');
INSERT INTO `t_city` VALUES ('243', '2405', '宜春', '24');
INSERT INTO `t_city` VALUES ('244', '2406', '吉安', '24');
INSERT INTO `t_city` VALUES ('245', '2407', '赣州', '24');
INSERT INTO `t_city` VALUES ('246', '2408', '景德镇', '24');
INSERT INTO `t_city` VALUES ('247', '2409', '萍乡', '24');
INSERT INTO `t_city` VALUES ('248', '2410', '新余', '24');
INSERT INTO `t_city` VALUES ('249', '2411', '鹰潭', '24');
INSERT INTO `t_city` VALUES ('250', '2501', '长沙', '25');
INSERT INTO `t_city` VALUES ('251', '2502', '湘潭', '25');
INSERT INTO `t_city` VALUES ('252', '2503', '株洲', '25');
INSERT INTO `t_city` VALUES ('253', '2504', '衡阳', '25');
INSERT INTO `t_city` VALUES ('254', '2505', '郴州', '25');
INSERT INTO `t_city` VALUES ('255', '2506', '常德', '25');
INSERT INTO `t_city` VALUES ('256', '2507', '益阳', '25');
INSERT INTO `t_city` VALUES ('257', '2508', '娄底', '25');
INSERT INTO `t_city` VALUES ('258', '2509', '邵阳', '25');
INSERT INTO `t_city` VALUES ('259', '2510', '岳阳', '25');
INSERT INTO `t_city` VALUES ('260', '2511', '张家界', '25');
INSERT INTO `t_city` VALUES ('261', '2512', '怀化', '25');
INSERT INTO `t_city` VALUES ('262', '2513', '永州', '25');
INSERT INTO `t_city` VALUES ('263', '2514', '湘西', '25');
INSERT INTO `t_city` VALUES ('264', '2601', '贵阳', '26');
INSERT INTO `t_city` VALUES ('265', '2602', '遵义', '26');
INSERT INTO `t_city` VALUES ('266', '2603', '安顺', '26');
INSERT INTO `t_city` VALUES ('267', '2604', '黔南', '26');
INSERT INTO `t_city` VALUES ('268', '2605', '黔东南', '26');
INSERT INTO `t_city` VALUES ('269', '2606', '铜仁', '26');
INSERT INTO `t_city` VALUES ('270', '2607', '毕节', '26');
INSERT INTO `t_city` VALUES ('271', '2608', '六盘水', '26');
INSERT INTO `t_city` VALUES ('272', '2609', '黔西南', '26');
INSERT INTO `t_city` VALUES ('273', '2701', '成都', '27');
INSERT INTO `t_city` VALUES ('274', '2702', '攀枝花', '27');
INSERT INTO `t_city` VALUES ('275', '2703', '自贡', '27');
INSERT INTO `t_city` VALUES ('276', '2704', '绵阳', '27');
INSERT INTO `t_city` VALUES ('277', '2705', '南充', '27');
INSERT INTO `t_city` VALUES ('278', '2706', '达州', '27');
INSERT INTO `t_city` VALUES ('279', '2707', '遂宁', '27');
INSERT INTO `t_city` VALUES ('280', '2708', '广安', '27');
INSERT INTO `t_city` VALUES ('281', '2709', '巴中', '27');
INSERT INTO `t_city` VALUES ('282', '2710', '泸州', '27');
INSERT INTO `t_city` VALUES ('283', '2711', '宜宾', '27');
INSERT INTO `t_city` VALUES ('284', '2712', '内江', '27');
INSERT INTO `t_city` VALUES ('285', '2713', '资阳', '27');
INSERT INTO `t_city` VALUES ('286', '2714', '乐山', '27');
INSERT INTO `t_city` VALUES ('287', '2715', '眉山', '27');
INSERT INTO `t_city` VALUES ('288', '2716', '凉山', '27');
INSERT INTO `t_city` VALUES ('289', '2717', '雅安', '27');
INSERT INTO `t_city` VALUES ('290', '2718', '甘孜', '27');
INSERT INTO `t_city` VALUES ('291', '2719', '阿坝', '27');
INSERT INTO `t_city` VALUES ('292', '2720', '德阳', '27');
INSERT INTO `t_city` VALUES ('293', '2721', '广元', '27');
INSERT INTO `t_city` VALUES ('294', '2801', '广州', '28');
INSERT INTO `t_city` VALUES ('295', '2802', '韶关', '28');
INSERT INTO `t_city` VALUES ('296', '2803', '惠州', '28');
INSERT INTO `t_city` VALUES ('297', '2804', '梅州', '28');
INSERT INTO `t_city` VALUES ('298', '2805', '汕头', '28');
INSERT INTO `t_city` VALUES ('299', '2806', '深圳', '28');
INSERT INTO `t_city` VALUES ('300', '2807', '珠海', '28');
INSERT INTO `t_city` VALUES ('301', '2808', '佛山', '28');
INSERT INTO `t_city` VALUES ('302', '2809', '肇庆', '28');
INSERT INTO `t_city` VALUES ('303', '2810', '湛江', '28');
INSERT INTO `t_city` VALUES ('304', '2811', '江门', '28');
INSERT INTO `t_city` VALUES ('305', '2812', '河源', '28');
INSERT INTO `t_city` VALUES ('306', '2813', '清远', '28');
INSERT INTO `t_city` VALUES ('307', '2814', '云浮', '28');
INSERT INTO `t_city` VALUES ('308', '2815', '潮州', '28');
INSERT INTO `t_city` VALUES ('309', '2816', '东莞', '28');
INSERT INTO `t_city` VALUES ('310', '2817', '中山', '28');
INSERT INTO `t_city` VALUES ('311', '2818', '阳江', '28');
INSERT INTO `t_city` VALUES ('312', '2819', '揭阳', '28');
INSERT INTO `t_city` VALUES ('313', '2820', '茂名', '28');
INSERT INTO `t_city` VALUES ('314', '2821', '汕尾', '28');
INSERT INTO `t_city` VALUES ('315', '2901', '昆明', '29');
INSERT INTO `t_city` VALUES ('316', '2902', '大理', '29');
INSERT INTO `t_city` VALUES ('317', '2903', '红河', '29');
INSERT INTO `t_city` VALUES ('318', '2904', '曲靖', '29');
INSERT INTO `t_city` VALUES ('319', '2905', '保山', '29');
INSERT INTO `t_city` VALUES ('320', '2906', '文山', '29');
INSERT INTO `t_city` VALUES ('321', '2907', '玉溪', '29');
INSERT INTO `t_city` VALUES ('322', '2908', '楚雄', '29');
INSERT INTO `t_city` VALUES ('323', '2909', '普洱', '29');
INSERT INTO `t_city` VALUES ('324', '2910', '昭通', '29');
INSERT INTO `t_city` VALUES ('325', '2911', '临沧', '29');
INSERT INTO `t_city` VALUES ('326', '2912', '怒江', '29');
INSERT INTO `t_city` VALUES ('327', '2913', '迪庆', '29');
INSERT INTO `t_city` VALUES ('328', '2914', '丽江', '29');
INSERT INTO `t_city` VALUES ('329', '2915', '德宏', '29');
INSERT INTO `t_city` VALUES ('330', '2916', '西双版纳', '29');
INSERT INTO `t_city` VALUES ('331', '3001', '南宁', '30');
INSERT INTO `t_city` VALUES ('332', '3002', '崇左', '30');
INSERT INTO `t_city` VALUES ('333', '3003', '柳州', '30');
INSERT INTO `t_city` VALUES ('334', '3004', '来宾', '30');
INSERT INTO `t_city` VALUES ('335', '3005', '桂林', '30');
INSERT INTO `t_city` VALUES ('336', '3006', '梧州', '30');
INSERT INTO `t_city` VALUES ('337', '3007', '贺州', '30');
INSERT INTO `t_city` VALUES ('338', '3008', '贵港', '30');
INSERT INTO `t_city` VALUES ('339', '3009', '玉林', '30');
INSERT INTO `t_city` VALUES ('340', '3010', '百色', '30');
INSERT INTO `t_city` VALUES ('341', '3011', '钦州', '30');
INSERT INTO `t_city` VALUES ('342', '3012', '河池', '30');
INSERT INTO `t_city` VALUES ('343', '3013', '北海', '30');
INSERT INTO `t_city` VALUES ('344', '3014', '防城港', '30');
INSERT INTO `t_city` VALUES ('345', '3101', '海口', '31');
INSERT INTO `t_city` VALUES ('346', '3102', '三亚', '31');
INSERT INTO `t_city` VALUES ('347', '3103', '东方', '31');
INSERT INTO `t_city` VALUES ('348', '3104', '临高', '31');
INSERT INTO `t_city` VALUES ('349', '3105', '澄迈', '31');
INSERT INTO `t_city` VALUES ('350', '3106', '儋州', '31');
INSERT INTO `t_city` VALUES ('351', '3107', '昌江', '31');
INSERT INTO `t_city` VALUES ('352', '3108', '白沙', '31');
INSERT INTO `t_city` VALUES ('353', '3109', '琼中', '31');
INSERT INTO `t_city` VALUES ('354', '3110', '定安', '31');
INSERT INTO `t_city` VALUES ('355', '3111', '屯昌', '31');
INSERT INTO `t_city` VALUES ('356', '3112', '琼海', '31');
INSERT INTO `t_city` VALUES ('357', '3113', '文昌', '31');
INSERT INTO `t_city` VALUES ('358', '3114', '保亭', '31');
INSERT INTO `t_city` VALUES ('359', '3115', '万宁', '31');
INSERT INTO `t_city` VALUES ('360', '3116', '陵水', '31');
INSERT INTO `t_city` VALUES ('361', '3117', '西沙', '31');
INSERT INTO `t_city` VALUES ('362', '3118', '南沙', '31');
INSERT INTO `t_city` VALUES ('363', '3119', '乐东', '31');
INSERT INTO `t_city` VALUES ('364', '3120', '五指山', '31');
INSERT INTO `t_city` VALUES ('365', '3201', '香港', '32');
INSERT INTO `t_city` VALUES ('366', '3301', '澳门', '33');
INSERT INTO `t_city` VALUES ('367', '3401', '台北', '34');
INSERT INTO `t_city` VALUES ('368', '3402', '高雄', '34');
INSERT INTO `t_city` VALUES ('369', '3403', '台中', '34');

-- ----------------------------
-- Table structure for `t_contect`
-- ----------------------------
DROP TABLE IF EXISTS `t_contect`;
CREATE TABLE `t_contect` (
  `id` int(11) NOT NULL AUTO_INCREMENT,
  `no` varchar(20) DEFAULT NULL,
  `name` varchar(50) DEFAULT NULL,
  `ref` varchar(10) DEFAULT NULL,
  `aid` int(11) DEFAULT NULL,
  `phone` varchar(11) DEFAULT NULL,
  `flag` int(11) DEFAULT NULL,
  PRIMARY KEY (`id`)
) ENGINE=InnoDB DEFAULT CHARSET=utf8;

-- ----------------------------
-- Records of t_contect
-- ----------------------------

-- ----------------------------
-- Table structure for `t_county`
-- ----------------------------
DROP TABLE IF EXISTS `t_county`;
CREATE TABLE `t_county` (
  `id` int(11) NOT NULL AUTO_INCREMENT,
  `no` varchar(8) DEFAULT NULL,
  `name` varchar(20) DEFAULT NULL,
  `weatherCode` varchar(10) DEFAULT NULL,
  `cno` varchar(5) DEFAULT NULL,
  PRIMARY KEY (`id`)
) ENGINE=InnoDB AUTO_INCREMENT=2573 DEFAULT CHARSET=utf8;

-- ----------------------------
-- Records of t_county
-- ----------------------------
INSERT INTO `t_county` VALUES ('1', '010101', '北京', '101010100', '0101');
INSERT INTO `t_county` VALUES ('2', '010102', '海淀', '101010200', '0101');
INSERT INTO `t_county` VALUES ('3', '010103', '朝阳', '101010300', '0101');
INSERT INTO `t_county` VALUES ('4', '010104', '顺义', '101010400', '0101');
INSERT INTO `t_county` VALUES ('5', '010105', '怀柔', '101010500', '0101');
INSERT INTO `t_county` VALUES ('6', '010106', '通州', '101010600', '0101');
INSERT INTO `t_county` VALUES ('7', '010107', '昌平', '101010700', '0101');
INSERT INTO `t_county` VALUES ('8', '010108', '延庆', '101010800', '0101');
INSERT INTO `t_county` VALUES ('9', '010109', '丰台', '101010900', '0101');
INSERT INTO `t_county` VALUES ('10', '010110', '石景山', '101011000', '0101');
INSERT INTO `t_county` VALUES ('11', '010111', '大兴', '101011100', '0101');
INSERT INTO `t_county` VALUES ('12', '010112', '房山', '101011200', '0101');
INSERT INTO `t_county` VALUES ('13', '010113', '密云', '101011300', '0101');
INSERT INTO `t_county` VALUES ('14', '010114', '门头沟', '101011400', '0101');
INSERT INTO `t_county` VALUES ('15', '010115', '平谷', '101011500', '0101');
INSERT INTO `t_county` VALUES ('16', '020101', '上海', '101020100', '0201');
INSERT INTO `t_county` VALUES ('17', '020102', '闵行', '101020200', '0201');
INSERT INTO `t_county` VALUES ('18', '020103', '宝山', '101020300', '0201');
INSERT INTO `t_county` VALUES ('19', '020104', '嘉定', '101020500', '0201');
INSERT INTO `t_county` VALUES ('20', '020105', '浦东南汇', '101020600', '0201');
INSERT INTO `t_county` VALUES ('21', '020106', '金山', '101020700', '0201');
INSERT INTO `t_county` VALUES ('22', '020107', '青浦', '101020800', '0201');
INSERT INTO `t_county` VALUES ('23', '020108', '松江', '101020900', '0201');
INSERT INTO `t_county` VALUES ('24', '020109', '奉贤', '101021000', '0201');
INSERT INTO `t_county` VALUES ('25', '020110', '崇明', '101021100', '0201');
INSERT INTO `t_county` VALUES ('26', '020111', '徐家汇', '101021200', '0201');
INSERT INTO `t_county` VALUES ('27', '020112', '浦东', '101021300', '0201');
INSERT INTO `t_county` VALUES ('28', '030101', '天津', '101030100', '0301');
INSERT INTO `t_county` VALUES ('29', '030102', '武清', '101030200', '0301');
INSERT INTO `t_county` VALUES ('30', '030103', '宝坻', '101030300', '0301');
INSERT INTO `t_county` VALUES ('31', '030104', '东丽', '101030400', '0301');
INSERT INTO `t_county` VALUES ('32', '030105', '西青', '101030500', '0301');
INSERT INTO `t_county` VALUES ('33', '030106', '北辰', '101030600', '0301');
INSERT INTO `t_county` VALUES ('34', '030107', '宁河', '101030700', '0301');
INSERT INTO `t_county` VALUES ('35', '030108', '汉沽', '101030800', '0301');
INSERT INTO `t_county` VALUES ('36', '030109', '静海', '101030900', '0301');
INSERT INTO `t_county` VALUES ('37', '030110', '津南', '101031000', '0301');
INSERT INTO `t_county` VALUES ('38', '030111', '塘沽', '101031100', '0301');
INSERT INTO `t_county` VALUES ('39', '030112', '大港', '101031200', '0301');
INSERT INTO `t_county` VALUES ('40', '030113', '蓟县', '101031400', '0301');
INSERT INTO `t_county` VALUES ('41', '040101', '重庆', '101040100', '0401');
INSERT INTO `t_county` VALUES ('42', '040102', '永川', '101040200', '0401');
INSERT INTO `t_county` VALUES ('43', '040103', '合川', '101040300', '0401');
INSERT INTO `t_county` VALUES ('44', '040104', '南川', '101040400', '0401');
INSERT INTO `t_county` VALUES ('45', '040105', '江津', '101040500', '0401');
INSERT INTO `t_county` VALUES ('46', '040106', '万盛', '101040600', '0401');
INSERT INTO `t_county` VALUES ('47', '040107', '渝北', '101040700', '0401');
INSERT INTO `t_county` VALUES ('48', '040108', '北碚', '101040800', '0401');
INSERT INTO `t_county` VALUES ('49', '040109', '巴南', '101040900', '0401');
INSERT INTO `t_county` VALUES ('50', '040110', '长寿', '101041000', '0401');
INSERT INTO `t_county` VALUES ('51', '040111', '黔江', '101041100', '0401');
INSERT INTO `t_county` VALUES ('52', '040112', '万州', '101041300', '0401');
INSERT INTO `t_county` VALUES ('53', '040113', '涪陵', '101041400', '0401');
INSERT INTO `t_county` VALUES ('54', '040114', '开县', '101041500', '0401');
INSERT INTO `t_county` VALUES ('55', '040115', '城口', '101041600', '0401');
INSERT INTO `t_county` VALUES ('56', '040116', '云阳', '101041700', '0401');
INSERT INTO `t_county` VALUES ('57', '040117', '巫溪', '101041800', '0401');
INSERT INTO `t_county` VALUES ('58', '040118', '奉节', '101041900', '0401');
INSERT INTO `t_county` VALUES ('59', '040119', '巫山', '101042000', '0401');
INSERT INTO `t_county` VALUES ('60', '040120', '潼南', '101042100', '0401');
INSERT INTO `t_county` VALUES ('61', '040121', '垫江', '101042200', '0401');
INSERT INTO `t_county` VALUES ('62', '040122', '梁平', '101042300', '0401');
INSERT INTO `t_county` VALUES ('63', '040123', '忠县', '101042400', '0401');
INSERT INTO `t_county` VALUES ('64', '040124', '石柱', '101042500', '0401');
INSERT INTO `t_county` VALUES ('65', '040125', '大足', '101042600', '0401');
INSERT INTO `t_county` VALUES ('66', '040126', '荣昌', '101042700', '0401');
INSERT INTO `t_county` VALUES ('67', '040127', '铜梁', '101042800', '0401');
INSERT INTO `t_county` VALUES ('68', '040128', '璧山', '101042900', '0401');
INSERT INTO `t_county` VALUES ('69', '040129', '丰都', '101043000', '0401');
INSERT INTO `t_county` VALUES ('70', '040130', '武隆', '101043100', '0401');
INSERT INTO `t_county` VALUES ('71', '040131', '彭水', '101043200', '0401');
INSERT INTO `t_county` VALUES ('72', '040132', '綦江', '101043300', '0401');
INSERT INTO `t_county` VALUES ('73', '040133', '酉阳', '101043400', '0401');
INSERT INTO `t_county` VALUES ('74', '040134', '秀山', '101043600', '0401');
INSERT INTO `t_county` VALUES ('75', '050101', '哈尔滨', '101050101', '0501');
INSERT INTO `t_county` VALUES ('76', '050102', '双城', '101050102', '0501');
INSERT INTO `t_county` VALUES ('77', '050103', '呼兰', '101050103', '0501');
INSERT INTO `t_county` VALUES ('78', '050104', '阿城', '101050104', '0501');
INSERT INTO `t_county` VALUES ('79', '050105', '宾县', '101050105', '0501');
INSERT INTO `t_county` VALUES ('80', '050106', '依兰', '101050106', '0501');
INSERT INTO `t_county` VALUES ('81', '050107', '巴彦', '101050107', '0501');
INSERT INTO `t_county` VALUES ('82', '050108', '通河', '101050108', '0501');
INSERT INTO `t_county` VALUES ('83', '050109', '方正', '101050109', '0501');
INSERT INTO `t_county` VALUES ('84', '050110', '延寿', '101050110', '0501');
INSERT INTO `t_county` VALUES ('85', '050111', '尚志', '101050111', '0501');
INSERT INTO `t_county` VALUES ('86', '050112', '五常', '101050112', '0501');
INSERT INTO `t_county` VALUES ('87', '050113', '木兰', '101050113', '0501');
INSERT INTO `t_county` VALUES ('88', '050201', '齐齐哈尔', '101050201', '0502');
INSERT INTO `t_county` VALUES ('89', '050202', '讷河', '101050202', '0502');
INSERT INTO `t_county` VALUES ('90', '050203', '龙江', '101050203', '0502');
INSERT INTO `t_county` VALUES ('91', '050204', '甘南', '101050204', '0502');
INSERT INTO `t_county` VALUES ('92', '050205', '富裕', '101050205', '0502');
INSERT INTO `t_county` VALUES ('93', '050206', '依安', '101050206', '0502');
INSERT INTO `t_county` VALUES ('94', '050207', '拜泉', '101050207', '0502');
INSERT INTO `t_county` VALUES ('95', '050208', '克山', '101050208', '0502');
INSERT INTO `t_county` VALUES ('96', '050209', '克东', '101050209', '0502');
INSERT INTO `t_county` VALUES ('97', '050210', '泰来', '101050210', '0502');
INSERT INTO `t_county` VALUES ('98', '050301', '牡丹江', '101050301', '0503');
INSERT INTO `t_county` VALUES ('99', '050302', '海林', '101050302', '0503');
INSERT INTO `t_county` VALUES ('100', '050303', '穆棱', '101050303', '0503');
INSERT INTO `t_county` VALUES ('101', '050304', '林口', '101050304', '0503');
INSERT INTO `t_county` VALUES ('102', '050305', '绥芬河', '101050305', '0503');
INSERT INTO `t_county` VALUES ('103', '050306', '宁安', '101050306', '0503');
INSERT INTO `t_county` VALUES ('104', '050307', '东宁', '101050307', '0503');
INSERT INTO `t_county` VALUES ('105', '050401', '佳木斯', '101050401', '0504');
INSERT INTO `t_county` VALUES ('106', '050402', '汤原', '101050402', '0504');
INSERT INTO `t_county` VALUES ('107', '050403', '抚远', '101050403', '0504');
INSERT INTO `t_county` VALUES ('108', '050404', '桦川', '101050404', '0504');
INSERT INTO `t_county` VALUES ('109', '050405', '桦南', '101050405', '0504');
INSERT INTO `t_county` VALUES ('110', '050406', '同江', '101050406', '0504');
INSERT INTO `t_county` VALUES ('111', '050407', '富锦', '101050407', '0504');
INSERT INTO `t_county` VALUES ('112', '050501', '绥化', '101050501', '0505');
INSERT INTO `t_county` VALUES ('113', '050502', '肇东', '101050502', '0505');
INSERT INTO `t_county` VALUES ('114', '050503', '安达', '101050503', '0505');
INSERT INTO `t_county` VALUES ('115', '050504', '海伦', '101050504', '0505');
INSERT INTO `t_county` VALUES ('116', '050505', '明水', '101050505', '0505');
INSERT INTO `t_county` VALUES ('117', '050506', '望奎', '101050506', '0505');
INSERT INTO `t_county` VALUES ('118', '050507', '兰西', '101050507', '0505');
INSERT INTO `t_county` VALUES ('119', '050508', '青冈', '101050508', '0505');
INSERT INTO `t_county` VALUES ('120', '050509', '庆安', '101050509', '0505');
INSERT INTO `t_county` VALUES ('121', '050510', '绥棱', '101050510', '0505');
INSERT INTO `t_county` VALUES ('122', '050601', '黑河', '101050601', '0506');
INSERT INTO `t_county` VALUES ('123', '050602', '嫩江', '101050602', '0506');
INSERT INTO `t_county` VALUES ('124', '050603', '孙吴', '101050603', '0506');
INSERT INTO `t_county` VALUES ('125', '050604', '逊克', '101050604', '0506');
INSERT INTO `t_county` VALUES ('126', '050605', '五大连池', '101050605', '0506');
INSERT INTO `t_county` VALUES ('127', '050606', '北安', '101050606', '0506');
INSERT INTO `t_county` VALUES ('128', '050701', '大兴安岭', '101050701', '0507');
INSERT INTO `t_county` VALUES ('129', '050702', '塔河', '101050702', '0507');
INSERT INTO `t_county` VALUES ('130', '050703', '漠河', '101050703', '0507');
INSERT INTO `t_county` VALUES ('131', '050704', '呼玛', '101050704', '0507');
INSERT INTO `t_county` VALUES ('132', '050705', '呼中', '101050705', '0507');
INSERT INTO `t_county` VALUES ('133', '050706', '新林', '101050706', '0507');
INSERT INTO `t_county` VALUES ('134', '050707', '加格达奇', '101050708', '0507');
INSERT INTO `t_county` VALUES ('135', '050801', '伊春', '101050801', '0508');
INSERT INTO `t_county` VALUES ('136', '050802', '乌伊岭', '101050802', '0508');
INSERT INTO `t_county` VALUES ('137', '050803', '五营', '101050803', '0508');
INSERT INTO `t_county` VALUES ('138', '050804', '铁力', '101050804', '0508');
INSERT INTO `t_county` VALUES ('139', '050805', '嘉荫', '101050805', '0508');
INSERT INTO `t_county` VALUES ('140', '050901', '大庆', '101050901', '0509');
INSERT INTO `t_county` VALUES ('141', '050902', '林甸', '101050902', '0509');
INSERT INTO `t_county` VALUES ('142', '050903', '肇州', '101050903', '0509');
INSERT INTO `t_county` VALUES ('143', '050904', '肇源', '101050904', '0509');
INSERT INTO `t_county` VALUES ('144', '050905', '杜尔伯特', '101050905', '0509');
INSERT INTO `t_county` VALUES ('145', '051001', '七台河', '101051002', '0510');
INSERT INTO `t_county` VALUES ('146', '051002', '勃利', '101051003', '0510');
INSERT INTO `t_county` VALUES ('147', '051101', '鸡西', '101051101', '0511');
INSERT INTO `t_county` VALUES ('148', '051102', '虎林', '101051102', '0511');
INSERT INTO `t_county` VALUES ('149', '051103', '密山', '101051103', '0511');
INSERT INTO `t_county` VALUES ('150', '051104', '鸡东', '101051104', '0511');
INSERT INTO `t_county` VALUES ('151', '051201', '鹤岗', '101051201', '0512');
INSERT INTO `t_county` VALUES ('152', '051202', '绥滨', '101051202', '0512');
INSERT INTO `t_county` VALUES ('153', '051203', '萝北', '101051203', '0512');
INSERT INTO `t_county` VALUES ('154', '051301', '双鸭山', '101051301', '0513');
INSERT INTO `t_county` VALUES ('155', '051302', '集贤', '101051302', '0513');
INSERT INTO `t_county` VALUES ('156', '051303', '宝清', '101051303', '0513');
INSERT INTO `t_county` VALUES ('157', '051304', '饶河', '101051304', '0513');
INSERT INTO `t_county` VALUES ('158', '051305', '友谊', '101051305', '0513');
INSERT INTO `t_county` VALUES ('159', '060101', '长春', '101060101', '0601');
INSERT INTO `t_county` VALUES ('160', '060102', '农安', '101060102', '0601');
INSERT INTO `t_county` VALUES ('161', '060103', '德惠', '101060103', '0601');
INSERT INTO `t_county` VALUES ('162', '060104', '九台', '101060104', '0601');
INSERT INTO `t_county` VALUES ('163', '060105', '榆树', '101060105', '0601');
INSERT INTO `t_county` VALUES ('164', '060106', '双阳', '101060106', '0601');
INSERT INTO `t_county` VALUES ('165', '060201', '吉林', '101060201', '0602');
INSERT INTO `t_county` VALUES ('166', '060202', '舒兰', '101060202', '0602');
INSERT INTO `t_county` VALUES ('167', '060203', '永吉', '101060203', '0602');
INSERT INTO `t_county` VALUES ('168', '060204', '蛟河', '101060204', '0602');
INSERT INTO `t_county` VALUES ('169', '060205', '磐石', '101060205', '0602');
INSERT INTO `t_county` VALUES ('170', '060206', '桦甸', '101060206', '0602');
INSERT INTO `t_county` VALUES ('171', '060301', '延吉', '101060301', '0603');
INSERT INTO `t_county` VALUES ('172', '060302', '敦化', '101060302', '0603');
INSERT INTO `t_county` VALUES ('173', '060303', '安图', '101060303', '0603');
INSERT INTO `t_county` VALUES ('174', '060304', '汪清', '101060304', '0603');
INSERT INTO `t_county` VALUES ('175', '060305', '和龙', '101060305', '0603');
INSERT INTO `t_county` VALUES ('176', '060306', '龙井', '101060307', '0603');
INSERT INTO `t_county` VALUES ('177', '060307', '珲春', '101060308', '0603');
INSERT INTO `t_county` VALUES ('178', '060308', '图们', '101060309', '0603');
INSERT INTO `t_county` VALUES ('179', '060401', '四平', '101060401', '0604');
INSERT INTO `t_county` VALUES ('180', '060402', '双辽', '101060402', '0604');
INSERT INTO `t_county` VALUES ('181', '060403', '梨树', '101060403', '0604');
INSERT INTO `t_county` VALUES ('182', '060404', '公主岭', '101060404', '0604');
INSERT INTO `t_county` VALUES ('183', '060405', '伊通', '101060405', '0604');
INSERT INTO `t_county` VALUES ('184', '060501', '通化', '101060501', '0605');
INSERT INTO `t_county` VALUES ('185', '060502', '梅河口', '101060502', '0605');
INSERT INTO `t_county` VALUES ('186', '060503', '柳河', '101060503', '0605');
INSERT INTO `t_county` VALUES ('187', '060504', '辉南', '101060504', '0605');
INSERT INTO `t_county` VALUES ('188', '060505', '集安', '101060505', '0605');
INSERT INTO `t_county` VALUES ('189', '060506', '通化县', '101060506', '0605');
INSERT INTO `t_county` VALUES ('190', '060601', '白城', '101060601', '0606');
INSERT INTO `t_county` VALUES ('191', '060602', '洮南', '101060602', '0606');
INSERT INTO `t_county` VALUES ('192', '060603', '大安', '101060603', '0606');
INSERT INTO `t_county` VALUES ('193', '060604', '镇赉', '101060604', '0606');
INSERT INTO `t_county` VALUES ('194', '060605', '通榆', '101060605', '0606');
INSERT INTO `t_county` VALUES ('195', '060701', '辽源', '101060701', '0607');
INSERT INTO `t_county` VALUES ('196', '060702', '东丰', '101060702', '0607');
INSERT INTO `t_county` VALUES ('197', '060703', '东辽', '101060703', '0607');
INSERT INTO `t_county` VALUES ('198', '060801', '松原', '101060801', '0608');
INSERT INTO `t_county` VALUES ('199', '060802', '乾安', '101060802', '0608');
INSERT INTO `t_county` VALUES ('200', '060803', '前郭', '101060803', '0608');
INSERT INTO `t_county` VALUES ('201', '060804', '长岭', '101060804', '0608');
INSERT INTO `t_county` VALUES ('202', '060805', '扶余', '101060805', '0608');
INSERT INTO `t_county` VALUES ('203', '060901', '白山', '101060901', '0609');
INSERT INTO `t_county` VALUES ('204', '060902', '靖宇', '101060902', '0609');
INSERT INTO `t_county` VALUES ('205', '060903', '临江', '101060903', '0609');
INSERT INTO `t_county` VALUES ('206', '060904', '东岗', '101060904', '0609');
INSERT INTO `t_county` VALUES ('207', '060905', '长白', '101060905', '0609');
INSERT INTO `t_county` VALUES ('208', '060906', '抚松', '101060906', '0609');
INSERT INTO `t_county` VALUES ('209', '060907', '江源', '101060907', '0609');
INSERT INTO `t_county` VALUES ('210', '070101', '沈阳', '101070101', '0701');
INSERT INTO `t_county` VALUES ('211', '070102', '辽中', '101070103', '0701');
INSERT INTO `t_county` VALUES ('212', '070103', '康平', '101070104', '0701');
INSERT INTO `t_county` VALUES ('213', '070104', '法库', '101070105', '0701');
INSERT INTO `t_county` VALUES ('214', '070105', '新民', '101070106', '0701');
INSERT INTO `t_county` VALUES ('215', '070201', '大连', '101070201', '0702');
INSERT INTO `t_county` VALUES ('216', '070202', '瓦房店', '101070202', '0702');
INSERT INTO `t_county` VALUES ('217', '070203', '金州', '101070203', '0702');
INSERT INTO `t_county` VALUES ('218', '070204', '普兰店', '101070204', '0702');
INSERT INTO `t_county` VALUES ('219', '070205', '旅顺', '101070205', '0702');
INSERT INTO `t_county` VALUES ('220', '070206', '长海', '101070206', '0702');
INSERT INTO `t_county` VALUES ('221', '070207', '庄河', '101070207', '0702');
INSERT INTO `t_county` VALUES ('222', '070301', '鞍山', '101070301', '0703');
INSERT INTO `t_county` VALUES ('223', '070302', '台安', '101070302', '0703');
INSERT INTO `t_county` VALUES ('224', '070303', '岫岩', '101070303', '0703');
INSERT INTO `t_county` VALUES ('225', '070304', '海城', '101070304', '0703');
INSERT INTO `t_county` VALUES ('226', '070401', '抚顺', '101070401', '0704');
INSERT INTO `t_county` VALUES ('227', '070402', '新宾', '101070402', '0704');
INSERT INTO `t_county` VALUES ('228', '070403', '清原', '101070403', '0704');
INSERT INTO `t_county` VALUES ('229', '070404', '章党', '101070404', '0704');
INSERT INTO `t_county` VALUES ('230', '070501', '本溪', '101070501', '0705');
INSERT INTO `t_county` VALUES ('231', '070502', '本溪县', '101070502', '0705');
INSERT INTO `t_county` VALUES ('232', '070503', '桓仁', '101070504', '0705');
INSERT INTO `t_county` VALUES ('233', '070601', '丹东', '101070601', '0706');
INSERT INTO `t_county` VALUES ('234', '070602', '凤城', '101070602', '0706');
INSERT INTO `t_county` VALUES ('235', '070603', '宽甸', '101070603', '0706');
INSERT INTO `t_county` VALUES ('236', '070604', '东港', '101070604', '0706');
INSERT INTO `t_county` VALUES ('237', '070701', '锦州', '101070701', '0707');
INSERT INTO `t_county` VALUES ('238', '070702', '凌海', '101070702', '0707');
INSERT INTO `t_county` VALUES ('239', '070703', '义县', '101070704', '0707');
INSERT INTO `t_county` VALUES ('240', '070704', '黑山', '101070705', '0707');
INSERT INTO `t_county` VALUES ('241', '070705', '北镇', '101070706', '0707');
INSERT INTO `t_county` VALUES ('242', '070801', '营口', '101070801', '0708');
INSERT INTO `t_county` VALUES ('243', '070802', '大石桥', '101070802', '0708');
INSERT INTO `t_county` VALUES ('244', '070803', '盖州', '101070803', '0708');
INSERT INTO `t_county` VALUES ('245', '070901', '阜新', '101070901', '0709');
INSERT INTO `t_county` VALUES ('246', '070902', '彰武', '101070902', '0709');
INSERT INTO `t_county` VALUES ('247', '071001', '辽阳', '101071001', '0710');
INSERT INTO `t_county` VALUES ('248', '071002', '辽阳县', '101071002', '0710');
INSERT INTO `t_county` VALUES ('249', '071003', '灯塔', '101071003', '0710');
INSERT INTO `t_county` VALUES ('250', '071004', '弓长岭', '101071004', '0710');
INSERT INTO `t_county` VALUES ('251', '071101', '铁岭', '101071101', '0711');
INSERT INTO `t_county` VALUES ('252', '071102', '开原', '101071102', '0711');
INSERT INTO `t_county` VALUES ('253', '071103', '昌图', '101071103', '0711');
INSERT INTO `t_county` VALUES ('254', '071104', '西丰', '101071104', '0711');
INSERT INTO `t_county` VALUES ('255', '071105', '调兵山', '101071105', '0711');
INSERT INTO `t_county` VALUES ('256', '071201', '朝阳', '101071201', '0712');
INSERT INTO `t_county` VALUES ('257', '071202', '凌源', '101071203', '0712');
INSERT INTO `t_county` VALUES ('258', '071203', '喀左', '101071204', '0712');
INSERT INTO `t_county` VALUES ('259', '071204', '北票', '101071205', '0712');
INSERT INTO `t_county` VALUES ('260', '071205', '建平县', '101071207', '0712');
INSERT INTO `t_county` VALUES ('261', '071301', '盘锦', '101071301', '0713');
INSERT INTO `t_county` VALUES ('262', '071302', '大洼', '101071302', '0713');
INSERT INTO `t_county` VALUES ('263', '071303', '盘山', '101071303', '0713');
INSERT INTO `t_county` VALUES ('264', '071401', '葫芦岛', '101071401', '0714');
INSERT INTO `t_county` VALUES ('265', '071402', '建昌', '101071402', '0714');
INSERT INTO `t_county` VALUES ('266', '071403', '绥中', '101071403', '0714');
INSERT INTO `t_county` VALUES ('267', '071404', '兴城', '101071404', '0714');
INSERT INTO `t_county` VALUES ('268', '080101', '呼和浩特', '101080101', '0801');
INSERT INTO `t_county` VALUES ('269', '080102', '土左旗', '101080102', '0801');
INSERT INTO `t_county` VALUES ('270', '080103', '托县', '101080103', '0801');
INSERT INTO `t_county` VALUES ('271', '080104', '和林', '101080104', '0801');
INSERT INTO `t_county` VALUES ('272', '080105', '清水河', '101080105', '0801');
INSERT INTO `t_county` VALUES ('273', '080106', '呼市郊区', '101080106', '0801');
INSERT INTO `t_county` VALUES ('274', '080107', '武川', '101080107', '0801');
INSERT INTO `t_county` VALUES ('275', '080201', '包头', '101080201', '0802');
INSERT INTO `t_county` VALUES ('276', '080202', '白云鄂博', '101080202', '0802');
INSERT INTO `t_county` VALUES ('277', '080203', '满都拉', '101080203', '0802');
INSERT INTO `t_county` VALUES ('278', '080204', '土右旗', '101080204', '0802');
INSERT INTO `t_county` VALUES ('279', '080205', '固阳', '101080205', '0802');
INSERT INTO `t_county` VALUES ('280', '080206', '达茂旗', '101080206', '0802');
INSERT INTO `t_county` VALUES ('281', '080207', '希拉穆仁', '101080207', '0802');
INSERT INTO `t_county` VALUES ('282', '080301', '乌海', '101080301', '0803');
INSERT INTO `t_county` VALUES ('283', '080401', '集宁', '101080401', '0804');
INSERT INTO `t_county` VALUES ('284', '080402', '卓资', '101080402', '0804');
INSERT INTO `t_county` VALUES ('285', '080403', '化德', '101080403', '0804');
INSERT INTO `t_county` VALUES ('286', '080404', '商都', '101080404', '0804');
INSERT INTO `t_county` VALUES ('287', '080405', '兴和', '101080406', '0804');
INSERT INTO `t_county` VALUES ('288', '080406', '凉城', '101080407', '0804');
INSERT INTO `t_county` VALUES ('289', '080407', '察右前旗', '101080408', '0804');
INSERT INTO `t_county` VALUES ('290', '080408', '察右中旗', '101080409', '0804');
INSERT INTO `t_county` VALUES ('291', '080409', '察右后旗', '101080410', '0804');
INSERT INTO `t_county` VALUES ('292', '080410', '四子王旗', '101080411', '0804');
INSERT INTO `t_county` VALUES ('293', '080411', '丰镇', '101080412', '0804');
INSERT INTO `t_county` VALUES ('294', '080501', '通辽', '101080501', '0805');
INSERT INTO `t_county` VALUES ('295', '080502', '舍伯吐', '101080502', '0805');
INSERT INTO `t_county` VALUES ('296', '080503', '科左中旗', '101080503', '0805');
INSERT INTO `t_county` VALUES ('297', '080504', '科左后旗', '101080504', '0805');
INSERT INTO `t_county` VALUES ('298', '080505', '青龙山', '101080505', '0805');
INSERT INTO `t_county` VALUES ('299', '080506', '开鲁', '101080506', '0805');
INSERT INTO `t_county` VALUES ('300', '080507', '库伦', '101080507', '0805');
INSERT INTO `t_county` VALUES ('301', '080508', '奈曼', '101080508', '0805');
INSERT INTO `t_county` VALUES ('302', '080509', '扎鲁特', '101080509', '0805');
INSERT INTO `t_county` VALUES ('303', '080510', '巴雅尔吐胡硕', '101080511', '0805');
INSERT INTO `t_county` VALUES ('304', '080511', '霍林郭勒', '101081108', '0805');
INSERT INTO `t_county` VALUES ('305', '080601', '赤峰', '101080601', '0806');
INSERT INTO `t_county` VALUES ('306', '080602', '阿鲁旗', '101080603', '0806');
INSERT INTO `t_county` VALUES ('307', '080603', '浩尔吐', '101080604', '0806');
INSERT INTO `t_county` VALUES ('308', '080604', '巴林左旗', '101080605', '0806');
INSERT INTO `t_county` VALUES ('309', '080605', '巴林右旗', '101080606', '0806');
INSERT INTO `t_county` VALUES ('310', '080606', '林西', '101080607', '0806');
INSERT INTO `t_county` VALUES ('311', '080607', '克什克腾', '101080608', '0806');
INSERT INTO `t_county` VALUES ('312', '080608', '翁牛特', '101080609', '0806');
INSERT INTO `t_county` VALUES ('313', '080609', '岗子', '101080610', '0806');
INSERT INTO `t_county` VALUES ('314', '080610', '喀喇沁', '101080611', '0806');
INSERT INTO `t_county` VALUES ('315', '080611', '八里罕', '101080612', '0806');
INSERT INTO `t_county` VALUES ('316', '080612', '宁城', '101080613', '0806');
INSERT INTO `t_county` VALUES ('317', '080613', '敖汉', '101080614', '0806');
INSERT INTO `t_county` VALUES ('318', '080614', '宝国吐', '101080615', '0806');
INSERT INTO `t_county` VALUES ('319', '080701', '鄂尔多斯', '101080701', '0807');
INSERT INTO `t_county` VALUES ('320', '080702', '达拉特', '101080703', '0807');
INSERT INTO `t_county` VALUES ('321', '080703', '准格尔', '101080704', '0807');
INSERT INTO `t_county` VALUES ('322', '080704', '鄂前旗', '101080705', '0807');
INSERT INTO `t_county` VALUES ('323', '080705', '河南', '101080706', '0807');
INSERT INTO `t_county` VALUES ('324', '080706', '伊克乌素', '101080707', '0807');
INSERT INTO `t_county` VALUES ('325', '080707', '鄂托克', '101080708', '0807');
INSERT INTO `t_county` VALUES ('326', '080708', '杭锦旗', '101080709', '0807');
INSERT INTO `t_county` VALUES ('327', '080709', '乌审旗', '101080710', '0807');
INSERT INTO `t_county` VALUES ('328', '080710', '伊金霍洛', '101080711', '0807');
INSERT INTO `t_county` VALUES ('329', '080711', '乌审召', '101080712', '0807');
INSERT INTO `t_county` VALUES ('330', '080712', '东胜', '101080713', '0807');
INSERT INTO `t_county` VALUES ('331', '080801', '临河', '101080801', '0808');
INSERT INTO `t_county` VALUES ('332', '080802', '五原', '101080802', '0808');
INSERT INTO `t_county` VALUES ('333', '080803', '磴口', '101080803', '0808');
INSERT INTO `t_county` VALUES ('334', '080804', '乌前旗', '101080804', '0808');
INSERT INTO `t_county` VALUES ('335', '080805', '大佘太', '101080805', '0808');
INSERT INTO `t_county` VALUES ('336', '080806', '乌中旗', '101080806', '0808');
INSERT INTO `t_county` VALUES ('337', '080807', '乌后旗', '101080807', '0808');
INSERT INTO `t_county` VALUES ('338', '080808', '海力素', '101080808', '0808');
INSERT INTO `t_county` VALUES ('339', '080809', '那仁宝力格', '101080809', '0808');
INSERT INTO `t_county` VALUES ('340', '080810', '杭锦后旗', '101080810', '0808');
INSERT INTO `t_county` VALUES ('341', '080901', '锡林浩特', '101080901', '0809');
INSERT INTO `t_county` VALUES ('342', '080902', '二连浩特', '101080903', '0809');
INSERT INTO `t_county` VALUES ('343', '080903', '阿巴嘎', '101080904', '0809');
INSERT INTO `t_county` VALUES ('344', '080904', '苏左旗', '101080906', '0809');
INSERT INTO `t_county` VALUES ('345', '080905', '苏右旗', '101080907', '0809');
INSERT INTO `t_county` VALUES ('346', '080906', '朱日和', '101080908', '0809');
INSERT INTO `t_county` VALUES ('347', '080907', '东乌旗', '101080909', '0809');
INSERT INTO `t_county` VALUES ('348', '080908', '西乌旗', '101080910', '0809');
INSERT INTO `t_county` VALUES ('349', '080909', '太仆寺', '101080911', '0809');
INSERT INTO `t_county` VALUES ('350', '080910', '镶黄旗', '101080912', '0809');
INSERT INTO `t_county` VALUES ('351', '080911', '正镶白旗', '101080913', '0809');
INSERT INTO `t_county` VALUES ('352', '080912', '正蓝旗', '101080914', '0809');
INSERT INTO `t_county` VALUES ('353', '080913', '多伦', '101080915', '0809');
INSERT INTO `t_county` VALUES ('354', '080914', '博克图', '101080916', '0809');
INSERT INTO `t_county` VALUES ('355', '080915', '乌拉盖', '101080917', '0809');
INSERT INTO `t_county` VALUES ('356', '081001', '海拉尔', '101081001', '0810');
INSERT INTO `t_county` VALUES ('357', '081002', '小二沟', '101081002', '0810');
INSERT INTO `t_county` VALUES ('358', '081003', '阿荣旗', '101081003', '0810');
INSERT INTO `t_county` VALUES ('359', '081004', '莫力达瓦', '101081004', '0810');
INSERT INTO `t_county` VALUES ('360', '081005', '鄂伦春旗', '101081005', '0810');
INSERT INTO `t_county` VALUES ('361', '081006', '鄂温克旗', '101081006', '0810');
INSERT INTO `t_county` VALUES ('362', '081007', '陈旗', '101081007', '0810');
INSERT INTO `t_county` VALUES ('363', '081008', '新左旗', '101081008', '0810');
INSERT INTO `t_county` VALUES ('364', '081009', '新右旗', '101081009', '0810');
INSERT INTO `t_county` VALUES ('365', '081010', '满洲里', '101081010', '0810');
INSERT INTO `t_county` VALUES ('366', '081011', '牙克石', '101081011', '0810');
INSERT INTO `t_county` VALUES ('367', '081012', '扎兰屯', '101081012', '0810');
INSERT INTO `t_county` VALUES ('368', '081013', '额尔古纳', '101081014', '0810');
INSERT INTO `t_county` VALUES ('369', '081014', '根河', '101081015', '0810');
INSERT INTO `t_county` VALUES ('370', '081015', '图里河', '101081016', '0810');
INSERT INTO `t_county` VALUES ('371', '081101', '高力板', '101080510', '0811');
INSERT INTO `t_county` VALUES ('372', '081102', '乌兰浩特', '101081101', '0811');
INSERT INTO `t_county` VALUES ('373', '081103', '阿尔山', '101081102', '0811');
INSERT INTO `t_county` VALUES ('374', '081104', '科右中旗', '101081103', '0811');
INSERT INTO `t_county` VALUES ('375', '081105', '胡尔勒', '101081104', '0811');
INSERT INTO `t_county` VALUES ('376', '081106', '扎赉特', '101081105', '0811');
INSERT INTO `t_county` VALUES ('377', '081107', '索伦', '101081106', '0811');
INSERT INTO `t_county` VALUES ('378', '081108', '突泉', '101081107', '0811');
INSERT INTO `t_county` VALUES ('379', '081109', '科右前旗', '101081109', '0811');
INSERT INTO `t_county` VALUES ('380', '081201', '阿左旗', '101081201', '0812');
INSERT INTO `t_county` VALUES ('381', '081202', '阿右旗', '101081202', '0812');
INSERT INTO `t_county` VALUES ('382', '081203', '额济纳', '101081203', '0812');
INSERT INTO `t_county` VALUES ('383', '081204', '拐子湖', '101081204', '0812');
INSERT INTO `t_county` VALUES ('384', '081205', '吉兰太', '101081205', '0812');
INSERT INTO `t_county` VALUES ('385', '081206', '锡林高勒', '101081206', '0812');
INSERT INTO `t_county` VALUES ('386', '081207', '头道湖', '101081207', '0812');
INSERT INTO `t_county` VALUES ('387', '081208', '中泉子', '101081208', '0812');
INSERT INTO `t_county` VALUES ('388', '081209', '诺尔公', '101081209', '0812');
INSERT INTO `t_county` VALUES ('389', '081210', '雅布赖', '101081210', '0812');
INSERT INTO `t_county` VALUES ('390', '081211', '乌斯泰', '101081211', '0812');
INSERT INTO `t_county` VALUES ('391', '081212', '孪井滩', '101081212', '0812');
INSERT INTO `t_county` VALUES ('392', '090101', '石家庄', '101090101', '0901');
INSERT INTO `t_county` VALUES ('393', '090102', '井陉', '101090102', '0901');
INSERT INTO `t_county` VALUES ('394', '090103', '正定', '101090103', '0901');
INSERT INTO `t_county` VALUES ('395', '090104', '栾城', '101090104', '0901');
INSERT INTO `t_county` VALUES ('396', '090105', '行唐', '101090105', '0901');
INSERT INTO `t_county` VALUES ('397', '090106', '灵寿', '101090106', '0901');
INSERT INTO `t_county` VALUES ('398', '090107', '高邑', '101090107', '0901');
INSERT INTO `t_county` VALUES ('399', '090108', '深泽', '101090108', '0901');
INSERT INTO `t_county` VALUES ('400', '090109', '赞皇', '101090109', '0901');
INSERT INTO `t_county` VALUES ('401', '090110', '无极', '101090110', '0901');
INSERT INTO `t_county` VALUES ('402', '090111', '平山', '101090111', '0901');
INSERT INTO `t_county` VALUES ('403', '090112', '元氏', '101090112', '0901');
INSERT INTO `t_county` VALUES ('404', '090113', '赵县', '101090113', '0901');
INSERT INTO `t_county` VALUES ('405', '090114', '辛集', '101090114', '0901');
INSERT INTO `t_county` VALUES ('406', '090115', '藁城', '101090115', '0901');
INSERT INTO `t_county` VALUES ('407', '090116', '晋州', '101090116', '0901');
INSERT INTO `t_county` VALUES ('408', '090117', '新乐', '101090117', '0901');
INSERT INTO `t_county` VALUES ('409', '090118', '鹿泉', '101090118', '0901');
INSERT INTO `t_county` VALUES ('410', '090201', '保定', '101090201', '0902');
INSERT INTO `t_county` VALUES ('411', '090202', '满城', '101090202', '0902');
INSERT INTO `t_county` VALUES ('412', '090203', '阜平', '101090203', '0902');
INSERT INTO `t_county` VALUES ('413', '090204', '徐水', '101090204', '0902');
INSERT INTO `t_county` VALUES ('414', '090205', '唐县', '101090205', '0902');
INSERT INTO `t_county` VALUES ('415', '090206', '高阳', '101090206', '0902');
INSERT INTO `t_county` VALUES ('416', '090207', '容城', '101090207', '0902');
INSERT INTO `t_county` VALUES ('417', '090208', '涞源', '101090209', '0902');
INSERT INTO `t_county` VALUES ('418', '090209', '望都', '101090210', '0902');
INSERT INTO `t_county` VALUES ('419', '090210', '安新', '101090211', '0902');
INSERT INTO `t_county` VALUES ('420', '090211', '易县', '101090212', '0902');
INSERT INTO `t_county` VALUES ('421', '090212', '曲阳', '101090214', '0902');
INSERT INTO `t_county` VALUES ('422', '090213', '蠡县', '101090215', '0902');
INSERT INTO `t_county` VALUES ('423', '090214', '顺平', '101090216', '0902');
INSERT INTO `t_county` VALUES ('424', '090215', '雄县', '101090217', '0902');
INSERT INTO `t_county` VALUES ('425', '090216', '涿州', '101090218', '0902');
INSERT INTO `t_county` VALUES ('426', '090217', '定州', '101090219', '0902');
INSERT INTO `t_county` VALUES ('427', '090218', '安国', '101090220', '0902');
INSERT INTO `t_county` VALUES ('428', '090219', '高碑店', '101090221', '0902');
INSERT INTO `t_county` VALUES ('429', '090220', '涞水', '101090222', '0902');
INSERT INTO `t_county` VALUES ('430', '090221', '定兴', '101090223', '0902');
INSERT INTO `t_county` VALUES ('431', '090222', '清苑', '101090224', '0902');
INSERT INTO `t_county` VALUES ('432', '090223', '博野', '101090225', '0902');
INSERT INTO `t_county` VALUES ('433', '090301', '张家口', '101090301', '0903');
INSERT INTO `t_county` VALUES ('434', '090302', '宣化', '101090302', '0903');
INSERT INTO `t_county` VALUES ('435', '090303', '张北', '101090303', '0903');
INSERT INTO `t_county` VALUES ('436', '090304', '康保', '101090304', '0903');
INSERT INTO `t_county` VALUES ('437', '090305', '沽源', '101090305', '0903');
INSERT INTO `t_county` VALUES ('438', '090306', '尚义', '101090306', '0903');
INSERT INTO `t_county` VALUES ('439', '090307', '蔚县', '101090307', '0903');
INSERT INTO `t_county` VALUES ('440', '090308', '阳原', '101090308', '0903');
INSERT INTO `t_county` VALUES ('441', '090309', '怀安', '101090309', '0903');
INSERT INTO `t_county` VALUES ('442', '090310', '万全', '101090310', '0903');
INSERT INTO `t_county` VALUES ('443', '090311', '怀来', '101090311', '0903');
INSERT INTO `t_county` VALUES ('444', '090312', '涿鹿', '101090312', '0903');
INSERT INTO `t_county` VALUES ('445', '090313', '赤城', '101090313', '0903');
INSERT INTO `t_county` VALUES ('446', '090314', '崇礼', '101090314', '0903');
INSERT INTO `t_county` VALUES ('447', '090401', '承德', '101090402', '0904');
INSERT INTO `t_county` VALUES ('448', '090402', '承德县', '101090403', '0904');
INSERT INTO `t_county` VALUES ('449', '090403', '兴隆', '101090404', '0904');
INSERT INTO `t_county` VALUES ('450', '090404', '平泉', '101090405', '0904');
INSERT INTO `t_county` VALUES ('451', '090405', '滦平', '101090406', '0904');
INSERT INTO `t_county` VALUES ('452', '090406', '隆化', '101090407', '0904');
INSERT INTO `t_county` VALUES ('453', '090407', '丰宁', '101090408', '0904');
INSERT INTO `t_county` VALUES ('454', '090408', '宽城', '101090409', '0904');
INSERT INTO `t_county` VALUES ('455', '090409', '围场', '101090410', '0904');
INSERT INTO `t_county` VALUES ('456', '090501', '唐山', '101090501', '0905');
INSERT INTO `t_county` VALUES ('457', '090502', '丰南', '101090502', '0905');
INSERT INTO `t_county` VALUES ('458', '090503', '丰润', '101090503', '0905');
INSERT INTO `t_county` VALUES ('459', '090504', '滦县', '101090504', '0905');
INSERT INTO `t_county` VALUES ('460', '090505', '滦南', '101090505', '0905');
INSERT INTO `t_county` VALUES ('461', '090506', '乐亭', '101090506', '0905');
INSERT INTO `t_county` VALUES ('462', '090507', '迁西', '101090507', '0905');
INSERT INTO `t_county` VALUES ('463', '090508', '玉田', '101090508', '0905');
INSERT INTO `t_county` VALUES ('464', '090509', '唐海', '101090509', '0905');
INSERT INTO `t_county` VALUES ('465', '090510', '遵化', '101090510', '0905');
INSERT INTO `t_county` VALUES ('466', '090511', '迁安', '101090511', '0905');
INSERT INTO `t_county` VALUES ('467', '090512', '曹妃甸', '101090512', '0905');
INSERT INTO `t_county` VALUES ('468', '090601', '廊坊', '101090601', '0906');
INSERT INTO `t_county` VALUES ('469', '090602', '固安', '101090602', '0906');
INSERT INTO `t_county` VALUES ('470', '090603', '永清', '101090603', '0906');
INSERT INTO `t_county` VALUES ('471', '090604', '香河', '101090604', '0906');
INSERT INTO `t_county` VALUES ('472', '090605', '大城', '101090605', '0906');
INSERT INTO `t_county` VALUES ('473', '090606', '文安', '101090606', '0906');
INSERT INTO `t_county` VALUES ('474', '090607', '大厂', '101090607', '0906');
INSERT INTO `t_county` VALUES ('475', '090608', '霸州', '101090608', '0906');
INSERT INTO `t_county` VALUES ('476', '090609', '三河', '101090609', '0906');
INSERT INTO `t_county` VALUES ('477', '090701', '沧州', '101090701', '0907');
INSERT INTO `t_county` VALUES ('478', '090702', '青县', '101090702', '0907');
INSERT INTO `t_county` VALUES ('479', '090703', '东光', '101090703', '0907');
INSERT INTO `t_county` VALUES ('480', '090704', '海兴', '101090704', '0907');
INSERT INTO `t_county` VALUES ('481', '090705', '盐山', '101090705', '0907');
INSERT INTO `t_county` VALUES ('482', '090706', '肃宁', '101090706', '0907');
INSERT INTO `t_county` VALUES ('483', '090707', '南皮', '101090707', '0907');
INSERT INTO `t_county` VALUES ('484', '090708', '吴桥', '101090708', '0907');
INSERT INTO `t_county` VALUES ('485', '090709', '献县', '101090709', '0907');
INSERT INTO `t_county` VALUES ('486', '090710', '孟村', '101090710', '0907');
INSERT INTO `t_county` VALUES ('487', '090711', '泊头', '101090711', '0907');
INSERT INTO `t_county` VALUES ('488', '090712', '任丘', '101090712', '0907');
INSERT INTO `t_county` VALUES ('489', '090713', '黄骅', '101090713', '0907');
INSERT INTO `t_county` VALUES ('490', '090714', '河间', '101090714', '0907');
INSERT INTO `t_county` VALUES ('491', '090715', '沧县', '101090716', '0907');
INSERT INTO `t_county` VALUES ('492', '090801', '衡水', '101090801', '0908');
INSERT INTO `t_county` VALUES ('493', '090802', '枣强', '101090802', '0908');
INSERT INTO `t_county` VALUES ('494', '090803', '武邑', '101090803', '0908');
INSERT INTO `t_county` VALUES ('495', '090804', '武强', '101090804', '0908');
INSERT INTO `t_county` VALUES ('496', '090805', '饶阳', '101090805', '0908');
INSERT INTO `t_county` VALUES ('497', '090806', '安平', '101090806', '0908');
INSERT INTO `t_county` VALUES ('498', '090807', '故城', '101090807', '0908');
INSERT INTO `t_county` VALUES ('499', '090808', '景县', '101090808', '0908');
INSERT INTO `t_county` VALUES ('500', '090809', '阜城', '101090809', '0908');
INSERT INTO `t_county` VALUES ('501', '090810', '冀州', '101090810', '0908');
INSERT INTO `t_county` VALUES ('502', '090811', '深州', '101090811', '0908');
INSERT INTO `t_county` VALUES ('503', '090901', '邢台', '101090901', '0909');
INSERT INTO `t_county` VALUES ('504', '090902', '临城', '101090902', '0909');
INSERT INTO `t_county` VALUES ('505', '090903', '内丘', '101090904', '0909');
INSERT INTO `t_county` VALUES ('506', '090904', '柏乡', '101090905', '0909');
INSERT INTO `t_county` VALUES ('507', '090905', '隆尧', '101090906', '0909');
INSERT INTO `t_county` VALUES ('508', '090906', '南和', '101090907', '0909');
INSERT INTO `t_county` VALUES ('509', '090907', '宁晋', '101090908', '0909');
INSERT INTO `t_county` VALUES ('510', '090908', '巨鹿', '101090909', '0909');
INSERT INTO `t_county` VALUES ('511', '090909', '新河', '101090910', '0909');
INSERT INTO `t_county` VALUES ('512', '090910', '广宗', '101090911', '0909');
INSERT INTO `t_county` VALUES ('513', '090911', '平乡', '101090912', '0909');
INSERT INTO `t_county` VALUES ('514', '090912', '威县', '101090913', '0909');
INSERT INTO `t_county` VALUES ('515', '090913', '清河', '101090914', '0909');
INSERT INTO `t_county` VALUES ('516', '090914', '临西', '101090915', '0909');
INSERT INTO `t_county` VALUES ('517', '090915', '南宫', '101090916', '0909');
INSERT INTO `t_county` VALUES ('518', '090916', '沙河', '101090917', '0909');
INSERT INTO `t_county` VALUES ('519', '090917', '任县', '101090918', '0909');
INSERT INTO `t_county` VALUES ('520', '091001', '邯郸', '101091001', '0910');
INSERT INTO `t_county` VALUES ('521', '091002', '峰峰', '101091002', '0910');
INSERT INTO `t_county` VALUES ('522', '091003', '临漳', '101091003', '0910');
INSERT INTO `t_county` VALUES ('523', '091004', '成安', '101091004', '0910');
INSERT INTO `t_county` VALUES ('524', '091005', '大名', '101091005', '0910');
INSERT INTO `t_county` VALUES ('525', '091006', '涉县', '101091006', '0910');
INSERT INTO `t_county` VALUES ('526', '091007', '磁县', '101091007', '0910');
INSERT INTO `t_county` VALUES ('527', '091008', '肥乡', '101091008', '0910');
INSERT INTO `t_county` VALUES ('528', '091009', '永年', '101091009', '0910');
INSERT INTO `t_county` VALUES ('529', '091010', '邱县', '101091010', '0910');
INSERT INTO `t_county` VALUES ('530', '091011', '鸡泽', '101091011', '0910');
INSERT INTO `t_county` VALUES ('531', '091012', '广平', '101091012', '0910');
INSERT INTO `t_county` VALUES ('532', '091013', '馆陶', '101091013', '0910');
INSERT INTO `t_county` VALUES ('533', '091014', '魏县', '101091014', '0910');
INSERT INTO `t_county` VALUES ('534', '091015', '曲周', '101091015', '0910');
INSERT INTO `t_county` VALUES ('535', '091016', '武安', '101091016', '0910');
INSERT INTO `t_county` VALUES ('536', '091101', '秦皇岛', '101091101', '0911');
INSERT INTO `t_county` VALUES ('537', '091102', '青龙', '101091102', '0911');
INSERT INTO `t_county` VALUES ('538', '091103', '昌黎', '101091103', '0911');
INSERT INTO `t_county` VALUES ('539', '091104', '抚宁', '101091104', '0911');
INSERT INTO `t_county` VALUES ('540', '091105', '卢龙', '101091105', '0911');
INSERT INTO `t_county` VALUES ('541', '091106', '北戴河', '101091106', '0911');
INSERT INTO `t_county` VALUES ('542', '100101', '太原', '101100101', '1001');
INSERT INTO `t_county` VALUES ('543', '100102', '清徐', '101100102', '1001');
INSERT INTO `t_county` VALUES ('544', '100103', '阳曲', '101100103', '1001');
INSERT INTO `t_county` VALUES ('545', '100104', '娄烦', '101100104', '1001');
INSERT INTO `t_county` VALUES ('546', '100105', '古交', '101100105', '1001');
INSERT INTO `t_county` VALUES ('547', '100106', '尖草坪区', '101100106', '1001');
INSERT INTO `t_county` VALUES ('548', '100107', '小店区', '101100107', '1001');
INSERT INTO `t_county` VALUES ('549', '100201', '大同', '101100201', '1002');
INSERT INTO `t_county` VALUES ('550', '100202', '阳高', '101100202', '1002');
INSERT INTO `t_county` VALUES ('551', '100203', '大同县', '101100203', '1002');
INSERT INTO `t_county` VALUES ('552', '100204', '天镇', '101100204', '1002');
INSERT INTO `t_county` VALUES ('553', '100205', '广灵', '101100205', '1002');
INSERT INTO `t_county` VALUES ('554', '100206', '灵丘', '101100206', '1002');
INSERT INTO `t_county` VALUES ('555', '100207', '浑源', '101100207', '1002');
INSERT INTO `t_county` VALUES ('556', '100208', '左云', '101100208', '1002');
INSERT INTO `t_county` VALUES ('557', '100301', '阳泉', '101100301', '1003');
INSERT INTO `t_county` VALUES ('558', '100302', '盂县', '101100302', '1003');
INSERT INTO `t_county` VALUES ('559', '100303', '平定', '101100303', '1003');
INSERT INTO `t_county` VALUES ('560', '100401', '晋中', '101100401', '1004');
INSERT INTO `t_county` VALUES ('561', '100402', '榆次', '101100402', '1004');
INSERT INTO `t_county` VALUES ('562', '100403', '榆社', '101100403', '1004');
INSERT INTO `t_county` VALUES ('563', '100404', '左权', '101100404', '1004');
INSERT INTO `t_county` VALUES ('564', '100405', '和顺', '101100405', '1004');
INSERT INTO `t_county` VALUES ('565', '100406', '昔阳', '101100406', '1004');
INSERT INTO `t_county` VALUES ('566', '100407', '寿阳', '101100407', '1004');
INSERT INTO `t_county` VALUES ('567', '100408', '太谷', '101100408', '1004');
INSERT INTO `t_county` VALUES ('568', '100409', '祁县', '101100409', '1004');
INSERT INTO `t_county` VALUES ('569', '100410', '平遥', '101100410', '1004');
INSERT INTO `t_county` VALUES ('570', '100411', '灵石', '101100411', '1004');
INSERT INTO `t_county` VALUES ('571', '100412', '介休', '101100412', '1004');
INSERT INTO `t_county` VALUES ('572', '100501', '长治', '101100501', '1005');
INSERT INTO `t_county` VALUES ('573', '100502', '黎城', '101100502', '1005');
INSERT INTO `t_county` VALUES ('574', '100503', '屯留', '101100503', '1005');
INSERT INTO `t_county` VALUES ('575', '100504', '潞城', '101100504', '1005');
INSERT INTO `t_county` VALUES ('576', '100505', '襄垣', '101100505', '1005');
INSERT INTO `t_county` VALUES ('577', '100506', '平顺', '101100506', '1005');
INSERT INTO `t_county` VALUES ('578', '100507', '武乡', '101100507', '1005');
INSERT INTO `t_county` VALUES ('579', '100508', '沁县', '101100508', '1005');
INSERT INTO `t_county` VALUES ('580', '100509', '长子', '101100509', '1005');
INSERT INTO `t_county` VALUES ('581', '100510', '沁源', '101100510', '1005');
INSERT INTO `t_county` VALUES ('582', '100511', '壶关', '101100511', '1005');
INSERT INTO `t_county` VALUES ('583', '100601', '晋城', '101100601', '1006');
INSERT INTO `t_county` VALUES ('584', '100602', '沁水', '101100602', '1006');
INSERT INTO `t_county` VALUES ('585', '100603', '阳城', '101100603', '1006');
INSERT INTO `t_county` VALUES ('586', '100604', '陵川', '101100604', '1006');
INSERT INTO `t_county` VALUES ('587', '100605', '高平', '101100605', '1006');
INSERT INTO `t_county` VALUES ('588', '100606', '泽州', '101100606', '1006');
INSERT INTO `t_county` VALUES ('589', '100701', '临汾', '101100701', '1007');
INSERT INTO `t_county` VALUES ('590', '100702', '曲沃', '101100702', '1007');
INSERT INTO `t_county` VALUES ('591', '100703', '永和', '101100703', '1007');
INSERT INTO `t_county` VALUES ('592', '100704', '隰县', '101100704', '1007');
INSERT INTO `t_county` VALUES ('593', '100705', '大宁', '101100705', '1007');
INSERT INTO `t_county` VALUES ('594', '100706', '吉县', '101100706', '1007');
INSERT INTO `t_county` VALUES ('595', '100707', '襄汾', '101100707', '1007');
INSERT INTO `t_county` VALUES ('596', '100708', '蒲县', '101100708', '1007');
INSERT INTO `t_county` VALUES ('597', '100709', '汾西', '101100709', '1007');
INSERT INTO `t_county` VALUES ('598', '100710', '洪洞', '101100710', '1007');
INSERT INTO `t_county` VALUES ('599', '100711', '霍州', '101100711', '1007');
INSERT INTO `t_county` VALUES ('600', '100712', '乡宁', '101100712', '1007');
INSERT INTO `t_county` VALUES ('601', '100713', '翼城', '101100713', '1007');
INSERT INTO `t_county` VALUES ('602', '100714', '侯马', '101100714', '1007');
INSERT INTO `t_county` VALUES ('603', '100715', '浮山', '101100715', '1007');
INSERT INTO `t_county` VALUES ('604', '100716', '安泽', '101100716', '1007');
INSERT INTO `t_county` VALUES ('605', '100717', '古县', '101100717', '1007');
INSERT INTO `t_county` VALUES ('606', '100801', '运城', '101100801', '1008');
INSERT INTO `t_county` VALUES ('607', '100802', '临猗', '101100802', '1008');
INSERT INTO `t_county` VALUES ('608', '100803', '稷山', '101100803', '1008');
INSERT INTO `t_county` VALUES ('609', '100804', '万荣', '101100804', '1008');
INSERT INTO `t_county` VALUES ('610', '100805', '河津', '101100805', '1008');
INSERT INTO `t_county` VALUES ('611', '100806', '新绛', '101100806', '1008');
INSERT INTO `t_county` VALUES ('612', '100807', '绛县', '101100807', '1008');
INSERT INTO `t_county` VALUES ('613', '100808', '闻喜', '101100808', '1008');
INSERT INTO `t_county` VALUES ('614', '100809', '垣曲', '101100809', '1008');
INSERT INTO `t_county` VALUES ('615', '100810', '永济', '101100810', '1008');
INSERT INTO `t_county` VALUES ('616', '100811', '芮城', '101100811', '1008');
INSERT INTO `t_county` VALUES ('617', '100812', '夏县', '101100812', '1008');
INSERT INTO `t_county` VALUES ('618', '100813', '平陆', '101100813', '1008');
INSERT INTO `t_county` VALUES ('619', '100901', '朔州', '101100901', '1009');
INSERT INTO `t_county` VALUES ('620', '100902', '平鲁', '101100902', '1009');
INSERT INTO `t_county` VALUES ('621', '100903', '山阴', '101100903', '1009');
INSERT INTO `t_county` VALUES ('622', '100904', '右玉', '101100904', '1009');
INSERT INTO `t_county` VALUES ('623', '100905', '应县', '101100905', '1009');
INSERT INTO `t_county` VALUES ('624', '100906', '怀仁', '101100906', '1009');
INSERT INTO `t_county` VALUES ('625', '101001', '忻州', '101101001', '1010');
INSERT INTO `t_county` VALUES ('626', '101002', '定襄', '101101002', '1010');
INSERT INTO `t_county` VALUES ('627', '101003', '五台县', '101101003', '1010');
INSERT INTO `t_county` VALUES ('628', '101004', '河曲', '101101004', '1010');
INSERT INTO `t_county` VALUES ('629', '101005', '偏关', '101101005', '1010');
INSERT INTO `t_county` VALUES ('630', '101006', '神池', '101101006', '1010');
INSERT INTO `t_county` VALUES ('631', '101007', '宁武', '101101007', '1010');
INSERT INTO `t_county` VALUES ('632', '101008', '代县', '101101008', '1010');
INSERT INTO `t_county` VALUES ('633', '101009', '繁峙', '101101009', '1010');
INSERT INTO `t_county` VALUES ('634', '101010', '五台山', '101101010', '1010');
INSERT INTO `t_county` VALUES ('635', '101011', '保德', '101101011', '1010');
INSERT INTO `t_county` VALUES ('636', '101012', '静乐', '101101012', '1010');
INSERT INTO `t_county` VALUES ('637', '101013', '岢岚', '101101013', '1010');
INSERT INTO `t_county` VALUES ('638', '101014', '五寨', '101101014', '1010');
INSERT INTO `t_county` VALUES ('639', '101015', '原平', '101101015', '1010');
INSERT INTO `t_county` VALUES ('640', '101101', '吕梁', '101101100', '1011');
INSERT INTO `t_county` VALUES ('641', '101102', '离石', '101101101', '1011');
INSERT INTO `t_county` VALUES ('642', '101103', '临县', '101101102', '1011');
INSERT INTO `t_county` VALUES ('643', '101104', '兴县', '101101103', '1011');
INSERT INTO `t_county` VALUES ('644', '101105', '岚县', '101101104', '1011');
INSERT INTO `t_county` VALUES ('645', '101106', '柳林', '101101105', '1011');
INSERT INTO `t_county` VALUES ('646', '101107', '石楼', '101101106', '1011');
INSERT INTO `t_county` VALUES ('647', '101108', '方山', '101101107', '1011');
INSERT INTO `t_county` VALUES ('648', '101109', '交口', '101101108', '1011');
INSERT INTO `t_county` VALUES ('649', '101110', '中阳', '101101109', '1011');
INSERT INTO `t_county` VALUES ('650', '101111', '孝义', '101101110', '1011');
INSERT INTO `t_county` VALUES ('651', '101112', '汾阳', '101101111', '1011');
INSERT INTO `t_county` VALUES ('652', '101113', '文水', '101101112', '1011');
INSERT INTO `t_county` VALUES ('653', '101114', '交城', '101101113', '1011');
INSERT INTO `t_county` VALUES ('654', '110101', '西安', '101110101', '1101');
INSERT INTO `t_county` VALUES ('655', '110102', '长安', '101110102', '1101');
INSERT INTO `t_county` VALUES ('656', '110103', '临潼', '101110103', '1101');
INSERT INTO `t_county` VALUES ('657', '110104', '蓝田', '101110104', '1101');
INSERT INTO `t_county` VALUES ('658', '110105', '周至', '101110105', '1101');
INSERT INTO `t_county` VALUES ('659', '110106', '户县', '101110106', '1101');
INSERT INTO `t_county` VALUES ('660', '110107', '高陵', '101110107', '1101');
INSERT INTO `t_county` VALUES ('661', '110201', '咸阳', '101110200', '1102');
INSERT INTO `t_county` VALUES ('662', '110202', '三原', '101110201', '1102');
INSERT INTO `t_county` VALUES ('663', '110203', '礼泉', '101110202', '1102');
INSERT INTO `t_county` VALUES ('664', '110204', '永寿', '101110203', '1102');
INSERT INTO `t_county` VALUES ('665', '110205', '淳化', '101110204', '1102');
INSERT INTO `t_county` VALUES ('666', '110206', '泾阳', '101110205', '1102');
INSERT INTO `t_county` VALUES ('667', '110207', '武功', '101110206', '1102');
INSERT INTO `t_county` VALUES ('668', '110208', '乾县', '101110207', '1102');
INSERT INTO `t_county` VALUES ('669', '110209', '彬县', '101110208', '1102');
INSERT INTO `t_county` VALUES ('670', '110210', '长武', '101110209', '1102');
INSERT INTO `t_county` VALUES ('671', '110211', '旬邑', '101110210', '1102');
INSERT INTO `t_county` VALUES ('672', '110212', '兴平', '101110211', '1102');
INSERT INTO `t_county` VALUES ('673', '110301', '延安', '101110300', '1103');
INSERT INTO `t_county` VALUES ('674', '110302', '延长', '101110301', '1103');
INSERT INTO `t_county` VALUES ('675', '110303', '延川', '101110302', '1103');
INSERT INTO `t_county` VALUES ('676', '110304', '子长', '101110303', '1103');
INSERT INTO `t_county` VALUES ('677', '110305', '宜川', '101110304', '1103');
INSERT INTO `t_county` VALUES ('678', '110306', '富县', '101110305', '1103');
INSERT INTO `t_county` VALUES ('679', '110307', '志丹', '101110306', '1103');
INSERT INTO `t_county` VALUES ('680', '110308', '安塞', '101110307', '1103');
INSERT INTO `t_county` VALUES ('681', '110309', '甘泉', '101110308', '1103');
INSERT INTO `t_county` VALUES ('682', '110310', '洛川', '101110309', '1103');
INSERT INTO `t_county` VALUES ('683', '110311', '黄陵', '101110310', '1103');
INSERT INTO `t_county` VALUES ('684', '110312', '黄龙', '101110311', '1103');
INSERT INTO `t_county` VALUES ('685', '110313', '吴起', '101110312', '1103');
INSERT INTO `t_county` VALUES ('686', '110401', '榆林', '101110401', '1104');
INSERT INTO `t_county` VALUES ('687', '110402', '府谷', '101110402', '1104');
INSERT INTO `t_county` VALUES ('688', '110403', '神木', '101110403', '1104');
INSERT INTO `t_county` VALUES ('689', '110404', '佳县', '101110404', '1104');
INSERT INTO `t_county` VALUES ('690', '110405', '定边', '101110405', '1104');
INSERT INTO `t_county` VALUES ('691', '110406', '靖边', '101110406', '1104');
INSERT INTO `t_county` VALUES ('692', '110407', '横山', '101110407', '1104');
INSERT INTO `t_county` VALUES ('693', '110408', '米脂', '101110408', '1104');
INSERT INTO `t_county` VALUES ('694', '110409', '子洲', '101110409', '1104');
INSERT INTO `t_county` VALUES ('695', '110410', '绥德', '101110410', '1104');
INSERT INTO `t_county` VALUES ('696', '110411', '吴堡', '101110411', '1104');
INSERT INTO `t_county` VALUES ('697', '110412', '清涧', '101110412', '1104');
INSERT INTO `t_county` VALUES ('698', '110413', '榆阳', '101110413', '1104');
INSERT INTO `t_county` VALUES ('699', '110501', '渭南', '101110501', '1105');
INSERT INTO `t_county` VALUES ('700', '110502', '华县', '101110502', '1105');
INSERT INTO `t_county` VALUES ('701', '110503', '潼关', '101110503', '1105');
INSERT INTO `t_county` VALUES ('702', '110504', '大荔', '101110504', '1105');
INSERT INTO `t_county` VALUES ('703', '110505', '白水', '101110505', '1105');
INSERT INTO `t_county` VALUES ('704', '110506', '富平', '101110506', '1105');
INSERT INTO `t_county` VALUES ('705', '110507', '蒲城', '101110507', '1105');
INSERT INTO `t_county` VALUES ('706', '110508', '澄城', '101110508', '1105');
INSERT INTO `t_county` VALUES ('707', '110509', '合阳', '101110509', '1105');
INSERT INTO `t_county` VALUES ('708', '110510', '韩城', '101110510', '1105');
INSERT INTO `t_county` VALUES ('709', '110511', '华阴', '101110511', '1105');
INSERT INTO `t_county` VALUES ('710', '110601', '商洛', '101110601', '1106');
INSERT INTO `t_county` VALUES ('711', '110602', '洛南', '101110602', '1106');
INSERT INTO `t_county` VALUES ('712', '110603', '柞水', '101110603', '1106');
INSERT INTO `t_county` VALUES ('713', '110604', '商州', '101110604', '1106');
INSERT INTO `t_county` VALUES ('714', '110605', '镇安', '101110605', '1106');
INSERT INTO `t_county` VALUES ('715', '110606', '丹凤', '101110606', '1106');
INSERT INTO `t_county` VALUES ('716', '110607', '商南', '101110607', '1106');
INSERT INTO `t_county` VALUES ('717', '110608', '山阳', '101110608', '1106');
INSERT INTO `t_county` VALUES ('718', '110701', '安康', '101110701', '1107');
INSERT INTO `t_county` VALUES ('719', '110702', '紫阳', '101110702', '1107');
INSERT INTO `t_county` VALUES ('720', '110703', '石泉', '101110703', '1107');
INSERT INTO `t_county` VALUES ('721', '110704', '汉阴', '101110704', '1107');
INSERT INTO `t_county` VALUES ('722', '110705', '旬阳', '101110705', '1107');
INSERT INTO `t_county` VALUES ('723', '110706', '岚皋', '101110706', '1107');
INSERT INTO `t_county` VALUES ('724', '110707', '平利', '101110707', '1107');
INSERT INTO `t_county` VALUES ('725', '110708', '白河', '101110708', '1107');
INSERT INTO `t_county` VALUES ('726', '110709', '镇坪', '101110709', '1107');
INSERT INTO `t_county` VALUES ('727', '110710', '宁陕', '101110710', '1107');
INSERT INTO `t_county` VALUES ('728', '110801', '汉中', '101110801', '1108');
INSERT INTO `t_county` VALUES ('729', '110802', '略阳', '101110802', '1108');
INSERT INTO `t_county` VALUES ('730', '110803', '勉县', '101110803', '1108');
INSERT INTO `t_county` VALUES ('731', '110804', '留坝', '101110804', '1108');
INSERT INTO `t_county` VALUES ('732', '110805', '洋县', '101110805', '1108');
INSERT INTO `t_county` VALUES ('733', '110806', '城固', '101110806', '1108');
INSERT INTO `t_county` VALUES ('734', '110807', '西乡', '101110807', '1108');
INSERT INTO `t_county` VALUES ('735', '110808', '佛坪', '101110808', '1108');
INSERT INTO `t_county` VALUES ('736', '110809', '宁强', '101110809', '1108');
INSERT INTO `t_county` VALUES ('737', '110810', '南郑', '101110810', '1108');
INSERT INTO `t_county` VALUES ('738', '110811', '镇巴', '101110811', '1108');
INSERT INTO `t_county` VALUES ('739', '110901', '宝鸡', '101110901', '1109');
INSERT INTO `t_county` VALUES ('740', '110902', '千阳', '101110903', '1109');
INSERT INTO `t_county` VALUES ('741', '110903', '麟游', '101110904', '1109');
INSERT INTO `t_county` VALUES ('742', '110904', '岐山', '101110905', '1109');
INSERT INTO `t_county` VALUES ('743', '110905', '凤翔', '101110906', '1109');
INSERT INTO `t_county` VALUES ('744', '110906', '扶风', '101110907', '1109');
INSERT INTO `t_county` VALUES ('745', '110907', '眉县', '101110908', '1109');
INSERT INTO `t_county` VALUES ('746', '110908', '太白', '101110909', '1109');
INSERT INTO `t_county` VALUES ('747', '110909', '凤县', '101110910', '1109');
INSERT INTO `t_county` VALUES ('748', '110910', '陇县', '101110911', '1109');
INSERT INTO `t_county` VALUES ('749', '110911', '陈仓', '101110912', '1109');
INSERT INTO `t_county` VALUES ('750', '111001', '铜川', '101111001', '1110');
INSERT INTO `t_county` VALUES ('751', '111002', '耀县', '101111002', '1110');
INSERT INTO `t_county` VALUES ('752', '111003', '宜君', '101111003', '1110');
INSERT INTO `t_county` VALUES ('753', '111004', '耀州', '101111004', '1110');
INSERT INTO `t_county` VALUES ('754', '111101', '杨凌', '101111101', '1111');
INSERT INTO `t_county` VALUES ('755', '120101', '济南', '101120101', '1201');
INSERT INTO `t_county` VALUES ('756', '120102', '长清', '101120102', '1201');
INSERT INTO `t_county` VALUES ('757', '120103', '商河', '101120103', '1201');
INSERT INTO `t_county` VALUES ('758', '120104', '章丘', '101120104', '1201');
INSERT INTO `t_county` VALUES ('759', '120105', '平阴', '101120105', '1201');
INSERT INTO `t_county` VALUES ('760', '120106', '济阳', '101120106', '1201');
INSERT INTO `t_county` VALUES ('761', '120201', '青岛', '101120201', '1202');
INSERT INTO `t_county` VALUES ('762', '120202', '崂山', '101120202', '1202');
INSERT INTO `t_county` VALUES ('763', '120203', '即墨', '101120204', '1202');
INSERT INTO `t_county` VALUES ('764', '120204', '胶州', '101120205', '1202');
INSERT INTO `t_county` VALUES ('765', '120205', '胶南', '101120206', '1202');
INSERT INTO `t_county` VALUES ('766', '120206', '莱西', '101120207', '1202');
INSERT INTO `t_county` VALUES ('767', '120207', '平度', '101120208', '1202');
INSERT INTO `t_county` VALUES ('768', '120301', '淄博', '101120301', '1203');
INSERT INTO `t_county` VALUES ('769', '120302', '淄川', '101120302', '1203');
INSERT INTO `t_county` VALUES ('770', '120303', '博山', '101120303', '1203');
INSERT INTO `t_county` VALUES ('771', '120304', '高青', '101120304', '1203');
INSERT INTO `t_county` VALUES ('772', '120305', '周村', '101120305', '1203');
INSERT INTO `t_county` VALUES ('773', '120306', '沂源', '101120306', '1203');
INSERT INTO `t_county` VALUES ('774', '120307', '桓台', '101120307', '1203');
INSERT INTO `t_county` VALUES ('775', '120308', '临淄', '101120308', '1203');
INSERT INTO `t_county` VALUES ('776', '120401', '德州', '101120401', '1204');
INSERT INTO `t_county` VALUES ('777', '120402', '武城', '101120402', '1204');
INSERT INTO `t_county` VALUES ('778', '120403', '临邑', '101120403', '1204');
INSERT INTO `t_county` VALUES ('779', '120404', '陵县', '101120404', '1204');
INSERT INTO `t_county` VALUES ('780', '120405', '齐河', '101120405', '1204');
INSERT INTO `t_county` VALUES ('781', '120406', '乐陵', '101120406', '1204');
INSERT INTO `t_county` VALUES ('782', '120407', '庆云', '101120407', '1204');
INSERT INTO `t_county` VALUES ('783', '120408', '平原', '101120408', '1204');
INSERT INTO `t_county` VALUES ('784', '120409', '宁津', '101120409', '1204');
INSERT INTO `t_county` VALUES ('785', '120410', '夏津', '101120410', '1204');
INSERT INTO `t_county` VALUES ('786', '120411', '禹城', '101120411', '1204');
INSERT INTO `t_county` VALUES ('787', '120501', '烟台', '101120501', '1205');
INSERT INTO `t_county` VALUES ('788', '120502', '莱州', '101120502', '1205');
INSERT INTO `t_county` VALUES ('789', '120503', '长岛', '101120503', '1205');
INSERT INTO `t_county` VALUES ('790', '120504', '蓬莱', '101120504', '1205');
INSERT INTO `t_county` VALUES ('791', '120505', '龙口', '101120505', '1205');
INSERT INTO `t_county` VALUES ('792', '120506', '招远', '101120506', '1205');
INSERT INTO `t_county` VALUES ('793', '120507', '栖霞', '101120507', '1205');
INSERT INTO `t_county` VALUES ('794', '120508', '福山', '101120508', '1205');
INSERT INTO `t_county` VALUES ('795', '120509', '牟平', '101120509', '1205');
INSERT INTO `t_county` VALUES ('796', '120510', '莱阳', '101120510', '1205');
INSERT INTO `t_county` VALUES ('797', '120511', '海阳', '101120511', '1205');
INSERT INTO `t_county` VALUES ('798', '120601', '潍坊', '101120601', '1206');
INSERT INTO `t_county` VALUES ('799', '120602', '青州', '101120602', '1206');
INSERT INTO `t_county` VALUES ('800', '120603', '寿光', '101120603', '1206');
INSERT INTO `t_county` VALUES ('801', '120604', '临朐', '101120604', '1206');
INSERT INTO `t_county` VALUES ('802', '120605', '昌乐', '101120605', '1206');
INSERT INTO `t_county` VALUES ('803', '120606', '昌邑', '101120606', '1206');
INSERT INTO `t_county` VALUES ('804', '120607', '安丘', '101120607', '1206');
INSERT INTO `t_county` VALUES ('805', '120608', '高密', '101120608', '1206');
INSERT INTO `t_county` VALUES ('806', '120609', '诸城', '101120609', '1206');
INSERT INTO `t_county` VALUES ('807', '120701', '济宁', '101120701', '1207');
INSERT INTO `t_county` VALUES ('808', '120702', '嘉祥', '101120702', '1207');
INSERT INTO `t_county` VALUES ('809', '120703', '微山', '101120703', '1207');
INSERT INTO `t_county` VALUES ('810', '120704', '鱼台', '101120704', '1207');
INSERT INTO `t_county` VALUES ('811', '120705', '兖州', '101120705', '1207');
INSERT INTO `t_county` VALUES ('812', '120706', '金乡', '101120706', '1207');
INSERT INTO `t_county` VALUES ('813', '120707', '汶上', '101120707', '1207');
INSERT INTO `t_county` VALUES ('814', '120708', '泗水', '101120708', '1207');
INSERT INTO `t_county` VALUES ('815', '120709', '梁山', '101120709', '1207');
INSERT INTO `t_county` VALUES ('816', '120710', '曲阜', '101120710', '1207');
INSERT INTO `t_county` VALUES ('817', '120711', '邹城', '101120711', '1207');
INSERT INTO `t_county` VALUES ('818', '120801', '泰安', '101120801', '1208');
INSERT INTO `t_county` VALUES ('819', '120802', '新泰', '101120802', '1208');
INSERT INTO `t_county` VALUES ('820', '120803', '肥城', '101120804', '1208');
INSERT INTO `t_county` VALUES ('821', '120804', '东平', '101120805', '1208');
INSERT INTO `t_county` VALUES ('822', '120805', '宁阳', '101120806', '1208');
INSERT INTO `t_county` VALUES ('823', '120901', '临沂', '101120901', '1209');
INSERT INTO `t_county` VALUES ('824', '120902', '莒南', '101120902', '1209');
INSERT INTO `t_county` VALUES ('825', '120903', '沂南', '101120903', '1209');
INSERT INTO `t_county` VALUES ('826', '120904', '苍山', '101120904', '1209');
INSERT INTO `t_county` VALUES ('827', '120905', '临沭', '101120905', '1209');
INSERT INTO `t_county` VALUES ('828', '120906', '郯城', '101120906', '1209');
INSERT INTO `t_county` VALUES ('829', '120907', '蒙阴', '101120907', '1209');
INSERT INTO `t_county` VALUES ('830', '120908', '平邑', '101120908', '1209');
INSERT INTO `t_county` VALUES ('831', '120909', '费县', '101120909', '1209');
INSERT INTO `t_county` VALUES ('832', '120910', '沂水', '101120910', '1209');
INSERT INTO `t_county` VALUES ('833', '121001', '菏泽', '101121001', '1210');
INSERT INTO `t_county` VALUES ('834', '121002', '鄄城', '101121002', '1210');
INSERT INTO `t_county` VALUES ('835', '121003', '郓城', '101121003', '1210');
INSERT INTO `t_county` VALUES ('836', '121004', '东明', '101121004', '1210');
INSERT INTO `t_county` VALUES ('837', '121005', '定陶', '101121005', '1210');
INSERT INTO `t_county` VALUES ('838', '121006', '巨野', '101121006', '1210');
INSERT INTO `t_county` VALUES ('839', '121007', '曹县', '101121007', '1210');
INSERT INTO `t_county` VALUES ('840', '121008', '成武', '101121008', '1210');
INSERT INTO `t_county` VALUES ('841', '121009', '单县', '101121009', '1210');
INSERT INTO `t_county` VALUES ('842', '121101', '滨州', '101121101', '1211');
INSERT INTO `t_county` VALUES ('843', '121102', '博兴', '101121102', '1211');
INSERT INTO `t_county` VALUES ('844', '121103', '无棣', '101121103', '1211');
INSERT INTO `t_county` VALUES ('845', '121104', '阳信', '101121104', '1211');
INSERT INTO `t_county` VALUES ('846', '121105', '惠民', '101121105', '1211');
INSERT INTO `t_county` VALUES ('847', '121106', '沾化', '101121106', '1211');
INSERT INTO `t_county` VALUES ('848', '121107', '邹平', '101121107', '1211');
INSERT INTO `t_county` VALUES ('849', '121201', '东营', '101121201', '1212');
INSERT INTO `t_county` VALUES ('850', '121202', '河口', '101121202', '1212');
INSERT INTO `t_county` VALUES ('851', '121203', '垦利', '101121203', '1212');
INSERT INTO `t_county` VALUES ('852', '121204', '利津', '101121204', '1212');
INSERT INTO `t_county` VALUES ('853', '121205', '广饶', '101121205', '1212');
INSERT INTO `t_county` VALUES ('854', '121301', '威海', '101121301', '1213');
INSERT INTO `t_county` VALUES ('855', '121302', '文登', '101121302', '1213');
INSERT INTO `t_county` VALUES ('856', '121303', '荣成', '101121303', '1213');
INSERT INTO `t_county` VALUES ('857', '121304', '乳山', '101121304', '1213');
INSERT INTO `t_county` VALUES ('858', '121305', '成山头', '101121305', '1213');
INSERT INTO `t_county` VALUES ('859', '121306', '石岛', '101121306', '1213');
INSERT INTO `t_county` VALUES ('860', '121401', '枣庄', '101121401', '1214');
INSERT INTO `t_county` VALUES ('861', '121402', '薛城', '101121402', '1214');
INSERT INTO `t_county` VALUES ('862', '121403', '峄城', '101121403', '1214');
INSERT INTO `t_county` VALUES ('863', '121404', '台儿庄', '101121404', '1214');
INSERT INTO `t_county` VALUES ('864', '121405', '滕州', '101121405', '1214');
INSERT INTO `t_county` VALUES ('865', '121501', '日照', '101121501', '1215');
INSERT INTO `t_county` VALUES ('866', '121502', '五莲', '101121502', '1215');
INSERT INTO `t_county` VALUES ('867', '121503', '莒县', '101121503', '1215');
INSERT INTO `t_county` VALUES ('868', '121601', '莱芜', '101121601', '1216');
INSERT INTO `t_county` VALUES ('869', '121701', '聊城', '101121701', '1217');
INSERT INTO `t_county` VALUES ('870', '121702', '冠县', '101121702', '1217');
INSERT INTO `t_county` VALUES ('871', '121703', '阳谷', '101121703', '1217');
INSERT INTO `t_county` VALUES ('872', '121704', '高唐', '101121704', '1217');
INSERT INTO `t_county` VALUES ('873', '121705', '茌平', '101121705', '1217');
INSERT INTO `t_county` VALUES ('874', '121706', '东阿', '101121706', '1217');
INSERT INTO `t_county` VALUES ('875', '121707', '临清', '101121707', '1217');
INSERT INTO `t_county` VALUES ('876', '121708', '莘县', '101121709', '1217');
INSERT INTO `t_county` VALUES ('877', '130101', '乌鲁木齐', '101130101', '1301');
INSERT INTO `t_county` VALUES ('878', '130102', '小渠子', '101130103', '1301');
INSERT INTO `t_county` VALUES ('879', '130103', '达坂城', '101130105', '1301');
INSERT INTO `t_county` VALUES ('880', '130104', '乌鲁木齐牧试站', '101130108', '1301');
INSERT INTO `t_county` VALUES ('881', '130105', '天池', '101130109', '1301');
INSERT INTO `t_county` VALUES ('882', '130106', '白杨沟', '101130110', '1301');
INSERT INTO `t_county` VALUES ('883', '130201', '克拉玛依', '101130201', '1302');
INSERT INTO `t_county` VALUES ('884', '130202', '乌尔禾', '101130202', '1302');
INSERT INTO `t_county` VALUES ('885', '130203', '白碱滩', '101130203', '1302');
INSERT INTO `t_county` VALUES ('886', '130301', '石河子', '101130301', '1303');
INSERT INTO `t_county` VALUES ('887', '130302', '炮台', '101130302', '1303');
INSERT INTO `t_county` VALUES ('888', '130303', '莫索湾', '101130303', '1303');
INSERT INTO `t_county` VALUES ('889', '130401', '昌吉', '101130401', '1304');
INSERT INTO `t_county` VALUES ('890', '130402', '呼图壁', '101130402', '1304');
INSERT INTO `t_county` VALUES ('891', '130403', '米泉', '101130403', '1304');
INSERT INTO `t_county` VALUES ('892', '130404', '阜康', '101130404', '1304');
INSERT INTO `t_county` VALUES ('893', '130405', '吉木萨尔', '101130405', '1304');
INSERT INTO `t_county` VALUES ('894', '130406', '奇台', '101130406', '1304');
INSERT INTO `t_county` VALUES ('895', '130407', '玛纳斯', '101130407', '1304');
INSERT INTO `t_county` VALUES ('896', '130408', '木垒', '101130408', '1304');
INSERT INTO `t_county` VALUES ('897', '130409', '蔡家湖', '101130409', '1304');
INSERT INTO `t_county` VALUES ('898', '130501', '吐鲁番', '101130501', '1305');
INSERT INTO `t_county` VALUES ('899', '130502', '托克逊', '101130502', '1305');
INSERT INTO `t_county` VALUES ('900', '130503', '鄯善', '101130504', '1305');
INSERT INTO `t_county` VALUES ('901', '130601', '库尔勒', '101130601', '1306');
INSERT INTO `t_county` VALUES ('902', '130602', '轮台', '101130602', '1306');
INSERT INTO `t_county` VALUES ('903', '130603', '尉犁', '101130603', '1306');
INSERT INTO `t_county` VALUES ('904', '130604', '若羌', '101130604', '1306');
INSERT INTO `t_county` VALUES ('905', '130605', '且末', '101130605', '1306');
INSERT INTO `t_county` VALUES ('906', '130606', '和静', '101130606', '1306');
INSERT INTO `t_county` VALUES ('907', '130607', '焉耆', '101130607', '1306');
INSERT INTO `t_county` VALUES ('908', '130608', '和硕', '101130608', '1306');
INSERT INTO `t_county` VALUES ('909', '130609', '巴音布鲁克', '101130610', '1306');
INSERT INTO `t_county` VALUES ('910', '130610', '铁干里克', '101130611', '1306');
INSERT INTO `t_county` VALUES ('911', '130611', '博湖', '101130612', '1306');
INSERT INTO `t_county` VALUES ('912', '130612', '塔中', '101130613', '1306');
INSERT INTO `t_county` VALUES ('913', '130613', '巴仑台', '101130614', '1306');
INSERT INTO `t_county` VALUES ('914', '130701', '阿拉尔', '101130701', '1307');
INSERT INTO `t_county` VALUES ('915', '130801', '阿克苏', '101130801', '1308');
INSERT INTO `t_county` VALUES ('916', '130802', '乌什', '101130802', '1308');
INSERT INTO `t_county` VALUES ('917', '130803', '温宿', '101130803', '1308');
INSERT INTO `t_county` VALUES ('918', '130804', '拜城', '101130804', '1308');
INSERT INTO `t_county` VALUES ('919', '130805', '新和', '101130805', '1308');
INSERT INTO `t_county` VALUES ('920', '130806', '沙雅', '101130806', '1308');
INSERT INTO `t_county` VALUES ('921', '130807', '库车', '101130807', '1308');
INSERT INTO `t_county` VALUES ('922', '130808', '柯坪', '101130808', '1308');
INSERT INTO `t_county` VALUES ('923', '130809', '阿瓦提', '101130809', '1308');
INSERT INTO `t_county` VALUES ('924', '130901', '喀什', '101130901', '1309');
INSERT INTO `t_county` VALUES ('925', '130902', '英吉沙', '101130902', '1309');
INSERT INTO `t_county` VALUES ('926', '130903', '塔什库尔干', '101130903', '1309');
INSERT INTO `t_county` VALUES ('927', '130904', '麦盖提', '101130904', '1309');
INSERT INTO `t_county` VALUES ('928', '130905', '莎车', '101130905', '1309');
INSERT INTO `t_county` VALUES ('929', '130906', '叶城', '101130906', '1309');
INSERT INTO `t_county` VALUES ('930', '130907', '泽普', '101130907', '1309');
INSERT INTO `t_county` VALUES ('931', '130908', '巴楚', '101130908', '1309');
INSERT INTO `t_county` VALUES ('932', '130909', '岳普湖', '101130909', '1309');
INSERT INTO `t_county` VALUES ('933', '130910', '伽师', '101130910', '1309');
INSERT INTO `t_county` VALUES ('934', '130911', '疏附', '101130911', '1309');
INSERT INTO `t_county` VALUES ('935', '130912', '疏勒', '101130912', '1309');
INSERT INTO `t_county` VALUES ('936', '131001', '伊宁', '101131001', '1310');
INSERT INTO `t_county` VALUES ('937', '131002', '察布查尔', '101131002', '1310');
INSERT INTO `t_county` VALUES ('938', '131003', '尼勒克', '101131003', '1310');
INSERT INTO `t_county` VALUES ('939', '131004', '伊宁县', '101131004', '1310');
INSERT INTO `t_county` VALUES ('940', '131005', '巩留', '101131005', '1310');
INSERT INTO `t_county` VALUES ('941', '131006', '新源', '101131006', '1310');
INSERT INTO `t_county` VALUES ('942', '131007', '昭苏', '101131007', '1310');
INSERT INTO `t_county` VALUES ('943', '131008', '特克斯', '101131008', '1310');
INSERT INTO `t_county` VALUES ('944', '131009', '霍城', '101131009', '1310');
INSERT INTO `t_county` VALUES ('945', '131010', '霍尔果斯', '101131010', '1310');
INSERT INTO `t_county` VALUES ('946', '131011', '奎屯', '101131011', '1310');
INSERT INTO `t_county` VALUES ('947', '131101', '塔城', '101131101', '1311');
INSERT INTO `t_county` VALUES ('948', '131102', '裕民', '101131102', '1311');
INSERT INTO `t_county` VALUES ('949', '131103', '额敏', '101131103', '1311');
INSERT INTO `t_county` VALUES ('950', '131104', '和布克赛尔', '101131104', '1311');
INSERT INTO `t_county` VALUES ('951', '131105', '托里', '101131105', '1311');
INSERT INTO `t_county` VALUES ('952', '131106', '乌苏', '101131106', '1311');
INSERT INTO `t_county` VALUES ('953', '131107', '沙湾', '101131107', '1311');
INSERT INTO `t_county` VALUES ('954', '131201', '哈密', '101131201', '1312');
INSERT INTO `t_county` VALUES ('955', '131202', '巴里坤', '101131203', '1312');
INSERT INTO `t_county` VALUES ('956', '131203', '伊吾', '101131204', '1312');
INSERT INTO `t_county` VALUES ('957', '131301', '和田', '101131301', '1313');
INSERT INTO `t_county` VALUES ('958', '131302', '皮山', '101131302', '1313');
INSERT INTO `t_county` VALUES ('959', '131303', '策勒', '101131303', '1313');
INSERT INTO `t_county` VALUES ('960', '131304', '墨玉', '101131304', '1313');
INSERT INTO `t_county` VALUES ('961', '131305', '洛浦', '101131305', '1313');
INSERT INTO `t_county` VALUES ('962', '131306', '民丰', '101131306', '1313');
INSERT INTO `t_county` VALUES ('963', '131307', '于田', '101131307', '1313');
INSERT INTO `t_county` VALUES ('964', '131401', '阿勒泰', '101131401', '1314');
INSERT INTO `t_county` VALUES ('965', '131402', '哈巴河', '101131402', '1314');
INSERT INTO `t_county` VALUES ('966', '131403', '吉木乃', '101131405', '1314');
INSERT INTO `t_county` VALUES ('967', '131404', '布尔津', '101131406', '1314');
INSERT INTO `t_county` VALUES ('968', '131405', '福海', '101131407', '1314');
INSERT INTO `t_county` VALUES ('969', '131406', '富蕴', '101131408', '1314');
INSERT INTO `t_county` VALUES ('970', '131407', '青河', '101131409', '1314');
INSERT INTO `t_county` VALUES ('971', '131501', '阿图什', '101131501', '1315');
INSERT INTO `t_county` VALUES ('972', '131502', '乌恰', '101131502', '1315');
INSERT INTO `t_county` VALUES ('973', '131503', '阿克陶', '101131503', '1315');
INSERT INTO `t_county` VALUES ('974', '131504', '阿合奇', '101131504', '1315');
INSERT INTO `t_county` VALUES ('975', '131601', '博乐', '101131601', '1316');
INSERT INTO `t_county` VALUES ('976', '131602', '温泉', '101131602', '1316');
INSERT INTO `t_county` VALUES ('977', '131603', '精河', '101131603', '1316');
INSERT INTO `t_county` VALUES ('978', '131604', '阿拉山口', '101131606', '1316');
INSERT INTO `t_county` VALUES ('979', '140101', '拉萨', '101140101', '1401');
INSERT INTO `t_county` VALUES ('980', '140102', '当雄', '101140102', '1401');
INSERT INTO `t_county` VALUES ('981', '140103', '尼木', '101140103', '1401');
INSERT INTO `t_county` VALUES ('982', '140104', '林周', '101140104', '1401');
INSERT INTO `t_county` VALUES ('983', '140105', '堆龙德庆', '101140105', '1401');
INSERT INTO `t_county` VALUES ('984', '140106', '曲水', '101140106', '1401');
INSERT INTO `t_county` VALUES ('985', '140107', '达孜', '101140107', '1401');
INSERT INTO `t_county` VALUES ('986', '140108', '墨竹工卡', '101140108', '1401');
INSERT INTO `t_county` VALUES ('987', '140201', '日喀则', '101140201', '1402');
INSERT INTO `t_county` VALUES ('988', '140202', '拉孜', '101140202', '1402');
INSERT INTO `t_county` VALUES ('989', '140203', '南木林', '101140203', '1402');
INSERT INTO `t_county` VALUES ('990', '140204', '聂拉木', '101140204', '1402');
INSERT INTO `t_county` VALUES ('991', '140205', '定日', '101140205', '1402');
INSERT INTO `t_county` VALUES ('992', '140206', '江孜', '101140206', '1402');
INSERT INTO `t_county` VALUES ('993', '140207', '帕里', '101140207', '1402');
INSERT INTO `t_county` VALUES ('994', '140208', '仲巴', '101140208', '1402');
INSERT INTO `t_county` VALUES ('995', '140209', '萨嘎', '101140209', '1402');
INSERT INTO `t_county` VALUES ('996', '140210', '吉隆', '101140210', '1402');
INSERT INTO `t_county` VALUES ('997', '140211', '昂仁', '101140211', '1402');
INSERT INTO `t_county` VALUES ('998', '140212', '定结', '101140212', '1402');
INSERT INTO `t_county` VALUES ('999', '140213', '萨迦', '101140213', '1402');
INSERT INTO `t_county` VALUES ('1000', '140214', '谢通门', '101140214', '1402');
INSERT INTO `t_county` VALUES ('1001', '140215', '岗巴', '101140216', '1402');
INSERT INTO `t_county` VALUES ('1002', '140216', '白朗', '101140217', '1402');
INSERT INTO `t_county` VALUES ('1003', '140217', '亚东', '101140218', '1402');
INSERT INTO `t_county` VALUES ('1004', '140218', '康马', '101140219', '1402');
INSERT INTO `t_county` VALUES ('1005', '140219', '仁布', '101140220', '1402');
INSERT INTO `t_county` VALUES ('1006', '140301', '山南', '101140301', '1403');
INSERT INTO `t_county` VALUES ('1007', '140302', '贡嘎', '101140302', '1403');
INSERT INTO `t_county` VALUES ('1008', '140303', '扎囊', '101140303', '1403');
INSERT INTO `t_county` VALUES ('1009', '140304', '加查', '101140304', '1403');
INSERT INTO `t_county` VALUES ('1010', '140305', '浪卡子', '101140305', '1403');
INSERT INTO `t_county` VALUES ('1011', '140306', '错那', '101140306', '1403');
INSERT INTO `t_county` VALUES ('1012', '140307', '隆子', '101140307', '1403');
INSERT INTO `t_county` VALUES ('1013', '140308', '泽当', '101140308', '1403');
INSERT INTO `t_county` VALUES ('1014', '140309', '乃东', '101140309', '1403');
INSERT INTO `t_county` VALUES ('1015', '140310', '桑日', '101140310', '1403');
INSERT INTO `t_county` VALUES ('1016', '140311', '洛扎', '101140311', '1403');
INSERT INTO `t_county` VALUES ('1017', '140312', '措美', '101140312', '1403');
INSERT INTO `t_county` VALUES ('1018', '140313', '琼结', '101140313', '1403');
INSERT INTO `t_county` VALUES ('1019', '140314', '曲松', '101140314', '1403');
INSERT INTO `t_county` VALUES ('1020', '140401', '林芝', '101140401', '1404');
INSERT INTO `t_county` VALUES ('1021', '140402', '波密', '101140402', '1404');
INSERT INTO `t_county` VALUES ('1022', '140403', '米林', '101140403', '1404');
INSERT INTO `t_county` VALUES ('1023', '140404', '察隅', '101140404', '1404');
INSERT INTO `t_county` VALUES ('1024', '140405', '工布江达', '101140405', '1404');
INSERT INTO `t_county` VALUES ('1025', '140406', '朗县', '101140406', '1404');
INSERT INTO `t_county` VALUES ('1026', '140407', '墨脱', '101140407', '1404');
INSERT INTO `t_county` VALUES ('1027', '140501', '昌都', '101140501', '1405');
INSERT INTO `t_county` VALUES ('1028', '140502', '丁青', '101140502', '1405');
INSERT INTO `t_county` VALUES ('1029', '140503', '边坝', '101140503', '1405');
INSERT INTO `t_county` VALUES ('1030', '140504', '洛隆', '101140504', '1405');
INSERT INTO `t_county` VALUES ('1031', '140505', '左贡', '101140505', '1405');
INSERT INTO `t_county` VALUES ('1032', '140506', '芒康', '101140506', '1405');
INSERT INTO `t_county` VALUES ('1033', '140507', '类乌齐', '101140507', '1405');
INSERT INTO `t_county` VALUES ('1034', '140508', '八宿', '101140508', '1405');
INSERT INTO `t_county` VALUES ('1035', '140509', '江达', '101140509', '1405');
INSERT INTO `t_county` VALUES ('1036', '140510', '察雅', '101140510', '1405');
INSERT INTO `t_county` VALUES ('1037', '140511', '贡觉', '101140511', '1405');
INSERT INTO `t_county` VALUES ('1038', '140601', '那曲', '101140601', '1406');
INSERT INTO `t_county` VALUES ('1039', '140602', '尼玛', '101140602', '1406');
INSERT INTO `t_county` VALUES ('1040', '140603', '嘉黎', '101140603', '1406');
INSERT INTO `t_county` VALUES ('1041', '140604', '班戈', '101140604', '1406');
INSERT INTO `t_county` VALUES ('1042', '140605', '安多', '101140605', '1406');
INSERT INTO `t_county` VALUES ('1043', '140606', '索县', '101140606', '1406');
INSERT INTO `t_county` VALUES ('1044', '140607', '聂荣', '101140607', '1406');
INSERT INTO `t_county` VALUES ('1045', '140608', '巴青', '101140608', '1406');
INSERT INTO `t_county` VALUES ('1046', '140609', '比如', '101140609', '1406');
INSERT INTO `t_county` VALUES ('1047', '140610', '双湖', '101140610', '1406');
INSERT INTO `t_county` VALUES ('1048', '140701', '阿里', '101140701', '1407');
INSERT INTO `t_county` VALUES ('1049', '140702', '改则', '101140702', '1407');
INSERT INTO `t_county` VALUES ('1050', '140703', '申扎', '101140703', '1407');
INSERT INTO `t_county` VALUES ('1051', '140704', '狮泉河', '101140704', '1407');
INSERT INTO `t_county` VALUES ('1052', '140705', '普兰', '101140705', '1407');
INSERT INTO `t_county` VALUES ('1053', '140706', '札达', '101140706', '1407');
INSERT INTO `t_county` VALUES ('1054', '140707', '噶尔', '101140707', '1407');
INSERT INTO `t_county` VALUES ('1055', '140708', '日土', '101140708', '1407');
INSERT INTO `t_county` VALUES ('1056', '140709', '革吉', '101140709', '1407');
INSERT INTO `t_county` VALUES ('1057', '140710', '措勤', '101140710', '1407');
INSERT INTO `t_county` VALUES ('1058', '150101', '西宁', '101150101', '1501');
INSERT INTO `t_county` VALUES ('1059', '150102', '大通', '101150102', '1501');
INSERT INTO `t_county` VALUES ('1060', '150103', '湟源', '101150103', '1501');
INSERT INTO `t_county` VALUES ('1061', '150104', '湟中', '101150104', '1501');
INSERT INTO `t_county` VALUES ('1062', '150201', '海东', '101150201', '1502');
INSERT INTO `t_county` VALUES ('1063', '150202', '乐都', '101150202', '1502');
INSERT INTO `t_county` VALUES ('1064', '150203', '民和', '101150203', '1502');
INSERT INTO `t_county` VALUES ('1065', '150204', '互助', '101150204', '1502');
INSERT INTO `t_county` VALUES ('1066', '150205', '化隆', '101150205', '1502');
INSERT INTO `t_county` VALUES ('1067', '150206', '循化', '101150206', '1502');
INSERT INTO `t_county` VALUES ('1068', '150207', '冷湖', '101150207', '1502');
INSERT INTO `t_county` VALUES ('1069', '150208', '平安', '101150208', '1502');
INSERT INTO `t_county` VALUES ('1070', '150301', '黄南', '101150301', '1503');
INSERT INTO `t_county` VALUES ('1071', '150302', '尖扎', '101150302', '1503');
INSERT INTO `t_county` VALUES ('1072', '150303', '泽库', '101150303', '1503');
INSERT INTO `t_county` VALUES ('1073', '150304', '河南', '101150304', '1503');
INSERT INTO `t_county` VALUES ('1074', '150305', '同仁', '101150305', '1503');
INSERT INTO `t_county` VALUES ('1075', '150401', '海南', '101150401', '1504');
INSERT INTO `t_county` VALUES ('1076', '150402', '贵德', '101150404', '1504');
INSERT INTO `t_county` VALUES ('1077', '150403', '兴海', '101150406', '1504');
INSERT INTO `t_county` VALUES ('1078', '150404', '贵南', '101150407', '1504');
INSERT INTO `t_county` VALUES ('1079', '150405', '同德', '101150408', '1504');
INSERT INTO `t_county` VALUES ('1080', '150406', '共和', '101150409', '1504');
INSERT INTO `t_county` VALUES ('1081', '150501', '果洛', '101150501', '1505');
INSERT INTO `t_county` VALUES ('1082', '150502', '班玛', '101150502', '1505');
INSERT INTO `t_county` VALUES ('1083', '150503', '甘德', '101150503', '1505');
INSERT INTO `t_county` VALUES ('1084', '150504', '达日', '101150504', '1505');
INSERT INTO `t_county` VALUES ('1085', '150505', '久治', '101150505', '1505');
INSERT INTO `t_county` VALUES ('1086', '150506', '玛多', '101150506', '1505');
INSERT INTO `t_county` VALUES ('1087', '150507', '多县', '101150507', '1505');
INSERT INTO `t_county` VALUES ('1088', '150508', '玛沁', '101150508', '1505');
INSERT INTO `t_county` VALUES ('1089', '150601', '玉树', '101150601', '1506');
INSERT INTO `t_county` VALUES ('1090', '150602', '称多', '101150602', '1506');
INSERT INTO `t_county` VALUES ('1091', '150603', '治多', '101150603', '1506');
INSERT INTO `t_county` VALUES ('1092', '150604', '杂多', '101150604', '1506');
INSERT INTO `t_county` VALUES ('1093', '150605', '囊谦', '101150605', '1506');
INSERT INTO `t_county` VALUES ('1094', '150606', '曲麻莱', '101150606', '1506');
INSERT INTO `t_county` VALUES ('1095', '150701', '海西', '101150701', '1507');
INSERT INTO `t_county` VALUES ('1096', '150702', '天峻', '101150708', '1507');
INSERT INTO `t_county` VALUES ('1097', '150703', '乌兰', '101150709', '1507');
INSERT INTO `t_county` VALUES ('1098', '150704', '茫崖', '101150712', '1507');
INSERT INTO `t_county` VALUES ('1099', '150705', '大柴旦', '101150713', '1507');
INSERT INTO `t_county` VALUES ('1100', '150706', '德令哈', '101150716', '1507');
INSERT INTO `t_county` VALUES ('1101', '150801', '海北', '101150801', '1508');
INSERT INTO `t_county` VALUES ('1102', '150802', '门源', '101150802', '1508');
INSERT INTO `t_county` VALUES ('1103', '150803', '祁连', '101150803', '1508');
INSERT INTO `t_county` VALUES ('1104', '150804', '海晏', '101150804', '1508');
INSERT INTO `t_county` VALUES ('1105', '150805', '刚察', '101150806', '1508');
INSERT INTO `t_county` VALUES ('1106', '150901', '格尔木', '101150901', '1509');
INSERT INTO `t_county` VALUES ('1107', '150902', '都兰', '101150902', '1509');
INSERT INTO `t_county` VALUES ('1108', '160101', '兰州', '101160101', '1601');
INSERT INTO `t_county` VALUES ('1109', '160102', '皋兰', '101160102', '1601');
INSERT INTO `t_county` VALUES ('1110', '160103', '永登', '101160103', '1601');
INSERT INTO `t_county` VALUES ('1111', '160104', '榆中', '101160104', '1601');
INSERT INTO `t_county` VALUES ('1112', '160201', '定西', '101160201', '1602');
INSERT INTO `t_county` VALUES ('1113', '160202', '通渭', '101160202', '1602');
INSERT INTO `t_county` VALUES ('1114', '160203', '陇西', '101160203', '1602');
INSERT INTO `t_county` VALUES ('1115', '160204', '渭源', '101160204', '1602');
INSERT INTO `t_county` VALUES ('1116', '160205', '临洮', '101160205', '1602');
INSERT INTO `t_county` VALUES ('1117', '160206', '漳县', '101160206', '1602');
INSERT INTO `t_county` VALUES ('1118', '160207', '岷县', '101160207', '1602');
INSERT INTO `t_county` VALUES ('1119', '160208', '安定', '101160208', '1602');
INSERT INTO `t_county` VALUES ('1120', '160301', '平凉', '101160301', '1603');
INSERT INTO `t_county` VALUES ('1121', '160302', '泾川', '101160302', '1603');
INSERT INTO `t_county` VALUES ('1122', '160303', '灵台', '101160303', '1603');
INSERT INTO `t_county` VALUES ('1123', '160304', '崇信', '101160304', '1603');
INSERT INTO `t_county` VALUES ('1124', '160305', '华亭', '101160305', '1603');
INSERT INTO `t_county` VALUES ('1125', '160306', '庄浪', '101160306', '1603');
INSERT INTO `t_county` VALUES ('1126', '160307', '静宁', '101160307', '1603');
INSERT INTO `t_county` VALUES ('1127', '160308', '崆峒', '101160308', '1603');
INSERT INTO `t_county` VALUES ('1128', '160401', '西峰', '101160401', '1604');
INSERT INTO `t_county` VALUES ('1129', '160402', '环县', '101160403', '1604');
INSERT INTO `t_county` VALUES ('1130', '160403', '华池', '101160404', '1604');
INSERT INTO `t_county` VALUES ('1131', '160404', '合水', '101160405', '1604');
INSERT INTO `t_county` VALUES ('1132', '160405', '正宁', '101160406', '1604');
INSERT INTO `t_county` VALUES ('1133', '160406', '宁县', '101160407', '1604');
INSERT INTO `t_county` VALUES ('1134', '160407', '镇原', '101160408', '1604');
INSERT INTO `t_county` VALUES ('1135', '160408', '庆城', '101160409', '1604');
INSERT INTO `t_county` VALUES ('1136', '160501', '武威', '101160501', '1605');
INSERT INTO `t_county` VALUES ('1137', '160502', '民勤', '101160502', '1605');
INSERT INTO `t_county` VALUES ('1138', '160503', '古浪', '101160503', '1605');
INSERT INTO `t_county` VALUES ('1139', '160504', '天祝', '101160505', '1605');
INSERT INTO `t_county` VALUES ('1140', '160601', '金昌', '101160601', '1606');
INSERT INTO `t_county` VALUES ('1141', '160602', '永昌', '101160602', '1606');
INSERT INTO `t_county` VALUES ('1142', '160701', '张掖', '101160701', '1607');
INSERT INTO `t_county` VALUES ('1143', '160702', '肃南', '101160702', '1607');
INSERT INTO `t_county` VALUES ('1144', '160703', '民乐', '101160703', '1607');
INSERT INTO `t_county` VALUES ('1145', '160704', '临泽', '101160704', '1607');
INSERT INTO `t_county` VALUES ('1146', '160705', '高台', '101160705', '1607');
INSERT INTO `t_county` VALUES ('1147', '160706', '山丹', '101160706', '1607');
INSERT INTO `t_county` VALUES ('1148', '160801', '酒泉', '101160801', '1608');
INSERT INTO `t_county` VALUES ('1149', '160802', '金塔', '101160803', '1608');
INSERT INTO `t_county` VALUES ('1150', '160803', '阿克塞', '101160804', '1608');
INSERT INTO `t_county` VALUES ('1151', '160804', '瓜州', '101160805', '1608');
INSERT INTO `t_county` VALUES ('1152', '160805', '肃北', '101160806', '1608');
INSERT INTO `t_county` VALUES ('1153', '160806', '玉门', '101160807', '1608');
INSERT INTO `t_county` VALUES ('1154', '160807', '敦煌', '101160808', '1608');
INSERT INTO `t_county` VALUES ('1155', '160901', '天水', '101160901', '1609');
INSERT INTO `t_county` VALUES ('1156', '160902', '清水', '101160903', '1609');
INSERT INTO `t_county` VALUES ('1157', '160903', '秦安', '101160904', '1609');
INSERT INTO `t_county` VALUES ('1158', '160904', '甘谷', '101160905', '1609');
INSERT INTO `t_county` VALUES ('1159', '160905', '武山', '101160906', '1609');
INSERT INTO `t_county` VALUES ('1160', '160906', '张家川', '101160907', '1609');
INSERT INTO `t_county` VALUES ('1161', '160907', '麦积', '101160908', '1609');
INSERT INTO `t_county` VALUES ('1162', '161001', '武都', '101161001', '1610');
INSERT INTO `t_county` VALUES ('1163', '161002', '成县', '101161002', '1610');
INSERT INTO `t_county` VALUES ('1164', '161003', '文县', '101161003', '1610');
INSERT INTO `t_county` VALUES ('1165', '161004', '宕昌', '101161004', '1610');
INSERT INTO `t_county` VALUES ('1166', '161005', '康县', '101161005', '1610');
INSERT INTO `t_county` VALUES ('1167', '161006', '西和', '101161006', '1610');
INSERT INTO `t_county` VALUES ('1168', '161007', '礼县', '101161007', '1610');
INSERT INTO `t_county` VALUES ('1169', '161008', '徽县', '101161008', '1610');
INSERT INTO `t_county` VALUES ('1170', '161009', '两当', '101161009', '1610');
INSERT INTO `t_county` VALUES ('1171', '161101', '临夏', '101161101', '1611');
INSERT INTO `t_county` VALUES ('1172', '161102', '康乐', '101161102', '1611');
INSERT INTO `t_county` VALUES ('1173', '161103', '永靖', '101161103', '1611');
INSERT INTO `t_county` VALUES ('1174', '161104', '广河', '101161104', '1611');
INSERT INTO `t_county` VALUES ('1175', '161105', '和政', '101161105', '1611');
INSERT INTO `t_county` VALUES ('1176', '161106', '东乡', '101161106', '1611');
INSERT INTO `t_county` VALUES ('1177', '161107', '积石山', '101161107', '1611');
INSERT INTO `t_county` VALUES ('1178', '161201', '合作', '101161201', '1612');
INSERT INTO `t_county` VALUES ('1179', '161202', '临潭', '101161202', '1612');
INSERT INTO `t_county` VALUES ('1180', '161203', '卓尼', '101161203', '1612');
INSERT INTO `t_county` VALUES ('1181', '161204', '舟曲', '101161204', '1612');
INSERT INTO `t_county` VALUES ('1182', '161205', '迭部', '101161205', '1612');
INSERT INTO `t_county` VALUES ('1183', '161206', '玛曲', '101161206', '1612');
INSERT INTO `t_county` VALUES ('1184', '161207', '碌曲', '101161207', '1612');
INSERT INTO `t_county` VALUES ('1185', '161208', '夏河', '101161208', '1612');
INSERT INTO `t_county` VALUES ('1186', '161301', '白银', '101161301', '1613');
INSERT INTO `t_county` VALUES ('1187', '161302', '靖远', '101161302', '1613');
INSERT INTO `t_county` VALUES ('1188', '161303', '会宁', '101161303', '1613');
INSERT INTO `t_county` VALUES ('1189', '161304', '平川', '101161304', '1613');
INSERT INTO `t_county` VALUES ('1190', '161305', '景泰', '101161305', '1613');
INSERT INTO `t_county` VALUES ('1191', '161401', '嘉峪关', '101161401', '1614');
INSERT INTO `t_county` VALUES ('1192', '170101', '银川', '101170101', '1701');
INSERT INTO `t_county` VALUES ('1193', '170102', '永宁', '101170102', '1701');
INSERT INTO `t_county` VALUES ('1194', '170103', '灵武', '101170103', '1701');
INSERT INTO `t_county` VALUES ('1195', '170104', '贺兰', '101170104', '1701');
INSERT INTO `t_county` VALUES ('1196', '170201', '石嘴山', '101170201', '1702');
INSERT INTO `t_county` VALUES ('1197', '170202', '惠农', '101170202', '1702');
INSERT INTO `t_county` VALUES ('1198', '170203', '平罗', '101170203', '1702');
INSERT INTO `t_county` VALUES ('1199', '170204', '陶乐', '101170204', '1702');
INSERT INTO `t_county` VALUES ('1200', '170301', '吴忠', '101170301', '1703');
INSERT INTO `t_county` VALUES ('1201', '170302', '同心', '101170302', '1703');
INSERT INTO `t_county` VALUES ('1202', '170303', '盐池', '101170303', '1703');
INSERT INTO `t_county` VALUES ('1203', '170304', '青铜峡', '101170306', '1703');
INSERT INTO `t_county` VALUES ('1204', '170401', '固原', '101170401', '1704');
INSERT INTO `t_county` VALUES ('1205', '170402', '西吉', '101170402', '1704');
INSERT INTO `t_county` VALUES ('1206', '170403', '隆德', '101170403', '1704');
INSERT INTO `t_county` VALUES ('1207', '170404', '泾源', '101170404', '1704');
INSERT INTO `t_county` VALUES ('1208', '170405', '彭阳', '101170406', '1704');
INSERT INTO `t_county` VALUES ('1209', '170501', '中卫', '101170501', '1705');
INSERT INTO `t_county` VALUES ('1210', '170502', '中宁', '101170502', '1705');
INSERT INTO `t_county` VALUES ('1211', '170503', '海原', '101170504', '1705');
INSERT INTO `t_county` VALUES ('1212', '180101', '郑州', '101180101', '1801');
INSERT INTO `t_county` VALUES ('1213', '180102', '巩义', '101180102', '1801');
INSERT INTO `t_county` VALUES ('1214', '180103', '荥阳', '101180103', '1801');
INSERT INTO `t_county` VALUES ('1215', '180104', '登封', '101180104', '1801');
INSERT INTO `t_county` VALUES ('1216', '180105', '新密', '101180105', '1801');
INSERT INTO `t_county` VALUES ('1217', '180106', '新郑', '101180106', '1801');
INSERT INTO `t_county` VALUES ('1218', '180107', '中牟', '101180107', '1801');
INSERT INTO `t_county` VALUES ('1219', '180108', '上街', '101180108', '1801');
INSERT INTO `t_county` VALUES ('1220', '180201', '安阳', '101180201', '1802');
INSERT INTO `t_county` VALUES ('1221', '180202', '汤阴', '101180202', '1802');
INSERT INTO `t_county` VALUES ('1222', '180203', '滑县', '101180203', '1802');
INSERT INTO `t_county` VALUES ('1223', '180204', '内黄', '101180204', '1802');
INSERT INTO `t_county` VALUES ('1224', '180205', '林州', '101180205', '1802');
INSERT INTO `t_county` VALUES ('1225', '180301', '新乡', '101180301', '1803');
INSERT INTO `t_county` VALUES ('1226', '180302', '获嘉', '101180302', '1803');
INSERT INTO `t_county` VALUES ('1227', '180303', '原阳', '101180303', '1803');
INSERT INTO `t_county` VALUES ('1228', '180304', '辉县', '101180304', '1803');
INSERT INTO `t_county` VALUES ('1229', '180305', '卫辉', '101180305', '1803');
INSERT INTO `t_county` VALUES ('1230', '180306', '延津', '101180306', '1803');
INSERT INTO `t_county` VALUES ('1231', '180307', '封丘', '101180307', '1803');
INSERT INTO `t_county` VALUES ('1232', '180308', '长垣', '101180308', '1803');
INSERT INTO `t_county` VALUES ('1233', '180401', '许昌', '101180401', '1804');
INSERT INTO `t_county` VALUES ('1234', '180402', '鄢陵', '101180402', '1804');
INSERT INTO `t_county` VALUES ('1235', '180403', '襄城', '101180403', '1804');
INSERT INTO `t_county` VALUES ('1236', '180404', '长葛', '101180404', '1804');
INSERT INTO `t_county` VALUES ('1237', '180405', '禹州', '101180405', '1804');
INSERT INTO `t_county` VALUES ('1238', '180501', '平顶山', '101180501', '1805');
INSERT INTO `t_county` VALUES ('1239', '180502', '郏县', '101180502', '1805');
INSERT INTO `t_county` VALUES ('1240', '180503', '宝丰', '101180503', '1805');
INSERT INTO `t_county` VALUES ('1241', '180504', '汝州', '101180504', '1805');
INSERT INTO `t_county` VALUES ('1242', '180505', '叶县', '101180505', '1805');
INSERT INTO `t_county` VALUES ('1243', '180506', '舞钢', '101180506', '1805');
INSERT INTO `t_county` VALUES ('1244', '180507', '鲁山', '101180507', '1805');
INSERT INTO `t_county` VALUES ('1245', '180508', '石龙', '101180508', '1805');
INSERT INTO `t_county` VALUES ('1246', '180601', '信阳', '101180601', '1806');
INSERT INTO `t_county` VALUES ('1247', '180602', '息县', '101180602', '1806');
INSERT INTO `t_county` VALUES ('1248', '180603', '罗山', '101180603', '1806');
INSERT INTO `t_county` VALUES ('1249', '180604', '光山', '101180604', '1806');
INSERT INTO `t_county` VALUES ('1250', '180605', '新县', '101180605', '1806');
INSERT INTO `t_county` VALUES ('1251', '180606', '淮滨', '101180606', '1806');
INSERT INTO `t_county` VALUES ('1252', '180607', '潢川', '101180607', '1806');
INSERT INTO `t_county` VALUES ('1253', '180608', '固始', '101180608', '1806');
INSERT INTO `t_county` VALUES ('1254', '180609', '商城', '101180609', '1806');
INSERT INTO `t_county` VALUES ('1255', '180701', '南阳', '101180701', '1807');
INSERT INTO `t_county` VALUES ('1256', '180702', '南召', '101180702', '1807');
INSERT INTO `t_county` VALUES ('1257', '180703', '方城', '101180703', '1807');
INSERT INTO `t_county` VALUES ('1258', '180704', '社旗', '101180704', '1807');
INSERT INTO `t_county` VALUES ('1259', '180705', '西峡', '101180705', '1807');
INSERT INTO `t_county` VALUES ('1260', '180706', '内乡', '101180706', '1807');
INSERT INTO `t_county` VALUES ('1261', '180707', '镇平', '101180707', '1807');
INSERT INTO `t_county` VALUES ('1262', '180708', '淅川', '101180708', '1807');
INSERT INTO `t_county` VALUES ('1263', '180709', '新野', '101180709', '1807');
INSERT INTO `t_county` VALUES ('1264', '180710', '唐河', '101180710', '1807');
INSERT INTO `t_county` VALUES ('1265', '180711', '邓州', '101180711', '1807');
INSERT INTO `t_county` VALUES ('1266', '180712', '桐柏', '101180712', '1807');
INSERT INTO `t_county` VALUES ('1267', '180801', '开封', '101180801', '1808');
INSERT INTO `t_county` VALUES ('1268', '180802', '杞县', '101180802', '1808');
INSERT INTO `t_county` VALUES ('1269', '180803', '尉氏', '101180803', '1808');
INSERT INTO `t_county` VALUES ('1270', '180804', '通许', '101180804', '1808');
INSERT INTO `t_county` VALUES ('1271', '180805', '兰考', '101180805', '1808');
INSERT INTO `t_county` VALUES ('1272', '180901', '洛阳', '101180901', '1809');
INSERT INTO `t_county` VALUES ('1273', '180902', '新安', '101180902', '1809');
INSERT INTO `t_county` VALUES ('1274', '180903', '孟津', '101180903', '1809');
INSERT INTO `t_county` VALUES ('1275', '180904', '宜阳', '101180904', '1809');
INSERT INTO `t_county` VALUES ('1276', '180905', '洛宁', '101180905', '1809');
INSERT INTO `t_county` VALUES ('1277', '180906', '伊川', '101180906', '1809');
INSERT INTO `t_county` VALUES ('1278', '180907', '嵩县', '101180907', '1809');
INSERT INTO `t_county` VALUES ('1279', '180908', '偃师', '101180908', '1809');
INSERT INTO `t_county` VALUES ('1280', '180909', '栾川', '101180909', '1809');
INSERT INTO `t_county` VALUES ('1281', '180910', '汝阳', '101180910', '1809');
INSERT INTO `t_county` VALUES ('1282', '180911', '吉利', '101180911', '1809');
INSERT INTO `t_county` VALUES ('1283', '181001', '商丘', '101181001', '1810');
INSERT INTO `t_county` VALUES ('1284', '181002', '睢县', '101181003', '1810');
INSERT INTO `t_county` VALUES ('1285', '181003', '民权', '101181004', '1810');
INSERT INTO `t_county` VALUES ('1286', '181004', '虞城', '101181005', '1810');
INSERT INTO `t_county` VALUES ('1287', '181005', '柘城', '101181006', '1810');
INSERT INTO `t_county` VALUES ('1288', '181006', '宁陵', '101181007', '1810');
INSERT INTO `t_county` VALUES ('1289', '181007', '夏邑', '101181008', '1810');
INSERT INTO `t_county` VALUES ('1290', '181008', '永城', '101181009', '1810');
INSERT INTO `t_county` VALUES ('1291', '181101', '焦作', '101181101', '1811');
INSERT INTO `t_county` VALUES ('1292', '181102', '修武', '101181102', '1811');
INSERT INTO `t_county` VALUES ('1293', '181103', '武陟', '101181103', '1811');
INSERT INTO `t_county` VALUES ('1294', '181104', '沁阳', '101181104', '1811');
INSERT INTO `t_county` VALUES ('1295', '181105', '博爱', '101181106', '1811');
INSERT INTO `t_county` VALUES ('1296', '181106', '温县', '101181107', '1811');
INSERT INTO `t_county` VALUES ('1297', '181107', '孟州', '101181108', '1811');
INSERT INTO `t_county` VALUES ('1298', '181201', '鹤壁', '101181201', '1812');
INSERT INTO `t_county` VALUES ('1299', '181202', '浚县', '101181202', '1812');
INSERT INTO `t_county` VALUES ('1300', '181203', '淇县', '101181203', '1812');
INSERT INTO `t_county` VALUES ('1301', '181301', '濮阳', '101181301', '1813');
INSERT INTO `t_county` VALUES ('1302', '181302', '台前', '101181302', '1813');
INSERT INTO `t_county` VALUES ('1303', '181303', '南乐', '101181303', '1813');
INSERT INTO `t_county` VALUES ('1304', '181304', '清丰', '101181304', '1813');
INSERT INTO `t_county` VALUES ('1305', '181305', '范县', '101181305', '1813');
INSERT INTO `t_county` VALUES ('1306', '181401', '周口', '101181401', '1814');
INSERT INTO `t_county` VALUES ('1307', '181402', '扶沟', '101181402', '1814');
INSERT INTO `t_county` VALUES ('1308', '181403', '太康', '101181403', '1814');
INSERT INTO `t_county` VALUES ('1309', '181404', '淮阳', '101181404', '1814');
INSERT INTO `t_county` VALUES ('1310', '181405', '西华', '101181405', '1814');
INSERT INTO `t_county` VALUES ('1311', '181406', '商水', '101181406', '1814');
INSERT INTO `t_county` VALUES ('1312', '181407', '项城', '101181407', '1814');
INSERT INTO `t_county` VALUES ('1313', '181408', '郸城', '101181408', '1814');
INSERT INTO `t_county` VALUES ('1314', '181409', '鹿邑', '101181409', '1814');
INSERT INTO `t_county` VALUES ('1315', '181410', '沈丘', '101181410', '1814');
INSERT INTO `t_county` VALUES ('1316', '181501', '漯河', '101181501', '1815');
INSERT INTO `t_county` VALUES ('1317', '181502', '临颍', '101181502', '1815');
INSERT INTO `t_county` VALUES ('1318', '181503', '舞阳', '101181503', '1815');
INSERT INTO `t_county` VALUES ('1319', '181601', '驻马店', '101181601', '1816');
INSERT INTO `t_county` VALUES ('1320', '181602', '西平', '101181602', '1816');
INSERT INTO `t_county` VALUES ('1321', '181603', '遂平', '101181603', '1816');
INSERT INTO `t_county` VALUES ('1322', '181604', '上蔡', '101181604', '1816');
INSERT INTO `t_county` VALUES ('1323', '181605', '汝南', '101181605', '1816');
INSERT INTO `t_county` VALUES ('1324', '181606', '泌阳', '101181606', '1816');
INSERT INTO `t_county` VALUES ('1325', '181607', '平舆', '101181607', '1816');
INSERT INTO `t_county` VALUES ('1326', '181608', '新蔡', '101181608', '1816');
INSERT INTO `t_county` VALUES ('1327', '181609', '确山', '101181609', '1816');
INSERT INTO `t_county` VALUES ('1328', '181610', '正阳', '101181610', '1816');
INSERT INTO `t_county` VALUES ('1329', '181701', '三门峡', '101181701', '1817');
INSERT INTO `t_county` VALUES ('1330', '181702', '灵宝', '101181702', '1817');
INSERT INTO `t_county` VALUES ('1331', '181703', '渑池', '101181703', '1817');
INSERT INTO `t_county` VALUES ('1332', '181704', '卢氏', '101181704', '1817');
INSERT INTO `t_county` VALUES ('1333', '181705', '义马', '101181705', '1817');
INSERT INTO `t_county` VALUES ('1334', '181706', '陕县', '101181706', '1817');
INSERT INTO `t_county` VALUES ('1335', '181801', '济源', '101181801', '1818');
INSERT INTO `t_county` VALUES ('1336', '190101', '南京', '101190101', '1901');
INSERT INTO `t_county` VALUES ('1337', '190102', '溧水', '101190102', '1901');
INSERT INTO `t_county` VALUES ('1338', '190103', '高淳', '101190103', '1901');
INSERT INTO `t_county` VALUES ('1339', '190104', '江宁', '101190104', '1901');
INSERT INTO `t_county` VALUES ('1340', '190105', '六合', '101190105', '1901');
INSERT INTO `t_county` VALUES ('1341', '190106', '江浦', '101190106', '1901');
INSERT INTO `t_county` VALUES ('1342', '190107', '浦口', '101190107', '1901');
INSERT INTO `t_county` VALUES ('1343', '190201', '无锡', '101190201', '1902');
INSERT INTO `t_county` VALUES ('1344', '190202', '江阴', '101190202', '1902');
INSERT INTO `t_county` VALUES ('1345', '190203', '宜兴', '101190203', '1902');
INSERT INTO `t_county` VALUES ('1346', '190204', '锡山', '101190204', '1902');
INSERT INTO `t_county` VALUES ('1347', '190301', '镇江', '101190301', '1903');
INSERT INTO `t_county` VALUES ('1348', '190302', '丹阳', '101190302', '1903');
INSERT INTO `t_county` VALUES ('1349', '190303', '扬中', '101190303', '1903');
INSERT INTO `t_county` VALUES ('1350', '190304', '句容', '101190304', '1903');
INSERT INTO `t_county` VALUES ('1351', '190305', '丹徒', '101190305', '1903');
INSERT INTO `t_county` VALUES ('1352', '190401', '苏州', '101190401', '1904');
INSERT INTO `t_county` VALUES ('1353', '190402', '常熟', '101190402', '1904');
INSERT INTO `t_county` VALUES ('1354', '190403', '张家港', '101190403', '1904');
INSERT INTO `t_county` VALUES ('1355', '190404', '昆山', '101190404', '1904');
INSERT INTO `t_county` VALUES ('1356', '190405', '吴中', '101190405', '1904');
INSERT INTO `t_county` VALUES ('1357', '190406', '吴江', '101190407', '1904');
INSERT INTO `t_county` VALUES ('1358', '190407', '太仓', '101190408', '1904');
INSERT INTO `t_county` VALUES ('1359', '190501', '南通', '101190501', '1905');
INSERT INTO `t_county` VALUES ('1360', '190502', '海安', '101190502', '1905');
INSERT INTO `t_county` VALUES ('1361', '190503', '如皋', '101190503', '1905');
INSERT INTO `t_county` VALUES ('1362', '190504', '如东', '101190504', '1905');
INSERT INTO `t_county` VALUES ('1363', '190505', '启东', '101190507', '1905');
INSERT INTO `t_county` VALUES ('1364', '190506', '海门', '101190508', '1905');
INSERT INTO `t_county` VALUES ('1365', '190507', '通州', '101190509', '1905');
INSERT INTO `t_county` VALUES ('1366', '190601', '扬州', '101190601', '1906');
INSERT INTO `t_county` VALUES ('1367', '190602', '宝应', '101190602', '1906');
INSERT INTO `t_county` VALUES ('1368', '190603', '仪征', '101190603', '1906');
INSERT INTO `t_county` VALUES ('1369', '190604', '高邮', '101190604', '1906');
INSERT INTO `t_county` VALUES ('1370', '190605', '江都', '101190605', '1906');
INSERT INTO `t_county` VALUES ('1371', '190606', '邗江', '101190606', '1906');
INSERT INTO `t_county` VALUES ('1372', '190701', '盐城', '101190701', '1907');
INSERT INTO `t_county` VALUES ('1373', '190702', '响水', '101190702', '1907');
INSERT INTO `t_county` VALUES ('1374', '190703', '滨海', '101190703', '1907');
INSERT INTO `t_county` VALUES ('1375', '190704', '阜宁', '101190704', '1907');
INSERT INTO `t_county` VALUES ('1376', '190705', '射阳', '101190705', '1907');
INSERT INTO `t_county` VALUES ('1377', '190706', '建湖', '101190706', '1907');
INSERT INTO `t_county` VALUES ('1378', '190707', '东台', '101190707', '1907');
INSERT INTO `t_county` VALUES ('1379', '190708', '大丰', '101190708', '1907');
INSERT INTO `t_county` VALUES ('1380', '190709', '盐都', '101190709', '1907');
INSERT INTO `t_county` VALUES ('1381', '190801', '徐州', '101190801', '1908');
INSERT INTO `t_county` VALUES ('1382', '190802', '铜山', '101190802', '1908');
INSERT INTO `t_county` VALUES ('1383', '190803', '丰县', '101190803', '1908');
INSERT INTO `t_county` VALUES ('1384', '190804', '沛县', '101190804', '1908');
INSERT INTO `t_county` VALUES ('1385', '190805', '邳州', '101190805', '1908');
INSERT INTO `t_county` VALUES ('1386', '190806', '睢宁', '101190806', '1908');
INSERT INTO `t_county` VALUES ('1387', '190807', '新沂', '101190807', '1908');
INSERT INTO `t_county` VALUES ('1388', '190901', '淮安', '101190901', '1909');
INSERT INTO `t_county` VALUES ('1389', '190902', '金湖', '101190902', '1909');
INSERT INTO `t_county` VALUES ('1390', '190903', '盱眙', '101190903', '1909');
INSERT INTO `t_county` VALUES ('1391', '190904', '洪泽', '101190904', '1909');
INSERT INTO `t_county` VALUES ('1392', '190905', '涟水', '101190905', '1909');
INSERT INTO `t_county` VALUES ('1393', '190906', '淮阴区', '101190906', '1909');
INSERT INTO `t_county` VALUES ('1394', '190907', '淮安区', '101190908', '1909');
INSERT INTO `t_county` VALUES ('1395', '191001', '连云港', '101191001', '1910');
INSERT INTO `t_county` VALUES ('1396', '191002', '东海', '101191002', '1910');
INSERT INTO `t_county` VALUES ('1397', '191003', '赣榆', '101191003', '1910');
INSERT INTO `t_county` VALUES ('1398', '191004', '灌云', '101191004', '1910');
INSERT INTO `t_county` VALUES ('1399', '191005', '灌南', '101191005', '1910');
INSERT INTO `t_county` VALUES ('1400', '191101', '常州', '101191101', '1911');
INSERT INTO `t_county` VALUES ('1401', '191102', '溧阳', '101191102', '1911');
INSERT INTO `t_county` VALUES ('1402', '191103', '金坛', '101191103', '1911');
INSERT INTO `t_county` VALUES ('1403', '191104', '武进', '101191104', '1911');
INSERT INTO `t_county` VALUES ('1404', '191201', '泰州', '101191201', '1912');
INSERT INTO `t_county` VALUES ('1405', '191202', '兴化', '101191202', '1912');
INSERT INTO `t_county` VALUES ('1406', '191203', '泰兴', '101191203', '1912');
INSERT INTO `t_county` VALUES ('1407', '191204', '姜堰', '101191204', '1912');
INSERT INTO `t_county` VALUES ('1408', '191205', '靖江', '101191205', '1912');
INSERT INTO `t_county` VALUES ('1409', '191301', '宿迁', '101191301', '1913');
INSERT INTO `t_county` VALUES ('1410', '191302', '沭阳', '101191302', '1913');
INSERT INTO `t_county` VALUES ('1411', '191303', '泗阳', '101191303', '1913');
INSERT INTO `t_county` VALUES ('1412', '191304', '泗洪', '101191304', '1913');
INSERT INTO `t_county` VALUES ('1413', '191305', '宿豫', '101191305', '1913');
INSERT INTO `t_county` VALUES ('1414', '200101', '武汉', '101200101', '2001');
INSERT INTO `t_county` VALUES ('1415', '200102', '蔡甸', '101200102', '2001');
INSERT INTO `t_county` VALUES ('1416', '200103', '黄陂', '101200103', '2001');
INSERT INTO `t_county` VALUES ('1417', '200104', '新洲', '101200104', '2001');
INSERT INTO `t_county` VALUES ('1418', '200105', '江夏', '101200105', '2001');
INSERT INTO `t_county` VALUES ('1419', '200106', '东西湖', '101200106', '2001');
INSERT INTO `t_county` VALUES ('1420', '200201', '襄阳', '101200201', '2002');
INSERT INTO `t_county` VALUES ('1421', '200202', '襄州', '101200202', '2002');
INSERT INTO `t_county` VALUES ('1422', '200203', '保康', '101200203', '2002');
INSERT INTO `t_county` VALUES ('1423', '200204', '南漳', '101200204', '2002');
INSERT INTO `t_county` VALUES ('1424', '200205', '宜城', '101200205', '2002');
INSERT INTO `t_county` VALUES ('1425', '200206', '老河口', '101200206', '2002');
INSERT INTO `t_county` VALUES ('1426', '200207', '谷城', '101200207', '2002');
INSERT INTO `t_county` VALUES ('1427', '200208', '枣阳', '101200208', '2002');
INSERT INTO `t_county` VALUES ('1428', '200301', '鄂州', '101200301', '2003');
INSERT INTO `t_county` VALUES ('1429', '200302', '梁子湖', '101200302', '2003');
INSERT INTO `t_county` VALUES ('1430', '200401', '孝感', '101200401', '2004');
INSERT INTO `t_county` VALUES ('1431', '200402', '安陆', '101200402', '2004');
INSERT INTO `t_county` VALUES ('1432', '200403', '云梦', '101200403', '2004');
INSERT INTO `t_county` VALUES ('1433', '200404', '大悟', '101200404', '2004');
INSERT INTO `t_county` VALUES ('1434', '200405', '应城', '101200405', '2004');
INSERT INTO `t_county` VALUES ('1435', '200406', '汉川', '101200406', '2004');
INSERT INTO `t_county` VALUES ('1436', '200407', '孝昌', '101200407', '2004');
INSERT INTO `t_county` VALUES ('1437', '200501', '黄冈', '101200501', '2005');
INSERT INTO `t_county` VALUES ('1438', '200502', '红安', '101200502', '2005');
INSERT INTO `t_county` VALUES ('1439', '200503', '麻城', '101200503', '2005');
INSERT INTO `t_county` VALUES ('1440', '200504', '罗田', '101200504', '2005');
INSERT INTO `t_county` VALUES ('1441', '200505', '英山', '101200505', '2005');
INSERT INTO `t_county` VALUES ('1442', '200506', '浠水', '101200506', '2005');
INSERT INTO `t_county` VALUES ('1443', '200507', '蕲春', '101200507', '2005');
INSERT INTO `t_county` VALUES ('1444', '200508', '黄梅', '101200508', '2005');
INSERT INTO `t_county` VALUES ('1445', '200509', '武穴', '101200509', '2005');
INSERT INTO `t_county` VALUES ('1446', '200510', '团风', '101200510', '2005');
INSERT INTO `t_county` VALUES ('1447', '200601', '黄石', '101200601', '2006');
INSERT INTO `t_county` VALUES ('1448', '200602', '大冶', '101200602', '2006');
INSERT INTO `t_county` VALUES ('1449', '200603', '阳新', '101200603', '2006');
INSERT INTO `t_county` VALUES ('1450', '200604', '铁山', '101200604', '2006');
INSERT INTO `t_county` VALUES ('1451', '200605', '下陆', '101200605', '2006');
INSERT INTO `t_county` VALUES ('1452', '200606', '西塞山', '101200606', '2006');
INSERT INTO `t_county` VALUES ('1453', '200701', '咸宁', '101200701', '2007');
INSERT INTO `t_county` VALUES ('1454', '200702', '赤壁', '101200702', '2007');
INSERT INTO `t_county` VALUES ('1455', '200703', '嘉鱼', '101200703', '2007');
INSERT INTO `t_county` VALUES ('1456', '200704', '崇阳', '101200704', '2007');
INSERT INTO `t_county` VALUES ('1457', '200705', '通城', '101200705', '2007');
INSERT INTO `t_county` VALUES ('1458', '200706', '通山', '101200706', '2007');
INSERT INTO `t_county` VALUES ('1459', '200801', '荆州', '101200801', '2008');
INSERT INTO `t_county` VALUES ('1460', '200802', '江陵', '101200802', '2008');
INSERT INTO `t_county` VALUES ('1461', '200803', '公安', '101200803', '2008');
INSERT INTO `t_county` VALUES ('1462', '200804', '石首', '101200804', '2008');
INSERT INTO `t_county` VALUES ('1463', '200805', '监利', '101200805', '2008');
INSERT INTO `t_county` VALUES ('1464', '200806', '洪湖', '101200806', '2008');
INSERT INTO `t_county` VALUES ('1465', '200807', '松滋', '101200807', '2008');
INSERT INTO `t_county` VALUES ('1466', '200808', '沙市', '101201406', '2008');
INSERT INTO `t_county` VALUES ('1467', '200901', '宜昌', '101200901', '2009');
INSERT INTO `t_county` VALUES ('1468', '200902', '远安', '101200902', '2009');
INSERT INTO `t_county` VALUES ('1469', '200903', '秭归', '101200903', '2009');
INSERT INTO `t_county` VALUES ('1470', '200904', '兴山', '101200904', '2009');
INSERT INTO `t_county` VALUES ('1471', '200905', '五峰', '101200906', '2009');
INSERT INTO `t_county` VALUES ('1472', '200906', '当阳', '101200907', '2009');
INSERT INTO `t_county` VALUES ('1473', '200907', '长阳', '101200908', '2009');
INSERT INTO `t_county` VALUES ('1474', '200908', '宜都', '101200909', '2009');
INSERT INTO `t_county` VALUES ('1475', '200909', '枝江', '101200910', '2009');
INSERT INTO `t_county` VALUES ('1476', '200910', '三峡', '101200911', '2009');
INSERT INTO `t_county` VALUES ('1477', '200911', '夷陵', '101200912', '2009');
INSERT INTO `t_county` VALUES ('1478', '201001', '恩施', '101201001', '2010');
INSERT INTO `t_county` VALUES ('1479', '201002', '利川', '101201002', '2010');
INSERT INTO `t_county` VALUES ('1480', '201003', '建始', '101201003', '2010');
INSERT INTO `t_county` VALUES ('1481', '201004', '咸丰', '101201004', '2010');
INSERT INTO `t_county` VALUES ('1482', '201005', '宣恩', '101201005', '2010');
INSERT INTO `t_county` VALUES ('1483', '201006', '鹤峰', '101201006', '2010');
INSERT INTO `t_county` VALUES ('1484', '201007', '来凤', '101201007', '2010');
INSERT INTO `t_county` VALUES ('1485', '201008', '巴东', '101201008', '2010');
INSERT INTO `t_county` VALUES ('1486', '201101', '十堰', '101201101', '2011');
INSERT INTO `t_county` VALUES ('1487', '201102', '竹溪', '101201102', '2011');
INSERT INTO `t_county` VALUES ('1488', '201103', '郧西', '101201103', '2011');
INSERT INTO `t_county` VALUES ('1489', '201104', '郧县', '101201104', '2011');
INSERT INTO `t_county` VALUES ('1490', '201105', '竹山', '101201105', '2011');
INSERT INTO `t_county` VALUES ('1491', '201106', '房县', '101201106', '2011');
INSERT INTO `t_county` VALUES ('1492', '201107', '丹江口', '101201107', '2011');
INSERT INTO `t_county` VALUES ('1493', '201108', '茅箭', '101201108', '2011');
INSERT INTO `t_county` VALUES ('1494', '201109', '张湾', '101201109', '2011');
INSERT INTO `t_county` VALUES ('1495', '201201', '神农架', '101201201', '2012');
INSERT INTO `t_county` VALUES ('1496', '201301', '随州', '101201301', '2013');
INSERT INTO `t_county` VALUES ('1497', '201302', '广水', '101201302', '2013');
INSERT INTO `t_county` VALUES ('1498', '201401', '荆门', '101201401', '2014');
INSERT INTO `t_county` VALUES ('1499', '201402', '钟祥', '101201402', '2014');
INSERT INTO `t_county` VALUES ('1500', '201403', '京山', '101201403', '2014');
INSERT INTO `t_county` VALUES ('1501', '201404', '掇刀', '101201404', '2014');
INSERT INTO `t_county` VALUES ('1502', '201405', '沙洋', '101201405', '2014');
INSERT INTO `t_county` VALUES ('1503', '201501', '天门', '101201501', '2015');
INSERT INTO `t_county` VALUES ('1504', '201601', '仙桃', '101201601', '2016');
INSERT INTO `t_county` VALUES ('1505', '201701', '潜江', '101201701', '2017');
INSERT INTO `t_county` VALUES ('1506', '210101', '杭州', '101210101', '2101');
INSERT INTO `t_county` VALUES ('1507', '210102', '萧山', '101210102', '2101');
INSERT INTO `t_county` VALUES ('1508', '210103', '桐庐', '101210103', '2101');
INSERT INTO `t_county` VALUES ('1509', '210104', '淳安', '101210104', '2101');
INSERT INTO `t_county` VALUES ('1510', '210105', '建德', '101210105', '2101');
INSERT INTO `t_county` VALUES ('1511', '210106', '余杭', '101210106', '2101');
INSERT INTO `t_county` VALUES ('1512', '210107', '临安', '101210107', '2101');
INSERT INTO `t_county` VALUES ('1513', '210108', '富阳', '101210108', '2101');
INSERT INTO `t_county` VALUES ('1514', '210201', '湖州', '101210201', '2102');
INSERT INTO `t_county` VALUES ('1515', '210202', '长兴', '101210202', '2102');
INSERT INTO `t_county` VALUES ('1516', '210203', '安吉', '101210203', '2102');
INSERT INTO `t_county` VALUES ('1517', '210204', '德清', '101210204', '2102');
INSERT INTO `t_county` VALUES ('1518', '210301', '嘉兴', '101210301', '2103');
INSERT INTO `t_county` VALUES ('1519', '210302', '嘉善', '101210302', '2103');
INSERT INTO `t_county` VALUES ('1520', '210303', '海宁', '101210303', '2103');
INSERT INTO `t_county` VALUES ('1521', '210304', '桐乡', '101210304', '2103');
INSERT INTO `t_county` VALUES ('1522', '210305', '平湖', '101210305', '2103');
INSERT INTO `t_county` VALUES ('1523', '210306', '海盐', '101210306', '2103');
INSERT INTO `t_county` VALUES ('1524', '210401', '宁波', '101210401', '2104');
INSERT INTO `t_county` VALUES ('1525', '210402', '慈溪', '101210403', '2104');
INSERT INTO `t_county` VALUES ('1526', '210403', '余姚', '101210404', '2104');
INSERT INTO `t_county` VALUES ('1527', '210404', '奉化', '101210405', '2104');
INSERT INTO `t_county` VALUES ('1528', '210405', '象山', '101210406', '2104');
INSERT INTO `t_county` VALUES ('1529', '210406', '宁海', '101210408', '2104');
INSERT INTO `t_county` VALUES ('1530', '210407', '北仑', '101210410', '2104');
INSERT INTO `t_county` VALUES ('1531', '210408', '鄞州', '101210411', '2104');
INSERT INTO `t_county` VALUES ('1532', '210409', '镇海', '101210412', '2104');
INSERT INTO `t_county` VALUES ('1533', '210501', '绍兴', '101210501', '2105');
INSERT INTO `t_county` VALUES ('1534', '210502', '诸暨', '101210502', '2105');
INSERT INTO `t_county` VALUES ('1535', '210503', '上虞', '101210503', '2105');
INSERT INTO `t_county` VALUES ('1536', '210504', '新昌', '101210504', '2105');
INSERT INTO `t_county` VALUES ('1537', '210505', '嵊州', '101210505', '2105');
INSERT INTO `t_county` VALUES ('1538', '210601', '台州', '101210601', '2106');
INSERT INTO `t_county` VALUES ('1539', '210602', '玉环', '101210603', '2106');
INSERT INTO `t_county` VALUES ('1540', '210603', '三门', '101210604', '2106');
INSERT INTO `t_county` VALUES ('1541', '210604', '天台', '101210605', '2106');
INSERT INTO `t_county` VALUES ('1542', '210605', '仙居', '101210606', '2106');
INSERT INTO `t_county` VALUES ('1543', '210606', '温岭', '101210607', '2106');
INSERT INTO `t_county` VALUES ('1544', '210607', '洪家', '101210609', '2106');
INSERT INTO `t_county` VALUES ('1545', '210608', '临海', '101210610', '2106');
INSERT INTO `t_county` VALUES ('1546', '210609', '椒江', '101210611', '2106');
INSERT INTO `t_county` VALUES ('1547', '210610', '黄岩', '101210612', '2106');
INSERT INTO `t_county` VALUES ('1548', '210611', '路桥', '101210613', '2106');
INSERT INTO `t_county` VALUES ('1549', '210701', '温州', '101210701', '2107');
INSERT INTO `t_county` VALUES ('1550', '210702', '泰顺', '101210702', '2107');
INSERT INTO `t_county` VALUES ('1551', '210703', '文成', '101210703', '2107');
INSERT INTO `t_county` VALUES ('1552', '210704', '平阳', '101210704', '2107');
INSERT INTO `t_county` VALUES ('1553', '210705', '瑞安', '101210705', '2107');
INSERT INTO `t_county` VALUES ('1554', '210706', '洞头', '101210706', '2107');
INSERT INTO `t_county` VALUES ('1555', '210707', '乐清', '101210707', '2107');
INSERT INTO `t_county` VALUES ('1556', '210708', '永嘉', '101210708', '2107');
INSERT INTO `t_county` VALUES ('1557', '210709', '苍南', '101210709', '2107');
INSERT INTO `t_county` VALUES ('1558', '210801', '丽水', '101210801', '2108');
INSERT INTO `t_county` VALUES ('1559', '210802', '遂昌', '101210802', '2108');
INSERT INTO `t_county` VALUES ('1560', '210803', '龙泉', '101210803', '2108');
INSERT INTO `t_county` VALUES ('1561', '210804', '缙云', '101210804', '2108');
INSERT INTO `t_county` VALUES ('1562', '210805', '青田', '101210805', '2108');
INSERT INTO `t_county` VALUES ('1563', '210806', '云和', '101210806', '2108');
INSERT INTO `t_county` VALUES ('1564', '210807', '庆元', '101210807', '2108');
INSERT INTO `t_county` VALUES ('1565', '210808', '松阳', '101210808', '2108');
INSERT INTO `t_county` VALUES ('1566', '210809', '景宁', '101210809', '2108');
INSERT INTO `t_county` VALUES ('1567', '210901', '金华', '101210901', '2109');
INSERT INTO `t_county` VALUES ('1568', '210902', '浦江', '101210902', '2109');
INSERT INTO `t_county` VALUES ('1569', '210903', '兰溪', '101210903', '2109');
INSERT INTO `t_county` VALUES ('1570', '210904', '义乌', '101210904', '2109');
INSERT INTO `t_county` VALUES ('1571', '210905', '东阳', '101210905', '2109');
INSERT INTO `t_county` VALUES ('1572', '210906', '武义', '101210906', '2109');
INSERT INTO `t_county` VALUES ('1573', '210907', '永康', '101210907', '2109');
INSERT INTO `t_county` VALUES ('1574', '210908', '磐安', '101210908', '2109');
INSERT INTO `t_county` VALUES ('1575', '211001', '衢州', '101211001', '2110');
INSERT INTO `t_county` VALUES ('1576', '211002', '常山', '101211002', '2110');
INSERT INTO `t_county` VALUES ('1577', '211003', '开化', '101211003', '2110');
INSERT INTO `t_county` VALUES ('1578', '211004', '龙游', '101211004', '2110');
INSERT INTO `t_county` VALUES ('1579', '211005', '江山', '101211005', '2110');
INSERT INTO `t_county` VALUES ('1580', '211006', '衢江', '101211006', '2110');
INSERT INTO `t_county` VALUES ('1581', '211101', '舟山', '101211101', '2111');
INSERT INTO `t_county` VALUES ('1582', '211102', '嵊泗', '101211102', '2111');
INSERT INTO `t_county` VALUES ('1583', '211103', '岱山', '101211104', '2111');
INSERT INTO `t_county` VALUES ('1584', '211104', '普陀', '101211105', '2111');
INSERT INTO `t_county` VALUES ('1585', '211105', '定海', '101211106', '2111');
INSERT INTO `t_county` VALUES ('1586', '220101', '合肥', '101220101', '2201');
INSERT INTO `t_county` VALUES ('1587', '220102', '长丰', '101220102', '2201');
INSERT INTO `t_county` VALUES ('1588', '220103', '肥东', '101220103', '2201');
INSERT INTO `t_county` VALUES ('1589', '220104', '肥西', '101220104', '2201');
INSERT INTO `t_county` VALUES ('1590', '220201', '蚌埠', '101220201', '2202');
INSERT INTO `t_county` VALUES ('1591', '220202', '怀远', '101220202', '2202');
INSERT INTO `t_county` VALUES ('1592', '220203', '固镇', '101220203', '2202');
INSERT INTO `t_county` VALUES ('1593', '220204', '五河', '101220204', '2202');
INSERT INTO `t_county` VALUES ('1594', '220301', '芜湖', '101220301', '2203');
INSERT INTO `t_county` VALUES ('1595', '220302', '繁昌', '101220302', '2203');
INSERT INTO `t_county` VALUES ('1596', '220303', '芜湖县', '101220303', '2203');
INSERT INTO `t_county` VALUES ('1597', '220304', '南陵', '101220304', '2203');
INSERT INTO `t_county` VALUES ('1598', '220401', '淮南', '101220401', '2204');
INSERT INTO `t_county` VALUES ('1599', '220402', '凤台', '101220402', '2204');
INSERT INTO `t_county` VALUES ('1600', '220403', '潘集', '101220403', '2204');
INSERT INTO `t_county` VALUES ('1601', '220501', '马鞍山', '101220501', '2205');
INSERT INTO `t_county` VALUES ('1602', '220502', '当涂', '101220502', '2205');
INSERT INTO `t_county` VALUES ('1603', '220601', '安庆', '101220601', '2206');
INSERT INTO `t_county` VALUES ('1604', '220602', '枞阳', '101220602', '2206');
INSERT INTO `t_county` VALUES ('1605', '220603', '太湖', '101220603', '2206');
INSERT INTO `t_county` VALUES ('1606', '220604', '潜山', '101220604', '2206');
INSERT INTO `t_county` VALUES ('1607', '220605', '怀宁', '101220605', '2206');
INSERT INTO `t_county` VALUES ('1608', '220606', '宿松', '101220606', '2206');
INSERT INTO `t_county` VALUES ('1609', '220607', '望江', '101220607', '2206');
INSERT INTO `t_county` VALUES ('1610', '220608', '岳西', '101220608', '2206');
INSERT INTO `t_county` VALUES ('1611', '220609', '桐城', '101220609', '2206');
INSERT INTO `t_county` VALUES ('1612', '220701', '宿州', '101220701', '2207');
INSERT INTO `t_county` VALUES ('1613', '220702', '砀山', '101220702', '2207');
INSERT INTO `t_county` VALUES ('1614', '220703', '灵璧', '101220703', '2207');
INSERT INTO `t_county` VALUES ('1615', '220704', '泗县', '101220704', '2207');
INSERT INTO `t_county` VALUES ('1616', '220705', '萧县', '101220705', '2207');
INSERT INTO `t_county` VALUES ('1617', '220801', '阜阳', '101220801', '2208');
INSERT INTO `t_county` VALUES ('1618', '220802', '阜南', '101220802', '2208');
INSERT INTO `t_county` VALUES ('1619', '220803', '颍上', '101220803', '2208');
INSERT INTO `t_county` VALUES ('1620', '220804', '临泉', '101220804', '2208');
INSERT INTO `t_county` VALUES ('1621', '220805', '界首', '101220805', '2208');
INSERT INTO `t_county` VALUES ('1622', '220806', '太和', '101220806', '2208');
INSERT INTO `t_county` VALUES ('1623', '220901', '亳州', '101220901', '2209');
INSERT INTO `t_county` VALUES ('1624', '220902', '涡阳', '101220902', '2209');
INSERT INTO `t_county` VALUES ('1625', '220903', '利辛', '101220903', '2209');
INSERT INTO `t_county` VALUES ('1626', '220904', '蒙城', '101220904', '2209');
INSERT INTO `t_county` VALUES ('1627', '221001', '黄山市', '101221001', '2210');
INSERT INTO `t_county` VALUES ('1628', '221002', '黄山区', '101221002', '2210');
INSERT INTO `t_county` VALUES ('1629', '221003', '屯溪', '101221003', '2210');
INSERT INTO `t_county` VALUES ('1630', '221004', '祁门', '101221004', '2210');
INSERT INTO `t_county` VALUES ('1631', '221005', '黟县', '101221005', '2210');
INSERT INTO `t_county` VALUES ('1632', '221006', '歙县', '101221006', '2210');
INSERT INTO `t_county` VALUES ('1633', '221007', '休宁', '101221007', '2210');
INSERT INTO `t_county` VALUES ('1634', '221008', '黄山风景区', '101221008', '2210');
INSERT INTO `t_county` VALUES ('1635', '221101', '滁州', '101221101', '2211');
INSERT INTO `t_county` VALUES ('1636', '221102', '凤阳', '101221102', '2211');
INSERT INTO `t_county` VALUES ('1637', '221103', '明光', '101221103', '2211');
INSERT INTO `t_county` VALUES ('1638', '221104', '定远', '101221104', '2211');
INSERT INTO `t_county` VALUES ('1639', '221105', '全椒', '101221105', '2211');
INSERT INTO `t_county` VALUES ('1640', '221106', '来安', '101221106', '2211');
INSERT INTO `t_county` VALUES ('1641', '221107', '天长', '101221107', '2211');
INSERT INTO `t_county` VALUES ('1642', '221201', '淮北', '101221201', '2212');
INSERT INTO `t_county` VALUES ('1643', '221202', '濉溪', '101221202', '2212');
INSERT INTO `t_county` VALUES ('1644', '221301', '铜陵', '101221301', '2213');
INSERT INTO `t_county` VALUES ('1645', '221401', '宣城', '101221401', '2214');
INSERT INTO `t_county` VALUES ('1646', '221402', '泾县', '101221402', '2214');
INSERT INTO `t_county` VALUES ('1647', '221403', '旌德', '101221403', '2214');
INSERT INTO `t_county` VALUES ('1648', '221404', '宁国', '101221404', '2214');
INSERT INTO `t_county` VALUES ('1649', '221405', '绩溪', '101221405', '2214');
INSERT INTO `t_county` VALUES ('1650', '221406', '广德', '101221406', '2214');
INSERT INTO `t_county` VALUES ('1651', '221407', '郎溪', '101221407', '2214');
INSERT INTO `t_county` VALUES ('1652', '221501', '六安', '101221501', '2215');
INSERT INTO `t_county` VALUES ('1653', '221502', '霍邱', '101221502', '2215');
INSERT INTO `t_county` VALUES ('1654', '221503', '寿县', '101221503', '2215');
INSERT INTO `t_county` VALUES ('1655', '221504', '金寨', '101221505', '2215');
INSERT INTO `t_county` VALUES ('1656', '221505', '霍山', '101221506', '2215');
INSERT INTO `t_county` VALUES ('1657', '221506', '舒城', '101221507', '2215');
INSERT INTO `t_county` VALUES ('1658', '221601', '巢湖', '101221601', '2216');
INSERT INTO `t_county` VALUES ('1659', '221602', '庐江', '101221602', '2216');
INSERT INTO `t_county` VALUES ('1660', '221603', '无为', '101221603', '2216');
INSERT INTO `t_county` VALUES ('1661', '221604', '含山', '101221604', '2216');
INSERT INTO `t_county` VALUES ('1662', '221605', '和县', '101221605', '2216');
INSERT INTO `t_county` VALUES ('1663', '221701', '池州', '101221701', '2217');
INSERT INTO `t_county` VALUES ('1664', '221702', '东至', '101221702', '2217');
INSERT INTO `t_county` VALUES ('1665', '221703', '青阳', '101221703', '2217');
INSERT INTO `t_county` VALUES ('1666', '221704', '九华山', '101221704', '2217');
INSERT INTO `t_county` VALUES ('1667', '221705', '石台', '101221705', '2217');
INSERT INTO `t_county` VALUES ('1668', '230101', '福州', '101230101', '2301');
INSERT INTO `t_county` VALUES ('1669', '230102', '闽清', '101230102', '2301');
INSERT INTO `t_county` VALUES ('1670', '230103', '闽侯', '101230103', '2301');
INSERT INTO `t_county` VALUES ('1671', '230104', '罗源', '101230104', '2301');
INSERT INTO `t_county` VALUES ('1672', '230105', '连江', '101230105', '2301');
INSERT INTO `t_county` VALUES ('1673', '230106', '永泰', '101230107', '2301');
INSERT INTO `t_county` VALUES ('1674', '230107', '平潭', '101230108', '2301');
INSERT INTO `t_county` VALUES ('1675', '230108', '长乐', '101230110', '2301');
INSERT INTO `t_county` VALUES ('1676', '230109', '福清', '101230111', '2301');
INSERT INTO `t_county` VALUES ('1677', '230201', '厦门', '101230201', '2302');
INSERT INTO `t_county` VALUES ('1678', '230202', '同安', '101230202', '2302');
INSERT INTO `t_county` VALUES ('1679', '230301', '宁德', '101230301', '2303');
INSERT INTO `t_county` VALUES ('1680', '230302', '古田', '101230302', '2303');
INSERT INTO `t_county` VALUES ('1681', '230303', '霞浦', '101230303', '2303');
INSERT INTO `t_county` VALUES ('1682', '230304', '寿宁', '101230304', '2303');
INSERT INTO `t_county` VALUES ('1683', '230305', '周宁', '101230305', '2303');
INSERT INTO `t_county` VALUES ('1684', '230306', '福安', '101230306', '2303');
INSERT INTO `t_county` VALUES ('1685', '230307', '柘荣', '101230307', '2303');
INSERT INTO `t_county` VALUES ('1686', '230308', '福鼎', '101230308', '2303');
INSERT INTO `t_county` VALUES ('1687', '230309', '屏南', '101230309', '2303');
INSERT INTO `t_county` VALUES ('1688', '230401', '莆田', '101230401', '2304');
INSERT INTO `t_county` VALUES ('1689', '230402', '仙游', '101230402', '2304');
INSERT INTO `t_county` VALUES ('1690', '230403', '秀屿港', '101230403', '2304');
INSERT INTO `t_county` VALUES ('1691', '230404', '涵江', '101230404', '2304');
INSERT INTO `t_county` VALUES ('1692', '230405', '秀屿', '101230405', '2304');
INSERT INTO `t_county` VALUES ('1693', '230406', '荔城', '101230406', '2304');
INSERT INTO `t_county` VALUES ('1694', '230407', '城厢', '101230407', '2304');
INSERT INTO `t_county` VALUES ('1695', '230501', '泉州', '101230501', '2305');
INSERT INTO `t_county` VALUES ('1696', '230502', '安溪', '101230502', '2305');
INSERT INTO `t_county` VALUES ('1697', '230503', '永春', '101230504', '2305');
INSERT INTO `t_county` VALUES ('1698', '230504', '德化', '101230505', '2305');
INSERT INTO `t_county` VALUES ('1699', '230505', '南安', '101230506', '2305');
INSERT INTO `t_county` VALUES ('1700', '230506', '崇武', '101230507', '2305');
INSERT INTO `t_county` VALUES ('1701', '230507', '惠安', '101230508', '2305');
INSERT INTO `t_county` VALUES ('1702', '230508', '晋江', '101230509', '2305');
INSERT INTO `t_county` VALUES ('1703', '230509', '石狮', '101230510', '2305');
INSERT INTO `t_county` VALUES ('1704', '230601', '漳州', '101230601', '2306');
INSERT INTO `t_county` VALUES ('1705', '230602', '长泰', '101230602', '2306');
INSERT INTO `t_county` VALUES ('1706', '230603', '南靖', '101230603', '2306');
INSERT INTO `t_county` VALUES ('1707', '230604', '平和', '101230604', '2306');
INSERT INTO `t_county` VALUES ('1708', '230605', '龙海', '101230605', '2306');
INSERT INTO `t_county` VALUES ('1709', '230606', '漳浦', '101230606', '2306');
INSERT INTO `t_county` VALUES ('1710', '230607', '诏安', '101230607', '2306');
INSERT INTO `t_county` VALUES ('1711', '230608', '东山', '101230608', '2306');
INSERT INTO `t_county` VALUES ('1712', '230609', '云霄', '101230609', '2306');
INSERT INTO `t_county` VALUES ('1713', '230610', '华安', '101230610', '2306');
INSERT INTO `t_county` VALUES ('1714', '230701', '龙岩', '101230701', '2307');
INSERT INTO `t_county` VALUES ('1715', '230702', '长汀', '101230702', '2307');
INSERT INTO `t_county` VALUES ('1716', '230703', '连城', '101230703', '2307');
INSERT INTO `t_county` VALUES ('1717', '230704', '武平', '101230704', '2307');
INSERT INTO `t_county` VALUES ('1718', '230705', '上杭', '101230705', '2307');
INSERT INTO `t_county` VALUES ('1719', '230706', '永定', '101230706', '2307');
INSERT INTO `t_county` VALUES ('1720', '230707', '漳平', '101230707', '2307');
INSERT INTO `t_county` VALUES ('1721', '230801', '三明', '101230801', '2308');
INSERT INTO `t_county` VALUES ('1722', '230802', '宁化', '101230802', '2308');
INSERT INTO `t_county` VALUES ('1723', '230803', '清流', '101230803', '2308');
INSERT INTO `t_county` VALUES ('1724', '230804', '泰宁', '101230804', '2308');
INSERT INTO `t_county` VALUES ('1725', '230805', '将乐', '101230805', '2308');
INSERT INTO `t_county` VALUES ('1726', '230806', '建宁', '101230806', '2308');
INSERT INTO `t_county` VALUES ('1727', '230807', '明溪', '101230807', '2308');
INSERT INTO `t_county` VALUES ('1728', '230808', '沙县', '101230808', '2308');
INSERT INTO `t_county` VALUES ('1729', '230809', '尤溪', '101230809', '2308');
INSERT INTO `t_county` VALUES ('1730', '230810', '永安', '101230810', '2308');
INSERT INTO `t_county` VALUES ('1731', '230811', '大田', '101230811', '2308');
INSERT INTO `t_county` VALUES ('1732', '230901', '南平', '101230901', '2309');
INSERT INTO `t_county` VALUES ('1733', '230902', '顺昌', '101230902', '2309');
INSERT INTO `t_county` VALUES ('1734', '230903', '光泽', '101230903', '2309');
INSERT INTO `t_county` VALUES ('1735', '230904', '邵武', '101230904', '2309');
INSERT INTO `t_county` VALUES ('1736', '230905', '武夷山', '101230905', '2309');
INSERT INTO `t_county` VALUES ('1737', '230906', '浦城', '101230906', '2309');
INSERT INTO `t_county` VALUES ('1738', '230907', '建阳', '101230907', '2309');
INSERT INTO `t_county` VALUES ('1739', '230908', '松溪', '101230908', '2309');
INSERT INTO `t_county` VALUES ('1740', '230909', '政和', '101230909', '2309');
INSERT INTO `t_county` VALUES ('1741', '230910', '建瓯', '101230910', '2309');
INSERT INTO `t_county` VALUES ('1742', '240101', '南昌', '101240101', '2401');
INSERT INTO `t_county` VALUES ('1743', '240102', '新建', '101240102', '2401');
INSERT INTO `t_county` VALUES ('1744', '240103', '南昌县', '101240103', '2401');
INSERT INTO `t_county` VALUES ('1745', '240104', '安义', '101240104', '2401');
INSERT INTO `t_county` VALUES ('1746', '240105', '进贤', '101240105', '2401');
INSERT INTO `t_county` VALUES ('1747', '240201', '九江', '101240201', '2402');
INSERT INTO `t_county` VALUES ('1748', '240202', '瑞昌', '101240202', '2402');
INSERT INTO `t_county` VALUES ('1749', '240203', '庐山', '101240203', '2402');
INSERT INTO `t_county` VALUES ('1750', '240204', '武宁', '101240204', '2402');
INSERT INTO `t_county` VALUES ('1751', '240205', '德安', '101240205', '2402');
INSERT INTO `t_county` VALUES ('1752', '240206', '永修', '101240206', '2402');
INSERT INTO `t_county` VALUES ('1753', '240207', '湖口', '101240207', '2402');
INSERT INTO `t_county` VALUES ('1754', '240208', '彭泽', '101240208', '2402');
INSERT INTO `t_county` VALUES ('1755', '240209', '星子', '101240209', '2402');
INSERT INTO `t_county` VALUES ('1756', '240210', '都昌', '101240210', '2402');
INSERT INTO `t_county` VALUES ('1757', '240211', '修水', '101240212', '2402');
INSERT INTO `t_county` VALUES ('1758', '240301', '上饶', '101240301', '2403');
INSERT INTO `t_county` VALUES ('1759', '240302', '鄱阳', '101240302', '2403');
INSERT INTO `t_county` VALUES ('1760', '240303', '婺源', '101240303', '2403');
INSERT INTO `t_county` VALUES ('1761', '240304', '余干', '101240305', '2403');
INSERT INTO `t_county` VALUES ('1762', '240305', '万年', '101240306', '2403');
INSERT INTO `t_county` VALUES ('1763', '240306', '德兴', '101240307', '2403');
INSERT INTO `t_county` VALUES ('1764', '240307', '上饶县', '101240308', '2403');
INSERT INTO `t_county` VALUES ('1765', '240308', '弋阳', '101240309', '2403');
INSERT INTO `t_county` VALUES ('1766', '240309', '横峰', '101240310', '2403');
INSERT INTO `t_county` VALUES ('1767', '240310', '铅山', '101240311', '2403');
INSERT INTO `t_county` VALUES ('1768', '240311', '玉山', '101240312', '2403');
INSERT INTO `t_county` VALUES ('1769', '240312', '广丰', '101240313', '2403');
INSERT INTO `t_county` VALUES ('1770', '240401', '抚州', '101240401', '2404');
INSERT INTO `t_county` VALUES ('1771', '240402', '广昌', '101240402', '2404');
INSERT INTO `t_county` VALUES ('1772', '240403', '乐安', '101240403', '2404');
INSERT INTO `t_county` VALUES ('1773', '240404', '崇仁', '101240404', '2404');
INSERT INTO `t_county` VALUES ('1774', '240405', '金溪', '101240405', '2404');
INSERT INTO `t_county` VALUES ('1775', '240406', '资溪', '101240406', '2404');
INSERT INTO `t_county` VALUES ('1776', '240407', '宜黄', '101240407', '2404');
INSERT INTO `t_county` VALUES ('1777', '240408', '南城', '101240408', '2404');
INSERT INTO `t_county` VALUES ('1778', '240409', '南丰', '101240409', '2404');
INSERT INTO `t_county` VALUES ('1779', '240410', '黎川', '101240410', '2404');
INSERT INTO `t_county` VALUES ('1780', '240411', '东乡', '101240411', '2404');
INSERT INTO `t_county` VALUES ('1781', '240501', '宜春', '101240501', '2405');
INSERT INTO `t_county` VALUES ('1782', '240502', '铜鼓', '101240502', '2405');
INSERT INTO `t_county` VALUES ('1783', '240503', '宜丰', '101240503', '2405');
INSERT INTO `t_county` VALUES ('1784', '240504', '万载', '101240504', '2405');
INSERT INTO `t_county` VALUES ('1785', '240505', '上高', '101240505', '2405');
INSERT INTO `t_county` VALUES ('1786', '240506', '靖安', '101240506', '2405');
INSERT INTO `t_county` VALUES ('1787', '240507', '奉新', '101240507', '2405');
INSERT INTO `t_county` VALUES ('1788', '240508', '高安', '101240508', '2405');
INSERT INTO `t_county` VALUES ('1789', '240509', '樟树', '101240509', '2405');
INSERT INTO `t_county` VALUES ('1790', '240510', '丰城', '101240510', '2405');
INSERT INTO `t_county` VALUES ('1791', '240601', '吉安', '101240601', '2406');
INSERT INTO `t_county` VALUES ('1792', '240602', '吉安县', '101240602', '2406');
INSERT INTO `t_county` VALUES ('1793', '240603', '吉水', '101240603', '2406');
INSERT INTO `t_county` VALUES ('1794', '240604', '新干', '101240604', '2406');
INSERT INTO `t_county` VALUES ('1795', '240605', '峡江', '101240605', '2406');
INSERT INTO `t_county` VALUES ('1796', '240606', '永丰', '101240606', '2406');
INSERT INTO `t_county` VALUES ('1797', '240607', '永新', '101240607', '2406');
INSERT INTO `t_county` VALUES ('1798', '240608', '井冈山', '101240608', '2406');
INSERT INTO `t_county` VALUES ('1799', '240609', '万安', '101240609', '2406');
INSERT INTO `t_county` VALUES ('1800', '240610', '遂川', '101240610', '2406');
INSERT INTO `t_county` VALUES ('1801', '240611', '泰和', '101240611', '2406');
INSERT INTO `t_county` VALUES ('1802', '240612', '安福', '101240612', '2406');
INSERT INTO `t_county` VALUES ('1803', '240613', '宁冈', '101240613', '2406');
INSERT INTO `t_county` VALUES ('1804', '240701', '赣州', '101240701', '2407');
INSERT INTO `t_county` VALUES ('1805', '240702', '崇义', '101240702', '2407');
INSERT INTO `t_county` VALUES ('1806', '240703', '上犹', '101240703', '2407');
INSERT INTO `t_county` VALUES ('1807', '240704', '南康', '101240704', '2407');
INSERT INTO `t_county` VALUES ('1808', '240705', '大余', '101240705', '2407');
INSERT INTO `t_county` VALUES ('1809', '240706', '信丰', '101240706', '2407');
INSERT INTO `t_county` VALUES ('1810', '240707', '宁都', '101240707', '2407');
INSERT INTO `t_county` VALUES ('1811', '240708', '石城', '101240708', '2407');
INSERT INTO `t_county` VALUES ('1812', '240709', '瑞金', '101240709', '2407');
INSERT INTO `t_county` VALUES ('1813', '240710', '于都', '101240710', '2407');
INSERT INTO `t_county` VALUES ('1814', '240711', '会昌', '101240711', '2407');
INSERT INTO `t_county` VALUES ('1815', '240712', '安远', '101240712', '2407');
INSERT INTO `t_county` VALUES ('1816', '240713', '全南', '101240713', '2407');
INSERT INTO `t_county` VALUES ('1817', '240714', '龙南', '101240714', '2407');
INSERT INTO `t_county` VALUES ('1818', '240715', '定南', '101240715', '2407');
INSERT INTO `t_county` VALUES ('1819', '240716', '寻乌', '101240716', '2407');
INSERT INTO `t_county` VALUES ('1820', '240717', '兴国', '101240717', '2407');
INSERT INTO `t_county` VALUES ('1821', '240718', '赣县', '101240718', '2407');
INSERT INTO `t_county` VALUES ('1822', '240801', '景德镇', '101240801', '2408');
INSERT INTO `t_county` VALUES ('1823', '240802', '乐平', '101240802', '2408');
INSERT INTO `t_county` VALUES ('1824', '240803', '浮梁', '101240803', '2408');
INSERT INTO `t_county` VALUES ('1825', '240901', '萍乡', '101240901', '2409');
INSERT INTO `t_county` VALUES ('1826', '240902', '莲花', '101240902', '2409');
INSERT INTO `t_county` VALUES ('1827', '240903', '上栗', '101240903', '2409');
INSERT INTO `t_county` VALUES ('1828', '240904', '安源', '101240904', '2409');
INSERT INTO `t_county` VALUES ('1829', '240905', '芦溪', '101240905', '2409');
INSERT INTO `t_county` VALUES ('1830', '240906', '湘东', '101240906', '2409');
INSERT INTO `t_county` VALUES ('1831', '241001', '新余', '101241001', '2410');
INSERT INTO `t_county` VALUES ('1832', '241002', '分宜', '101241002', '2410');
INSERT INTO `t_county` VALUES ('1833', '241101', '鹰潭', '101241101', '2411');
INSERT INTO `t_county` VALUES ('1834', '241102', '余江', '101241102', '2411');
INSERT INTO `t_county` VALUES ('1835', '241103', '贵溪', '101241103', '2411');
INSERT INTO `t_county` VALUES ('1836', '250101', '长沙', '101250101', '2501');
INSERT INTO `t_county` VALUES ('1837', '250102', '宁乡', '101250102', '2501');
INSERT INTO `t_county` VALUES ('1838', '250103', '浏阳', '101250103', '2501');
INSERT INTO `t_county` VALUES ('1839', '250104', '马坡岭', '101250104', '2501');
INSERT INTO `t_county` VALUES ('1840', '250105', '望城', '101250105', '2501');
INSERT INTO `t_county` VALUES ('1841', '250201', '湘潭', '101250201', '2502');
INSERT INTO `t_county` VALUES ('1842', '250202', '韶山', '101250202', '2502');
INSERT INTO `t_county` VALUES ('1843', '250203', '湘乡', '101250203', '2502');
INSERT INTO `t_county` VALUES ('1844', '250301', '株洲', '101250301', '2503');
INSERT INTO `t_county` VALUES ('1845', '250302', '攸县', '101250302', '2503');
INSERT INTO `t_county` VALUES ('1846', '250303', '醴陵', '101250303', '2503');
INSERT INTO `t_county` VALUES ('1847', '250304', '茶陵', '101250305', '2503');
INSERT INTO `t_county` VALUES ('1848', '250305', '炎陵', '101250306', '2503');
INSERT INTO `t_county` VALUES ('1849', '250401', '衡阳', '101250401', '2504');
INSERT INTO `t_county` VALUES ('1850', '250402', '衡山', '101250402', '2504');
INSERT INTO `t_county` VALUES ('1851', '250403', '衡东', '101250403', '2504');
INSERT INTO `t_county` VALUES ('1852', '250404', '祁东', '101250404', '2504');
INSERT INTO `t_county` VALUES ('1853', '250405', '衡阳县', '101250405', '2504');
INSERT INTO `t_county` VALUES ('1854', '250406', '常宁', '101250406', '2504');
INSERT INTO `t_county` VALUES ('1855', '250407', '衡南', '101250407', '2504');
INSERT INTO `t_county` VALUES ('1856', '250408', '耒阳', '101250408', '2504');
INSERT INTO `t_county` VALUES ('1857', '250409', '南岳', '101250409', '2504');
INSERT INTO `t_county` VALUES ('1858', '250501', '郴州', '101250501', '2505');
INSERT INTO `t_county` VALUES ('1859', '250502', '桂阳', '101250502', '2505');
INSERT INTO `t_county` VALUES ('1860', '250503', '嘉禾', '101250503', '2505');
INSERT INTO `t_county` VALUES ('1861', '250504', '宜章', '101250504', '2505');
INSERT INTO `t_county` VALUES ('1862', '250505', '临武', '101250505', '2505');
INSERT INTO `t_county` VALUES ('1863', '250506', '资兴', '101250507', '2505');
INSERT INTO `t_county` VALUES ('1864', '250507', '汝城', '101250508', '2505');
INSERT INTO `t_county` VALUES ('1865', '250508', '安仁', '101250509', '2505');
INSERT INTO `t_county` VALUES ('1866', '250509', '永兴', '101250510', '2505');
INSERT INTO `t_county` VALUES ('1867', '250510', '桂东', '101250511', '2505');
INSERT INTO `t_county` VALUES ('1868', '250511', '苏仙', '101250512', '2505');
INSERT INTO `t_county` VALUES ('1869', '250601', '常德', '101250601', '2506');
INSERT INTO `t_county` VALUES ('1870', '250602', '安乡', '101250602', '2506');
INSERT INTO `t_county` VALUES ('1871', '250603', '桃源', '101250603', '2506');
INSERT INTO `t_county` VALUES ('1872', '250604', '汉寿', '101250604', '2506');
INSERT INTO `t_county` VALUES ('1873', '250605', '澧县', '101250605', '2506');
INSERT INTO `t_county` VALUES ('1874', '250606', '临澧', '101250606', '2506');
INSERT INTO `t_county` VALUES ('1875', '250607', '石门', '101250607', '2506');
INSERT INTO `t_county` VALUES ('1876', '250608', '津市', '101250608', '2506');
INSERT INTO `t_county` VALUES ('1877', '250701', '益阳', '101250700', '2507');
INSERT INTO `t_county` VALUES ('1878', '250702', '赫山区', '101250701', '2507');
INSERT INTO `t_county` VALUES ('1879', '250703', '南县', '101250702', '2507');
INSERT INTO `t_county` VALUES ('1880', '250704', '桃江', '101250703', '2507');
INSERT INTO `t_county` VALUES ('1881', '250705', '安化', '101250704', '2507');
INSERT INTO `t_county` VALUES ('1882', '250706', '沅江', '101250705', '2507');
INSERT INTO `t_county` VALUES ('1883', '250801', '娄底', '101250801', '2508');
INSERT INTO `t_county` VALUES ('1884', '250802', '双峰', '101250802', '2508');
INSERT INTO `t_county` VALUES ('1885', '250803', '冷水江', '101250803', '2508');
INSERT INTO `t_county` VALUES ('1886', '250804', '新化', '101250805', '2508');
INSERT INTO `t_county` VALUES ('1887', '250805', '涟源', '101250806', '2508');
INSERT INTO `t_county` VALUES ('1888', '250901', '邵阳', '101250901', '2509');
INSERT INTO `t_county` VALUES ('1889', '250902', '隆回', '101250902', '2509');
INSERT INTO `t_county` VALUES ('1890', '250903', '洞口', '101250903', '2509');
INSERT INTO `t_county` VALUES ('1891', '250904', '新邵', '101250904', '2509');
INSERT INTO `t_county` VALUES ('1892', '250905', '邵东', '101250905', '2509');
INSERT INTO `t_county` VALUES ('1893', '250906', '绥宁', '101250906', '2509');
INSERT INTO `t_county` VALUES ('1894', '250907', '新宁', '101250907', '2509');
INSERT INTO `t_county` VALUES ('1895', '250908', '武冈', '101250908', '2509');
INSERT INTO `t_county` VALUES ('1896', '250909', '城步', '101250909', '2509');
INSERT INTO `t_county` VALUES ('1897', '250910', '邵阳县', '101250910', '2509');
INSERT INTO `t_county` VALUES ('1898', '251001', '岳阳', '101251001', '2510');
INSERT INTO `t_county` VALUES ('1899', '251002', '华容', '101251002', '2510');
INSERT INTO `t_county` VALUES ('1900', '251003', '湘阴', '101251003', '2510');
INSERT INTO `t_county` VALUES ('1901', '251004', '汨罗', '101251004', '2510');
INSERT INTO `t_county` VALUES ('1902', '251005', '平江', '101251005', '2510');
INSERT INTO `t_county` VALUES ('1903', '251006', '临湘', '101251006', '2510');
INSERT INTO `t_county` VALUES ('1904', '251101', '张家界', '101251101', '2511');
INSERT INTO `t_county` VALUES ('1905', '251102', '桑植', '101251102', '2511');
INSERT INTO `t_county` VALUES ('1906', '251103', '慈利', '101251103', '2511');
INSERT INTO `t_county` VALUES ('1907', '251104', '武陵源', '101251104', '2511');
INSERT INTO `t_county` VALUES ('1908', '251201', '怀化', '101251201', '2512');
INSERT INTO `t_county` VALUES ('1909', '251202', '沅陵', '101251203', '2512');
INSERT INTO `t_county` VALUES ('1910', '251203', '辰溪', '101251204', '2512');
INSERT INTO `t_county` VALUES ('1911', '251204', '靖州', '101251205', '2512');
INSERT INTO `t_county` VALUES ('1912', '251205', '会同', '101251206', '2512');
INSERT INTO `t_county` VALUES ('1913', '251206', '通道', '101251207', '2512');
INSERT INTO `t_county` VALUES ('1914', '251207', '麻阳', '101251208', '2512');
INSERT INTO `t_county` VALUES ('1915', '251208', '新晃', '101251209', '2512');
INSERT INTO `t_county` VALUES ('1916', '251209', '芷江', '101251210', '2512');
INSERT INTO `t_county` VALUES ('1917', '251210', '溆浦', '101251211', '2512');
INSERT INTO `t_county` VALUES ('1918', '251211', '中方', '101251212', '2512');
INSERT INTO `t_county` VALUES ('1919', '251212', '洪江', '101251213', '2512');
INSERT INTO `t_county` VALUES ('1920', '251301', '永州', '101251401', '2513');
INSERT INTO `t_county` VALUES ('1921', '251302', '祁阳', '101251402', '2513');
INSERT INTO `t_county` VALUES ('1922', '251303', '东安', '101251403', '2513');
INSERT INTO `t_county` VALUES ('1923', '251304', '双牌', '101251404', '2513');
INSERT INTO `t_county` VALUES ('1924', '251305', '道县', '101251405', '2513');
INSERT INTO `t_county` VALUES ('1925', '251306', '宁远', '101251406', '2513');
INSERT INTO `t_county` VALUES ('1926', '251307', '江永', '101251407', '2513');
INSERT INTO `t_county` VALUES ('1927', '251308', '蓝山', '101251408', '2513');
INSERT INTO `t_county` VALUES ('1928', '251309', '新田', '101251409', '2513');
INSERT INTO `t_county` VALUES ('1929', '251310', '江华', '101251410', '2513');
INSERT INTO `t_county` VALUES ('1930', '251311', '冷水滩', '101251411', '2513');
INSERT INTO `t_county` VALUES ('1931', '251401', '吉首', '101251501', '2514');
INSERT INTO `t_county` VALUES ('1932', '251402', '保靖', '101251502', '2514');
INSERT INTO `t_county` VALUES ('1933', '251403', '永顺', '101251503', '2514');
INSERT INTO `t_county` VALUES ('1934', '251404', '古丈', '101251504', '2514');
INSERT INTO `t_county` VALUES ('1935', '251405', '凤凰', '101251505', '2514');
INSERT INTO `t_county` VALUES ('1936', '251406', '泸溪', '101251506', '2514');
INSERT INTO `t_county` VALUES ('1937', '251407', '龙山', '101251507', '2514');
INSERT INTO `t_county` VALUES ('1938', '251408', '花垣', '101251508', '2514');
INSERT INTO `t_county` VALUES ('1939', '260101', '贵阳', '101260101', '2601');
INSERT INTO `t_county` VALUES ('1940', '260102', '白云', '101260102', '2601');
INSERT INTO `t_county` VALUES ('1941', '260103', '花溪', '101260103', '2601');
INSERT INTO `t_county` VALUES ('1942', '260104', '乌当', '101260104', '2601');
INSERT INTO `t_county` VALUES ('1943', '260105', '息烽', '101260105', '2601');
INSERT INTO `t_county` VALUES ('1944', '260106', '开阳', '101260106', '2601');
INSERT INTO `t_county` VALUES ('1945', '260107', '修文', '101260107', '2601');
INSERT INTO `t_county` VALUES ('1946', '260108', '清镇', '101260108', '2601');
INSERT INTO `t_county` VALUES ('1947', '260109', '小河', '101260109', '2601');
INSERT INTO `t_county` VALUES ('1948', '260110', '云岩', '101260110', '2601');
INSERT INTO `t_county` VALUES ('1949', '260111', '南明', '101260111', '2601');
INSERT INTO `t_county` VALUES ('1950', '260201', '遵义', '101260201', '2602');
INSERT INTO `t_county` VALUES ('1951', '260202', '遵义县', '101260202', '2602');
INSERT INTO `t_county` VALUES ('1952', '260203', '仁怀', '101260203', '2602');
INSERT INTO `t_county` VALUES ('1953', '260204', '绥阳', '101260204', '2602');
INSERT INTO `t_county` VALUES ('1954', '260205', '湄潭', '101260205', '2602');
INSERT INTO `t_county` VALUES ('1955', '260206', '凤冈', '101260206', '2602');
INSERT INTO `t_county` VALUES ('1956', '260207', '桐梓', '101260207', '2602');
INSERT INTO `t_county` VALUES ('1957', '260208', '赤水', '101260208', '2602');
INSERT INTO `t_county` VALUES ('1958', '260209', '习水', '101260209', '2602');
INSERT INTO `t_county` VALUES ('1959', '260210', '道真', '101260210', '2602');
INSERT INTO `t_county` VALUES ('1960', '260211', '正安', '101260211', '2602');
INSERT INTO `t_county` VALUES ('1961', '260212', '务川', '101260212', '2602');
INSERT INTO `t_county` VALUES ('1962', '260213', '余庆', '101260213', '2602');
INSERT INTO `t_county` VALUES ('1963', '260214', '汇川', '101260214', '2602');
INSERT INTO `t_county` VALUES ('1964', '260215', '红花岗', '101260215', '2602');
INSERT INTO `t_county` VALUES ('1965', '260301', '安顺', '101260301', '2603');
INSERT INTO `t_county` VALUES ('1966', '260302', '普定', '101260302', '2603');
INSERT INTO `t_county` VALUES ('1967', '260303', '镇宁', '101260303', '2603');
INSERT INTO `t_county` VALUES ('1968', '260304', '平坝', '101260304', '2603');
INSERT INTO `t_county` VALUES ('1969', '260305', '紫云', '101260305', '2603');
INSERT INTO `t_county` VALUES ('1970', '260306', '关岭', '101260306', '2603');
INSERT INTO `t_county` VALUES ('1971', '260401', '都匀', '101260401', '2604');
INSERT INTO `t_county` VALUES ('1972', '260402', '贵定', '101260402', '2604');
INSERT INTO `t_county` VALUES ('1973', '260403', '瓮安', '101260403', '2604');
INSERT INTO `t_county` VALUES ('1974', '260404', '长顺', '101260404', '2604');
INSERT INTO `t_county` VALUES ('1975', '260405', '福泉', '101260405', '2604');
INSERT INTO `t_county` VALUES ('1976', '260406', '惠水', '101260406', '2604');
INSERT INTO `t_county` VALUES ('1977', '260407', '龙里', '101260407', '2604');
INSERT INTO `t_county` VALUES ('1978', '260408', '罗甸', '101260408', '2604');
INSERT INTO `t_county` VALUES ('1979', '260409', '平塘', '101260409', '2604');
INSERT INTO `t_county` VALUES ('1980', '260410', '独山', '101260410', '2604');
INSERT INTO `t_county` VALUES ('1981', '260411', '三都', '101260411', '2604');
INSERT INTO `t_county` VALUES ('1982', '260412', '荔波', '101260412', '2604');
INSERT INTO `t_county` VALUES ('1983', '260501', '凯里', '101260501', '2605');
INSERT INTO `t_county` VALUES ('1984', '260502', '岑巩', '101260502', '2605');
INSERT INTO `t_county` VALUES ('1985', '260503', '施秉', '101260503', '2605');
INSERT INTO `t_county` VALUES ('1986', '260504', '镇远', '101260504', '2605');
INSERT INTO `t_county` VALUES ('1987', '260505', '黄平', '101260505', '2605');
INSERT INTO `t_county` VALUES ('1988', '260506', '麻江', '101260507', '2605');
INSERT INTO `t_county` VALUES ('1989', '260507', '丹寨', '101260508', '2605');
INSERT INTO `t_county` VALUES ('1990', '260508', '三穗', '101260509', '2605');
INSERT INTO `t_county` VALUES ('1991', '260509', '台江', '101260510', '2605');
INSERT INTO `t_county` VALUES ('1992', '260510', '剑河', '101260511', '2605');
INSERT INTO `t_county` VALUES ('1993', '260511', '雷山', '101260512', '2605');
INSERT INTO `t_county` VALUES ('1994', '260512', '黎平', '101260513', '2605');
INSERT INTO `t_county` VALUES ('1995', '260513', '天柱', '101260514', '2605');
INSERT INTO `t_county` VALUES ('1996', '260514', '锦屏', '101260515', '2605');
INSERT INTO `t_county` VALUES ('1997', '260515', '榕江', '101260516', '2605');
INSERT INTO `t_county` VALUES ('1998', '260516', '从江', '101260517', '2605');
INSERT INTO `t_county` VALUES ('1999', '260601', '铜仁', '101260601', '2606');
INSERT INTO `t_county` VALUES ('2000', '260602', '江口', '101260602', '2606');
INSERT INTO `t_county` VALUES ('2001', '260603', '玉屏', '101260603', '2606');
INSERT INTO `t_county` VALUES ('2002', '260604', '万山', '101260604', '2606');
INSERT INTO `t_county` VALUES ('2003', '260605', '思南', '101260605', '2606');
INSERT INTO `t_county` VALUES ('2004', '260606', '印江', '101260607', '2606');
INSERT INTO `t_county` VALUES ('2005', '260607', '石阡', '101260608', '2606');
INSERT INTO `t_county` VALUES ('2006', '260608', '沿河', '101260609', '2606');
INSERT INTO `t_county` VALUES ('2007', '260609', '德江', '101260610', '2606');
INSERT INTO `t_county` VALUES ('2008', '260610', '松桃', '101260611', '2606');
INSERT INTO `t_county` VALUES ('2009', '260701', '毕节', '101260701', '2607');
INSERT INTO `t_county` VALUES ('2010', '260702', '赫章', '101260702', '2607');
INSERT INTO `t_county` VALUES ('2011', '260703', '金沙', '101260703', '2607');
INSERT INTO `t_county` VALUES ('2012', '260704', '威宁', '101260704', '2607');
INSERT INTO `t_county` VALUES ('2013', '260705', '大方', '101260705', '2607');
INSERT INTO `t_county` VALUES ('2014', '260706', '纳雍', '101260706', '2607');
INSERT INTO `t_county` VALUES ('2015', '260707', '织金', '101260707', '2607');
INSERT INTO `t_county` VALUES ('2016', '260708', '黔西', '101260708', '2607');
INSERT INTO `t_county` VALUES ('2017', '260801', '水城', '101260801', '2608');
INSERT INTO `t_county` VALUES ('2018', '260802', '六枝', '101260802', '2608');
INSERT INTO `t_county` VALUES ('2019', '260803', '盘县', '101260804', '2608');
INSERT INTO `t_county` VALUES ('2020', '260901', '兴义', '101260901', '2609');
INSERT INTO `t_county` VALUES ('2021', '260902', '晴隆', '101260902', '2609');
INSERT INTO `t_county` VALUES ('2022', '260903', '兴仁', '101260903', '2609');
INSERT INTO `t_county` VALUES ('2023', '260904', '贞丰', '101260904', '2609');
INSERT INTO `t_county` VALUES ('2024', '260905', '望谟', '101260905', '2609');
INSERT INTO `t_county` VALUES ('2025', '260906', '安龙', '101260907', '2609');
INSERT INTO `t_county` VALUES ('2026', '260907', '册亨', '101260908', '2609');
INSERT INTO `t_county` VALUES ('2027', '260908', '普安', '101260909', '2609');
INSERT INTO `t_county` VALUES ('2028', '270101', '成都', '101270101', '2701');
INSERT INTO `t_county` VALUES ('2029', '270102', '龙泉驿', '101270102', '2701');
INSERT INTO `t_county` VALUES ('2030', '270103', '新都', '101270103', '2701');
INSERT INTO `t_county` VALUES ('2031', '270104', '温江', '101270104', '2701');
INSERT INTO `t_county` VALUES ('2032', '270105', '金堂', '101270105', '2701');
INSERT INTO `t_county` VALUES ('2033', '270106', '双流', '101270106', '2701');
INSERT INTO `t_county` VALUES ('2034', '270107', '郫县', '101270107', '2701');
INSERT INTO `t_county` VALUES ('2035', '270108', '大邑', '101270108', '2701');
INSERT INTO `t_county` VALUES ('2036', '270109', '蒲江', '101270109', '2701');
INSERT INTO `t_county` VALUES ('2037', '270110', '新津', '101270110', '2701');
INSERT INTO `t_county` VALUES ('2038', '270111', '都江堰', '101270111', '2701');
INSERT INTO `t_county` VALUES ('2039', '270112', '彭州', '101270112', '2701');
INSERT INTO `t_county` VALUES ('2040', '270113', '邛崃', '101270113', '2701');
INSERT INTO `t_county` VALUES ('2041', '270114', '崇州', '101270114', '2701');
INSERT INTO `t_county` VALUES ('2042', '270201', '攀枝花', '101270201', '2702');
INSERT INTO `t_county` VALUES ('2043', '270202', '仁和', '101270202', '2702');
INSERT INTO `t_county` VALUES ('2044', '270203', '米易', '101270203', '2702');
INSERT INTO `t_county` VALUES ('2045', '270204', '盐边', '101270204', '2702');
INSERT INTO `t_county` VALUES ('2046', '270301', '自贡', '101270301', '2703');
INSERT INTO `t_county` VALUES ('2047', '270302', '富顺', '101270302', '2703');
INSERT INTO `t_county` VALUES ('2048', '270303', '荣县', '101270303', '2703');
INSERT INTO `t_county` VALUES ('2049', '270401', '绵阳', '101270401', '2704');
INSERT INTO `t_county` VALUES ('2050', '270402', '三台', '101270402', '2704');
INSERT INTO `t_county` VALUES ('2051', '270403', '盐亭', '101270403', '2704');
INSERT INTO `t_county` VALUES ('2052', '270404', '安县', '101270404', '2704');
INSERT INTO `t_county` VALUES ('2053', '270405', '梓潼', '101270405', '2704');
INSERT INTO `t_county` VALUES ('2054', '270406', '北川', '101270406', '2704');
INSERT INTO `t_county` VALUES ('2055', '270407', '平武', '101270407', '2704');
INSERT INTO `t_county` VALUES ('2056', '270408', '江油', '101270408', '2704');
INSERT INTO `t_county` VALUES ('2057', '270501', '南充', '101270501', '2705');
INSERT INTO `t_county` VALUES ('2058', '270502', '南部', '101270502', '2705');
INSERT INTO `t_county` VALUES ('2059', '270503', '营山', '101270503', '2705');
INSERT INTO `t_county` VALUES ('2060', '270504', '蓬安', '101270504', '2705');
INSERT INTO `t_county` VALUES ('2061', '270505', '仪陇', '101270505', '2705');
INSERT INTO `t_county` VALUES ('2062', '270506', '西充', '101270506', '2705');
INSERT INTO `t_county` VALUES ('2063', '270507', '阆中', '101270507', '2705');
INSERT INTO `t_county` VALUES ('2064', '270601', '达州', '101270601', '2706');
INSERT INTO `t_county` VALUES ('2065', '270602', '宣汉', '101270602', '2706');
INSERT INTO `t_county` VALUES ('2066', '270603', '开江', '101270603', '2706');
INSERT INTO `t_county` VALUES ('2067', '270604', '大竹', '101270604', '2706');
INSERT INTO `t_county` VALUES ('2068', '270605', '渠县', '101270605', '2706');
INSERT INTO `t_county` VALUES ('2069', '270606', '万源', '101270606', '2706');
INSERT INTO `t_county` VALUES ('2070', '270607', '通川', '101270607', '2706');
INSERT INTO `t_county` VALUES ('2071', '270608', '达县', '101270608', '2706');
INSERT INTO `t_county` VALUES ('2072', '270701', '遂宁', '101270701', '2707');
INSERT INTO `t_county` VALUES ('2073', '270702', '蓬溪', '101270702', '2707');
INSERT INTO `t_county` VALUES ('2074', '270703', '射洪', '101270703', '2707');
INSERT INTO `t_county` VALUES ('2075', '270801', '广安', '101270801', '2708');
INSERT INTO `t_county` VALUES ('2076', '270802', '岳池', '101270802', '2708');
INSERT INTO `t_county` VALUES ('2077', '270803', '武胜', '101270803', '2708');
INSERT INTO `t_county` VALUES ('2078', '270804', '邻水', '101270804', '2708');
INSERT INTO `t_county` VALUES ('2079', '270805', '华蓥', '101270805', '2708');
INSERT INTO `t_county` VALUES ('2080', '270901', '巴中', '101270901', '2709');
INSERT INTO `t_county` VALUES ('2081', '270902', '通江', '101270902', '2709');
INSERT INTO `t_county` VALUES ('2082', '270903', '南江', '101270903', '2709');
INSERT INTO `t_county` VALUES ('2083', '270904', '平昌', '101270904', '2709');
INSERT INTO `t_county` VALUES ('2084', '271001', '泸州', '101271001', '2710');
INSERT INTO `t_county` VALUES ('2085', '271002', '泸县', '101271003', '2710');
INSERT INTO `t_county` VALUES ('2086', '271003', '合江', '101271004', '2710');
INSERT INTO `t_county` VALUES ('2087', '271004', '叙永', '101271005', '2710');
INSERT INTO `t_county` VALUES ('2088', '271005', '古蔺', '101271006', '2710');
INSERT INTO `t_county` VALUES ('2089', '271006', '纳溪', '101271007', '2710');
INSERT INTO `t_county` VALUES ('2090', '271101', '宜宾', '101271101', '2711');
INSERT INTO `t_county` VALUES ('2091', '271102', '宜宾县', '101271103', '2711');
INSERT INTO `t_county` VALUES ('2092', '271103', '南溪', '101271104', '2711');
INSERT INTO `t_county` VALUES ('2093', '271104', '江安', '101271105', '2711');
INSERT INTO `t_county` VALUES ('2094', '271105', '长宁', '101271106', '2711');
INSERT INTO `t_county` VALUES ('2095', '271106', '高县', '101271107', '2711');
INSERT INTO `t_county` VALUES ('2096', '271107', '珙县', '101271108', '2711');
INSERT INTO `t_county` VALUES ('2097', '271108', '筠连', '101271109', '2711');
INSERT INTO `t_county` VALUES ('2098', '271109', '兴文', '101271110', '2711');
INSERT INTO `t_county` VALUES ('2099', '271110', '屏山', '101271111', '2711');
INSERT INTO `t_county` VALUES ('2100', '271201', '内江', '101271201', '2712');
INSERT INTO `t_county` VALUES ('2101', '271202', '东兴', '101271202', '2712');
INSERT INTO `t_county` VALUES ('2102', '271203', '威远', '101271203', '2712');
INSERT INTO `t_county` VALUES ('2103', '271204', '资中', '101271204', '2712');
INSERT INTO `t_county` VALUES ('2104', '271205', '隆昌', '101271205', '2712');
INSERT INTO `t_county` VALUES ('2105', '271301', '资阳', '101271301', '2713');
INSERT INTO `t_county` VALUES ('2106', '271302', '安岳', '101271302', '2713');
INSERT INTO `t_county` VALUES ('2107', '271303', '乐至', '101271303', '2713');
INSERT INTO `t_county` VALUES ('2108', '271304', '简阳', '101271304', '2713');
INSERT INTO `t_county` VALUES ('2109', '271401', '乐山', '101271401', '2714');
INSERT INTO `t_county` VALUES ('2110', '271402', '犍为', '101271402', '2714');
INSERT INTO `t_county` VALUES ('2111', '271403', '井研', '101271403', '2714');
INSERT INTO `t_county` VALUES ('2112', '271404', '夹江', '101271404', '2714');
INSERT INTO `t_county` VALUES ('2113', '271405', '沐川', '101271405', '2714');
INSERT INTO `t_county` VALUES ('2114', '271406', '峨边', '101271406', '2714');
INSERT INTO `t_county` VALUES ('2115', '271407', '马边', '101271407', '2714');
INSERT INTO `t_county` VALUES ('2116', '271408', '峨眉', '101271408', '2714');
INSERT INTO `t_county` VALUES ('2117', '271409', '峨眉山', '101271409', '2714');
INSERT INTO `t_county` VALUES ('2118', '271501', '眉山', '101271501', '2715');
INSERT INTO `t_county` VALUES ('2119', '271502', '仁寿', '101271502', '2715');
INSERT INTO `t_county` VALUES ('2120', '271503', '彭山', '101271503', '2715');
INSERT INTO `t_county` VALUES ('2121', '271504', '洪雅', '101271504', '2715');
INSERT INTO `t_county` VALUES ('2122', '271505', '丹棱', '101271505', '2715');
INSERT INTO `t_county` VALUES ('2123', '271506', '青神', '101271506', '2715');
INSERT INTO `t_county` VALUES ('2124', '271601', '凉山', '101271601', '2716');
INSERT INTO `t_county` VALUES ('2125', '271602', '木里', '101271603', '2716');
INSERT INTO `t_county` VALUES ('2126', '271603', '盐源', '101271604', '2716');
INSERT INTO `t_county` VALUES ('2127', '271604', '德昌', '101271605', '2716');
INSERT INTO `t_county` VALUES ('2128', '271605', '会理', '101271606', '2716');
INSERT INTO `t_county` VALUES ('2129', '271606', '会东', '101271607', '2716');
INSERT INTO `t_county` VALUES ('2130', '271607', '宁南', '101271608', '2716');
INSERT INTO `t_county` VALUES ('2131', '271608', '普格', '101271609', '2716');
INSERT INTO `t_county` VALUES ('2132', '271609', '西昌', '101271610', '2716');
INSERT INTO `t_county` VALUES ('2133', '271610', '金阳', '101271611', '2716');
INSERT INTO `t_county` VALUES ('2134', '271611', '昭觉', '101271612', '2716');
INSERT INTO `t_county` VALUES ('2135', '271612', '喜德', '101271613', '2716');
INSERT INTO `t_county` VALUES ('2136', '271613', '冕宁', '101271614', '2716');
INSERT INTO `t_county` VALUES ('2137', '271614', '越西', '101271615', '2716');
INSERT INTO `t_county` VALUES ('2138', '271615', '甘洛', '101271616', '2716');
INSERT INTO `t_county` VALUES ('2139', '271616', '雷波', '101271617', '2716');
INSERT INTO `t_county` VALUES ('2140', '271617', '美姑', '101271618', '2716');
INSERT INTO `t_county` VALUES ('2141', '271618', '布拖', '101271619', '2716');
INSERT INTO `t_county` VALUES ('2142', '271701', '雅安', '101271701', '2717');
INSERT INTO `t_county` VALUES ('2143', '271702', '名山', '101271702', '2717');
INSERT INTO `t_county` VALUES ('2144', '271703', '荥经', '101271703', '2717');
INSERT INTO `t_county` VALUES ('2145', '271704', '汉源', '101271704', '2717');
INSERT INTO `t_county` VALUES ('2146', '271705', '石棉', '101271705', '2717');
INSERT INTO `t_county` VALUES ('2147', '271706', '天全', '101271706', '2717');
INSERT INTO `t_county` VALUES ('2148', '271707', '芦山', '101271707', '2717');
INSERT INTO `t_county` VALUES ('2149', '271708', '宝兴', '101271708', '2717');
INSERT INTO `t_county` VALUES ('2150', '271801', '甘孜', '101271801', '2718');
INSERT INTO `t_county` VALUES ('2151', '271802', '康定', '101271802', '2718');
INSERT INTO `t_county` VALUES ('2152', '271803', '泸定', '101271803', '2718');
INSERT INTO `t_county` VALUES ('2153', '271804', '丹巴', '101271804', '2718');
INSERT INTO `t_county` VALUES ('2154', '271805', '九龙', '101271805', '2718');
INSERT INTO `t_county` VALUES ('2155', '271806', '雅江', '101271806', '2718');
INSERT INTO `t_county` VALUES ('2156', '271807', '道孚', '101271807', '2718');
INSERT INTO `t_county` VALUES ('2157', '271808', '炉霍', '101271808', '2718');
INSERT INTO `t_county` VALUES ('2158', '271809', '新龙', '101271809', '2718');
INSERT INTO `t_county` VALUES ('2159', '271810', '德格', '101271810', '2718');
INSERT INTO `t_county` VALUES ('2160', '271811', '白玉', '101271811', '2718');
INSERT INTO `t_county` VALUES ('2161', '271812', '石渠', '101271812', '2718');
INSERT INTO `t_county` VALUES ('2162', '271813', '色达', '101271813', '2718');
INSERT INTO `t_county` VALUES ('2163', '271814', '理塘', '101271814', '2718');
INSERT INTO `t_county` VALUES ('2164', '271815', '巴塘', '101271815', '2718');
INSERT INTO `t_county` VALUES ('2165', '271816', '乡城', '101271816', '2718');
INSERT INTO `t_county` VALUES ('2166', '271817', '稻城', '101271817', '2718');
INSERT INTO `t_county` VALUES ('2167', '271818', '得荣', '101271818', '2718');
INSERT INTO `t_county` VALUES ('2168', '271901', '阿坝', '101271901', '2719');
INSERT INTO `t_county` VALUES ('2169', '271902', '汶川', '101271902', '2719');
INSERT INTO `t_county` VALUES ('2170', '271903', '理县', '101271903', '2719');
INSERT INTO `t_county` VALUES ('2171', '271904', '茂县', '101271904', '2719');
INSERT INTO `t_county` VALUES ('2172', '271905', '松潘', '101271905', '2719');
INSERT INTO `t_county` VALUES ('2173', '271906', '九寨沟', '101271906', '2719');
INSERT INTO `t_county` VALUES ('2174', '271907', '金川', '101271907', '2719');
INSERT INTO `t_county` VALUES ('2175', '271908', '小金', '101271908', '2719');
INSERT INTO `t_county` VALUES ('2176', '271909', '黑水', '101271909', '2719');
INSERT INTO `t_county` VALUES ('2177', '271910', '马尔康', '101271910', '2719');
INSERT INTO `t_county` VALUES ('2178', '271911', '壤塘', '101271911', '2719');
INSERT INTO `t_county` VALUES ('2179', '271912', '若尔盖', '101271912', '2719');
INSERT INTO `t_county` VALUES ('2180', '271913', '红原', '101271913', '2719');
INSERT INTO `t_county` VALUES ('2181', '272001', '德阳', '101272001', '2720');
INSERT INTO `t_county` VALUES ('2182', '272002', '中江', '101272002', '2720');
INSERT INTO `t_county` VALUES ('2183', '272003', '广汉', '101272003', '2720');
INSERT INTO `t_county` VALUES ('2184', '272004', '什邡', '101272004', '2720');
INSERT INTO `t_county` VALUES ('2185', '272005', '绵竹', '101272005', '2720');
INSERT INTO `t_county` VALUES ('2186', '272006', '罗江', '101272006', '2720');
INSERT INTO `t_county` VALUES ('2187', '272101', '广元', '101272101', '2721');
INSERT INTO `t_county` VALUES ('2188', '272102', '旺苍', '101272102', '2721');
INSERT INTO `t_county` VALUES ('2189', '272103', '青川', '101272103', '2721');
INSERT INTO `t_county` VALUES ('2190', '272104', '剑阁', '101272104', '2721');
INSERT INTO `t_county` VALUES ('2191', '272105', '苍溪', '101272105', '2721');
INSERT INTO `t_county` VALUES ('2192', '280101', '广州', '101280101', '2801');
INSERT INTO `t_county` VALUES ('2193', '280102', '番禺', '101280102', '2801');
INSERT INTO `t_county` VALUES ('2194', '280103', '从化', '101280103', '2801');
INSERT INTO `t_county` VALUES ('2195', '280104', '增城', '101280104', '2801');
INSERT INTO `t_county` VALUES ('2196', '280105', '花都', '101280105', '2801');
INSERT INTO `t_county` VALUES ('2197', '280201', '韶关', '101280201', '2802');
INSERT INTO `t_county` VALUES ('2198', '280202', '乳源', '101280202', '2802');
INSERT INTO `t_county` VALUES ('2199', '280203', '始兴', '101280203', '2802');
INSERT INTO `t_county` VALUES ('2200', '280204', '翁源', '101280204', '2802');
INSERT INTO `t_county` VALUES ('2201', '280205', '乐昌', '101280205', '2802');
INSERT INTO `t_county` VALUES ('2202', '280206', '仁化', '101280206', '2802');
INSERT INTO `t_county` VALUES ('2203', '280207', '南雄', '101280207', '2802');
INSERT INTO `t_county` VALUES ('2204', '280208', '新丰', '101280208', '2802');
INSERT INTO `t_county` VALUES ('2205', '280209', '曲江', '101280209', '2802');
INSERT INTO `t_county` VALUES ('2206', '280210', '浈江', '101280210', '2802');
INSERT INTO `t_county` VALUES ('2207', '280211', '武江', '101280211', '2802');
INSERT INTO `t_county` VALUES ('2208', '280301', '惠州', '101280301', '2803');
INSERT INTO `t_county` VALUES ('2209', '280302', '博罗', '101280302', '2803');
INSERT INTO `t_county` VALUES ('2210', '280303', '惠阳', '101280303', '2803');
INSERT INTO `t_county` VALUES ('2211', '280304', '惠东', '101280304', '2803');
INSERT INTO `t_county` VALUES ('2212', '280305', '龙门', '101280305', '2803');
INSERT INTO `t_county` VALUES ('2213', '280401', '梅州', '101280401', '2804');
INSERT INTO `t_county` VALUES ('2214', '280402', '兴宁', '101280402', '2804');
INSERT INTO `t_county` VALUES ('2215', '280403', '蕉岭', '101280403', '2804');
INSERT INTO `t_county` VALUES ('2216', '280404', '大埔', '101280404', '2804');
INSERT INTO `t_county` VALUES ('2217', '280405', '丰顺', '101280406', '2804');
INSERT INTO `t_county` VALUES ('2218', '280406', '平远', '101280407', '2804');
INSERT INTO `t_county` VALUES ('2219', '280407', '五华', '101280408', '2804');
INSERT INTO `t_county` VALUES ('2220', '280408', '梅县', '101280409', '2804');
INSERT INTO `t_county` VALUES ('2221', '280501', '汕头', '101280501', '2805');
INSERT INTO `t_county` VALUES ('2222', '280502', '潮阳', '101280502', '2805');
INSERT INTO `t_county` VALUES ('2223', '280503', '澄海', '101280503', '2805');
INSERT INTO `t_county` VALUES ('2224', '280504', '南澳', '101280504', '2805');
INSERT INTO `t_county` VALUES ('2225', '280601', '深圳', '101280601', '2806');
INSERT INTO `t_county` VALUES ('2226', '280701', '珠海', '101280701', '2807');
INSERT INTO `t_county` VALUES ('2227', '280702', '斗门', '101280702', '2807');
INSERT INTO `t_county` VALUES ('2228', '280703', '金湾', '101280703', '2807');
INSERT INTO `t_county` VALUES ('2229', '280801', '佛山', '101280800', '2808');
INSERT INTO `t_county` VALUES ('2230', '280802', '顺德', '101280801', '2808');
INSERT INTO `t_county` VALUES ('2231', '280803', '三水', '101280802', '2808');
INSERT INTO `t_county` VALUES ('2232', '280804', '南海', '101280803', '2808');
INSERT INTO `t_county` VALUES ('2233', '280805', '高明', '101280804', '2808');
INSERT INTO `t_county` VALUES ('2234', '280901', '肇庆', '101280901', '2809');
INSERT INTO `t_county` VALUES ('2235', '280902', '广宁', '101280902', '2809');
INSERT INTO `t_county` VALUES ('2236', '280903', '四会', '101280903', '2809');
INSERT INTO `t_county` VALUES ('2237', '280904', '德庆', '101280905', '2809');
INSERT INTO `t_county` VALUES ('2238', '280905', '怀集', '101280906', '2809');
INSERT INTO `t_county` VALUES ('2239', '280906', '封开', '101280907', '2809');
INSERT INTO `t_county` VALUES ('2240', '280907', '高要', '101280908', '2809');
INSERT INTO `t_county` VALUES ('2241', '281001', '湛江', '101281001', '2810');
INSERT INTO `t_county` VALUES ('2242', '281002', '吴川', '101281002', '2810');
INSERT INTO `t_county` VALUES ('2243', '281003', '雷州', '101281003', '2810');
INSERT INTO `t_county` VALUES ('2244', '281004', '徐闻', '101281004', '2810');
INSERT INTO `t_county` VALUES ('2245', '281005', '廉江', '101281005', '2810');
INSERT INTO `t_county` VALUES ('2246', '281006', '赤坎', '101281006', '2810');
INSERT INTO `t_county` VALUES ('2247', '281007', '遂溪', '101281007', '2810');
INSERT INTO `t_county` VALUES ('2248', '281008', '坡头', '101281008', '2810');
INSERT INTO `t_county` VALUES ('2249', '281009', '霞山', '101281009', '2810');
INSERT INTO `t_county` VALUES ('2250', '281010', '麻章', '101281010', '2810');
INSERT INTO `t_county` VALUES ('2251', '281101', '江门', '101281101', '2811');
INSERT INTO `t_county` VALUES ('2252', '281102', '开平', '101281103', '2811');
INSERT INTO `t_county` VALUES ('2253', '281103', '新会', '101281104', '2811');
INSERT INTO `t_county` VALUES ('2254', '281104', '恩平', '101281105', '2811');
INSERT INTO `t_county` VALUES ('2255', '281105', '台山', '101281106', '2811');
INSERT INTO `t_county` VALUES ('2256', '281106', '蓬江', '101281107', '2811');
INSERT INTO `t_county` VALUES ('2257', '281107', '鹤山', '101281108', '2811');
INSERT INTO `t_county` VALUES ('2258', '281108', '江海', '101281109', '2811');
INSERT INTO `t_county` VALUES ('2259', '281201', '河源', '101281201', '2812');
INSERT INTO `t_county` VALUES ('2260', '281202', '紫金', '101281202', '2812');
INSERT INTO `t_county` VALUES ('2261', '281203', '连平', '101281203', '2812');
INSERT INTO `t_county` VALUES ('2262', '281204', '和平', '101281204', '2812');
INSERT INTO `t_county` VALUES ('2263', '281205', '龙川', '101281205', '2812');
INSERT INTO `t_county` VALUES ('2264', '281206', '东源', '101281206', '2812');
INSERT INTO `t_county` VALUES ('2265', '281301', '清远', '101281301', '2813');
INSERT INTO `t_county` VALUES ('2266', '281302', '连南', '101281302', '2813');
INSERT INTO `t_county` VALUES ('2267', '281303', '连州', '101281303', '2813');
INSERT INTO `t_county` VALUES ('2268', '281304', '连山', '101281304', '2813');
INSERT INTO `t_county` VALUES ('2269', '281305', '阳山', '101281305', '2813');
INSERT INTO `t_county` VALUES ('2270', '281306', '佛冈', '101281306', '2813');
INSERT INTO `t_county` VALUES ('2271', '281307', '英德', '101281307', '2813');
INSERT INTO `t_county` VALUES ('2272', '281308', '清新', '101281308', '2813');
INSERT INTO `t_county` VALUES ('2273', '281401', '云浮', '101281401', '2814');
INSERT INTO `t_county` VALUES ('2274', '281402', '罗定', '101281402', '2814');
INSERT INTO `t_county` VALUES ('2275', '281403', '新兴', '101281403', '2814');
INSERT INTO `t_county` VALUES ('2276', '281404', '郁南', '101281404', '2814');
INSERT INTO `t_county` VALUES ('2277', '281405', '云安', '101281406', '2814');
INSERT INTO `t_county` VALUES ('2278', '281501', '潮州', '101281501', '2815');
INSERT INTO `t_county` VALUES ('2279', '281502', '饶平', '101281502', '2815');
INSERT INTO `t_county` VALUES ('2280', '281503', '潮安', '101281503', '2815');
INSERT INTO `t_county` VALUES ('2281', '281601', '东莞', '101281601', '2816');
INSERT INTO `t_county` VALUES ('2282', '281701', '中山', '101281701', '2817');
INSERT INTO `t_county` VALUES ('2283', '281801', '阳江', '101281801', '2818');
INSERT INTO `t_county` VALUES ('2284', '281802', '阳春', '101281802', '2818');
INSERT INTO `t_county` VALUES ('2285', '281803', '阳东', '101281803', '2818');
INSERT INTO `t_county` VALUES ('2286', '281804', '阳西', '101281804', '2818');
INSERT INTO `t_county` VALUES ('2287', '281901', '揭阳', '101281901', '2819');
INSERT INTO `t_county` VALUES ('2288', '281902', '揭西', '101281902', '2819');
INSERT INTO `t_county` VALUES ('2289', '281903', '普宁', '101281903', '2819');
INSERT INTO `t_county` VALUES ('2290', '281904', '惠来', '101281904', '2819');
INSERT INTO `t_county` VALUES ('2291', '281905', '揭东', '101281905', '2819');
INSERT INTO `t_county` VALUES ('2292', '282001', '茂名', '101282001', '2820');
INSERT INTO `t_county` VALUES ('2293', '282002', '高州', '101282002', '2820');
INSERT INTO `t_county` VALUES ('2294', '282003', '化州', '101282003', '2820');
INSERT INTO `t_county` VALUES ('2295', '282004', '电白', '101282004', '2820');
INSERT INTO `t_county` VALUES ('2296', '282005', '信宜', '101282005', '2820');
INSERT INTO `t_county` VALUES ('2297', '282006', '茂港', '101282006', '2820');
INSERT INTO `t_county` VALUES ('2298', '282101', '汕尾', '101282101', '2821');
INSERT INTO `t_county` VALUES ('2299', '282102', '海丰', '101282102', '2821');
INSERT INTO `t_county` VALUES ('2300', '282103', '陆丰', '101282103', '2821');
INSERT INTO `t_county` VALUES ('2301', '282104', '陆河', '101282104', '2821');
INSERT INTO `t_county` VALUES ('2302', '290101', '昆明', '101290101', '2901');
INSERT INTO `t_county` VALUES ('2303', '290102', '东川', '101290103', '2901');
INSERT INTO `t_county` VALUES ('2304', '290103', '寻甸', '101290104', '2901');
INSERT INTO `t_county` VALUES ('2305', '290104', '晋宁', '101290105', '2901');
INSERT INTO `t_county` VALUES ('2306', '290105', '宜良', '101290106', '2901');
INSERT INTO `t_county` VALUES ('2307', '290106', '石林', '101290107', '2901');
INSERT INTO `t_county` VALUES ('2308', '290107', '呈贡', '101290108', '2901');
INSERT INTO `t_county` VALUES ('2309', '290108', '富民', '101290109', '2901');
INSERT INTO `t_county` VALUES ('2310', '290109', '嵩明', '101290110', '2901');
INSERT INTO `t_county` VALUES ('2311', '290110', '禄劝', '101290111', '2901');
INSERT INTO `t_county` VALUES ('2312', '290111', '安宁', '101290112', '2901');
INSERT INTO `t_county` VALUES ('2313', '290112', '太华山', '101290113', '2901');
INSERT INTO `t_county` VALUES ('2314', '290201', '大理', '101290201', '2902');
INSERT INTO `t_county` VALUES ('2315', '290202', '云龙', '101290202', '2902');
INSERT INTO `t_county` VALUES ('2316', '290203', '漾濞', '101290203', '2902');
INSERT INTO `t_county` VALUES ('2317', '290204', '永平', '101290204', '2902');
INSERT INTO `t_county` VALUES ('2318', '290205', '宾川', '101290205', '2902');
INSERT INTO `t_county` VALUES ('2319', '290206', '弥渡', '101290206', '2902');
INSERT INTO `t_county` VALUES ('2320', '290207', '祥云', '101290207', '2902');
INSERT INTO `t_county` VALUES ('2321', '290208', '巍山', '101290208', '2902');
INSERT INTO `t_county` VALUES ('2322', '290209', '剑川', '101290209', '2902');
INSERT INTO `t_county` VALUES ('2323', '290210', '洱源', '101290210', '2902');
INSERT INTO `t_county` VALUES ('2324', '290211', '鹤庆', '101290211', '2902');
INSERT INTO `t_county` VALUES ('2325', '290212', '南涧', '101290212', '2902');
INSERT INTO `t_county` VALUES ('2326', '290301', '红河', '101290301', '2903');
INSERT INTO `t_county` VALUES ('2327', '290302', '石屏', '101290302', '2903');
INSERT INTO `t_county` VALUES ('2328', '290303', '建水', '101290303', '2903');
INSERT INTO `t_county` VALUES ('2329', '290304', '弥勒', '101290304', '2903');
INSERT INTO `t_county` VALUES ('2330', '290305', '元阳', '101290305', '2903');
INSERT INTO `t_county` VALUES ('2331', '290306', '绿春', '101290306', '2903');
INSERT INTO `t_county` VALUES ('2332', '290307', '开远', '101290307', '2903');
INSERT INTO `t_county` VALUES ('2333', '290308', '个旧', '101290308', '2903');
INSERT INTO `t_county` VALUES ('2334', '290309', '蒙自', '101290309', '2903');
INSERT INTO `t_county` VALUES ('2335', '290310', '屏边', '101290310', '2903');
INSERT INTO `t_county` VALUES ('2336', '290311', '泸西', '101290311', '2903');
INSERT INTO `t_county` VALUES ('2337', '290312', '金平', '101290312', '2903');
INSERT INTO `t_county` VALUES ('2338', '290313', '河口', '101290313', '2903');
INSERT INTO `t_county` VALUES ('2339', '290401', '曲靖', '101290401', '2904');
INSERT INTO `t_county` VALUES ('2340', '290402', '沾益', '101290402', '2904');
INSERT INTO `t_county` VALUES ('2341', '290403', '陆良', '101290403', '2904');
INSERT INTO `t_county` VALUES ('2342', '290404', '富源', '101290404', '2904');
INSERT INTO `t_county` VALUES ('2343', '290405', '马龙', '101290405', '2904');
INSERT INTO `t_county` VALUES ('2344', '290406', '师宗', '101290406', '2904');
INSERT INTO `t_county` VALUES ('2345', '290407', '罗平', '101290407', '2904');
INSERT INTO `t_county` VALUES ('2346', '290408', '会泽', '101290408', '2904');
INSERT INTO `t_county` VALUES ('2347', '290409', '宣威', '101290409', '2904');
INSERT INTO `t_county` VALUES ('2348', '290501', '保山', '101290501', '2905');
INSERT INTO `t_county` VALUES ('2349', '290502', '龙陵', '101290503', '2905');
INSERT INTO `t_county` VALUES ('2350', '290503', '施甸', '101290504', '2905');
INSERT INTO `t_county` VALUES ('2351', '290504', '昌宁', '101290505', '2905');
INSERT INTO `t_county` VALUES ('2352', '290505', '腾冲', '101290506', '2905');
INSERT INTO `t_county` VALUES ('2353', '290601', '文山', '101290601', '2906');
INSERT INTO `t_county` VALUES ('2354', '290602', '西畴', '101290602', '2906');
INSERT INTO `t_county` VALUES ('2355', '290603', '马关', '101290603', '2906');
INSERT INTO `t_county` VALUES ('2356', '290604', '麻栗坡', '101290604', '2906');
INSERT INTO `t_county` VALUES ('2357', '290605', '砚山', '101290605', '2906');
INSERT INTO `t_county` VALUES ('2358', '290606', '丘北', '101290606', '2906');
INSERT INTO `t_county` VALUES ('2359', '290607', '广南', '101290607', '2906');
INSERT INTO `t_county` VALUES ('2360', '290608', '富宁', '101290608', '2906');
INSERT INTO `t_county` VALUES ('2361', '290701', '玉溪', '101290701', '2907');
INSERT INTO `t_county` VALUES ('2362', '290702', '澄江', '101290702', '2907');
INSERT INTO `t_county` VALUES ('2363', '290703', '江川', '101290703', '2907');
INSERT INTO `t_county` VALUES ('2364', '290704', '通海', '101290704', '2907');
INSERT INTO `t_county` VALUES ('2365', '290705', '华宁', '101290705', '2907');
INSERT INTO `t_county` VALUES ('2366', '290706', '新平', '101290706', '2907');
INSERT INTO `t_county` VALUES ('2367', '290707', '易门', '101290707', '2907');
INSERT INTO `t_county` VALUES ('2368', '290708', '峨山', '101290708', '2907');
INSERT INTO `t_county` VALUES ('2369', '290709', '元江', '101290709', '2907');
INSERT INTO `t_county` VALUES ('2370', '290801', '楚雄', '101290801', '2908');
INSERT INTO `t_county` VALUES ('2371', '290802', '大姚', '101290802', '2908');
INSERT INTO `t_county` VALUES ('2372', '290803', '元谋', '101290803', '2908');
INSERT INTO `t_county` VALUES ('2373', '290804', '姚安', '101290804', '2908');
INSERT INTO `t_county` VALUES ('2374', '290805', '牟定', '101290805', '2908');
INSERT INTO `t_county` VALUES ('2375', '290806', '南华', '101290806', '2908');
INSERT INTO `t_county` VALUES ('2376', '290807', '武定', '101290807', '2908');
INSERT INTO `t_county` VALUES ('2377', '290808', '禄丰', '101290808', '2908');
INSERT INTO `t_county` VALUES ('2378', '290809', '双柏', '101290809', '2908');
INSERT INTO `t_county` VALUES ('2379', '290810', '永仁', '101290810', '2908');
INSERT INTO `t_county` VALUES ('2380', '290901', '普洱', '101290901', '2909');
INSERT INTO `t_county` VALUES ('2381', '290902', '景谷', '101290902', '2909');
INSERT INTO `t_county` VALUES ('2382', '290903', '景东', '101290903', '2909');
INSERT INTO `t_county` VALUES ('2383', '290904', '澜沧', '101290904', '2909');
INSERT INTO `t_county` VALUES ('2384', '290905', '墨江', '101290906', '2909');
INSERT INTO `t_county` VALUES ('2385', '290906', '江城', '101290907', '2909');
INSERT INTO `t_county` VALUES ('2386', '290907', '孟连', '101290908', '2909');
INSERT INTO `t_county` VALUES ('2387', '290908', '西盟', '101290909', '2909');
INSERT INTO `t_county` VALUES ('2388', '290909', '镇沅', '101290911', '2909');
INSERT INTO `t_county` VALUES ('2389', '290910', '宁洱', '101290912', '2909');
INSERT INTO `t_county` VALUES ('2390', '291001', '昭通', '101291001', '2910');
INSERT INTO `t_county` VALUES ('2391', '291002', '鲁甸', '101291002', '2910');
INSERT INTO `t_county` VALUES ('2392', '291003', '彝良', '101291003', '2910');
INSERT INTO `t_county` VALUES ('2393', '291004', '镇雄', '101291004', '2910');
INSERT INTO `t_county` VALUES ('2394', '291005', '威信', '101291005', '2910');
INSERT INTO `t_county` VALUES ('2395', '291006', '巧家', '101291006', '2910');
INSERT INTO `t_county` VALUES ('2396', '291007', '绥江', '101291007', '2910');
INSERT INTO `t_county` VALUES ('2397', '291008', '永善', '101291008', '2910');
INSERT INTO `t_county` VALUES ('2398', '291009', '盐津', '101291009', '2910');
INSERT INTO `t_county` VALUES ('2399', '291010', '大关', '101291010', '2910');
INSERT INTO `t_county` VALUES ('2400', '291011', '水富', '101291011', '2910');
INSERT INTO `t_county` VALUES ('2401', '291101', '临沧', '101291101', '2911');
INSERT INTO `t_county` VALUES ('2402', '291102', '沧源', '101291102', '2911');
INSERT INTO `t_county` VALUES ('2403', '291103', '耿马', '101291103', '2911');
INSERT INTO `t_county` VALUES ('2404', '291104', '双江', '101291104', '2911');
INSERT INTO `t_county` VALUES ('2405', '291105', '凤庆', '101291105', '2911');
INSERT INTO `t_county` VALUES ('2406', '291106', '永德', '101291106', '2911');
INSERT INTO `t_county` VALUES ('2407', '291107', '云县', '101291107', '2911');
INSERT INTO `t_county` VALUES ('2408', '291108', '镇康', '101291108', '2911');
INSERT INTO `t_county` VALUES ('2409', '291201', '怒江', '101291201', '2912');
INSERT INTO `t_county` VALUES ('2410', '291202', '福贡', '101291203', '2912');
INSERT INTO `t_county` VALUES ('2411', '291203', '兰坪', '101291204', '2912');
INSERT INTO `t_county` VALUES ('2412', '291204', '泸水', '101291205', '2912');
INSERT INTO `t_county` VALUES ('2413', '291205', '六库', '101291206', '2912');
INSERT INTO `t_county` VALUES ('2414', '291206', '贡山', '101291207', '2912');
INSERT INTO `t_county` VALUES ('2415', '291301', '香格里拉', '101291301', '2913');
INSERT INTO `t_county` VALUES ('2416', '291302', '德钦', '101291302', '2913');
INSERT INTO `t_county` VALUES ('2417', '291303', '维西', '101291303', '2913');
INSERT INTO `t_county` VALUES ('2418', '291304', '中甸', '101291304', '2913');
INSERT INTO `t_county` VALUES ('2419', '291401', '丽江', '101291401', '2914');
INSERT INTO `t_county` VALUES ('2420', '291402', '永胜', '101291402', '2914');
INSERT INTO `t_county` VALUES ('2421', '291403', '华坪', '101291403', '2914');
INSERT INTO `t_county` VALUES ('2422', '291404', '宁蒗', '101291404', '2914');
INSERT INTO `t_county` VALUES ('2423', '291501', '德宏', '101291501', '2915');
INSERT INTO `t_county` VALUES ('2424', '291502', '陇川', '101291503', '2915');
INSERT INTO `t_county` VALUES ('2425', '291503', '盈江', '101291504', '2915');
INSERT INTO `t_county` VALUES ('2426', '291504', '瑞丽', '101291506', '2915');
INSERT INTO `t_county` VALUES ('2427', '291505', '梁河', '101291507', '2915');
INSERT INTO `t_county` VALUES ('2428', '291506', '潞西', '101291508', '2915');
INSERT INTO `t_county` VALUES ('2429', '291601', '景洪', '101291601', '2916');
INSERT INTO `t_county` VALUES ('2430', '291602', '勐海', '101291603', '2916');
INSERT INTO `t_county` VALUES ('2431', '291603', '勐腊', '101291605', '2916');
INSERT INTO `t_county` VALUES ('2432', '300101', '南宁', '101300101', '3001');
INSERT INTO `t_county` VALUES ('2433', '300102', '邕宁', '101300103', '3001');
INSERT INTO `t_county` VALUES ('2434', '300103', '横县', '101300104', '3001');
INSERT INTO `t_county` VALUES ('2435', '300104', '隆安', '101300105', '3001');
INSERT INTO `t_county` VALUES ('2436', '300105', '马山', '101300106', '3001');
INSERT INTO `t_county` VALUES ('2437', '300106', '上林', '101300107', '3001');
INSERT INTO `t_county` VALUES ('2438', '300107', '武鸣', '101300108', '3001');
INSERT INTO `t_county` VALUES ('2439', '300108', '宾阳', '101300109', '3001');
INSERT INTO `t_county` VALUES ('2440', '300201', '崇左', '101300201', '3002');
INSERT INTO `t_county` VALUES ('2441', '300202', '天等', '101300202', '3002');
INSERT INTO `t_county` VALUES ('2442', '300203', '龙州', '101300203', '3002');
INSERT INTO `t_county` VALUES ('2443', '300204', '凭祥', '101300204', '3002');
INSERT INTO `t_county` VALUES ('2444', '300205', '大新', '101300205', '3002');
INSERT INTO `t_county` VALUES ('2445', '300206', '扶绥', '101300206', '3002');
INSERT INTO `t_county` VALUES ('2446', '300207', '宁明', '101300207', '3002');
INSERT INTO `t_county` VALUES ('2447', '300301', '柳州', '101300301', '3003');
INSERT INTO `t_county` VALUES ('2448', '300302', '柳城', '101300302', '3003');
INSERT INTO `t_county` VALUES ('2449', '300303', '鹿寨', '101300304', '3003');
INSERT INTO `t_county` VALUES ('2450', '300304', '柳江', '101300305', '3003');
INSERT INTO `t_county` VALUES ('2451', '300305', '融安', '101300306', '3003');
INSERT INTO `t_county` VALUES ('2452', '300306', '融水', '101300307', '3003');
INSERT INTO `t_county` VALUES ('2453', '300307', '三江', '101300308', '3003');
INSERT INTO `t_county` VALUES ('2454', '300401', '来宾', '101300401', '3004');
INSERT INTO `t_county` VALUES ('2455', '300402', '忻城', '101300402', '3004');
INSERT INTO `t_county` VALUES ('2456', '300403', '金秀', '101300403', '3004');
INSERT INTO `t_county` VALUES ('2457', '300404', '象州', '101300404', '3004');
INSERT INTO `t_county` VALUES ('2458', '300405', '武宣', '101300405', '3004');
INSERT INTO `t_county` VALUES ('2459', '300406', '合山', '101300406', '3004');
INSERT INTO `t_county` VALUES ('2460', '300501', '桂林', '101300501', '3005');
INSERT INTO `t_county` VALUES ('2461', '300502', '龙胜', '101300503', '3005');
INSERT INTO `t_county` VALUES ('2462', '300503', '永福', '101300504', '3005');
INSERT INTO `t_county` VALUES ('2463', '300504', '临桂', '101300505', '3005');
INSERT INTO `t_county` VALUES ('2464', '300505', '兴安', '101300506', '3005');
INSERT INTO `t_county` VALUES ('2465', '300506', '灵川', '101300507', '3005');
INSERT INTO `t_county` VALUES ('2466', '300507', '全州', '101300508', '3005');
INSERT INTO `t_county` VALUES ('2467', '300508', '灌阳', '101300509', '3005');
INSERT INTO `t_county` VALUES ('2468', '300509', '阳朔', '101300510', '3005');
INSERT INTO `t_county` VALUES ('2469', '300510', '恭城', '101300511', '3005');
INSERT INTO `t_county` VALUES ('2470', '300511', '平乐', '101300512', '3005');
INSERT INTO `t_county` VALUES ('2471', '300512', '荔浦', '101300513', '3005');
INSERT INTO `t_county` VALUES ('2472', '300513', '资源', '101300514', '3005');
INSERT INTO `t_county` VALUES ('2473', '300601', '梧州', '101300601', '3006');
INSERT INTO `t_county` VALUES ('2474', '300602', '藤县', '101300602', '3006');
INSERT INTO `t_county` VALUES ('2475', '300603', '苍梧', '101300604', '3006');
INSERT INTO `t_county` VALUES ('2476', '300604', '蒙山', '101300605', '3006');
INSERT INTO `t_county` VALUES ('2477', '300605', '岑溪', '101300606', '3006');
INSERT INTO `t_county` VALUES ('2478', '300701', '贺州', '101300701', '3007');
INSERT INTO `t_county` VALUES ('2479', '300702', '昭平', '101300702', '3007');
INSERT INTO `t_county` VALUES ('2480', '300703', '富川', '101300703', '3007');
INSERT INTO `t_county` VALUES ('2481', '300704', '钟山', '101300704', '3007');
INSERT INTO `t_county` VALUES ('2482', '300801', '贵港', '101300801', '3008');
INSERT INTO `t_county` VALUES ('2483', '300802', '桂平', '101300802', '3008');
INSERT INTO `t_county` VALUES ('2484', '300803', '平南', '101300803', '3008');
INSERT INTO `t_county` VALUES ('2485', '300901', '玉林', '101300901', '3009');
INSERT INTO `t_county` VALUES ('2486', '300902', '博白', '101300902', '3009');
INSERT INTO `t_county` VALUES ('2487', '300903', '北流', '101300903', '3009');
INSERT INTO `t_county` VALUES ('2488', '300904', '容县', '101300904', '3009');
INSERT INTO `t_county` VALUES ('2489', '300905', '陆川', '101300905', '3009');
INSERT INTO `t_county` VALUES ('2490', '300906', '兴业', '101300906', '3009');
INSERT INTO `t_county` VALUES ('2491', '301001', '百色', '101301001', '3010');
INSERT INTO `t_county` VALUES ('2492', '301002', '那坡', '101301002', '3010');
INSERT INTO `t_county` VALUES ('2493', '301003', '田阳', '101301003', '3010');
INSERT INTO `t_county` VALUES ('2494', '301004', '德保', '101301004', '3010');
INSERT INTO `t_county` VALUES ('2495', '301005', '靖西', '101301005', '3010');
INSERT INTO `t_county` VALUES ('2496', '301006', '田东', '101301006', '3010');
INSERT INTO `t_county` VALUES ('2497', '301007', '平果', '101301007', '3010');
INSERT INTO `t_county` VALUES ('2498', '301008', '隆林', '101301008', '3010');
INSERT INTO `t_county` VALUES ('2499', '301009', '西林', '101301009', '3010');
INSERT INTO `t_county` VALUES ('2500', '301010', '乐业', '101301010', '3010');
INSERT INTO `t_county` VALUES ('2501', '301011', '凌云', '101301011', '3010');
INSERT INTO `t_county` VALUES ('2502', '301012', '田林', '101301012', '3010');
INSERT INTO `t_county` VALUES ('2503', '301101', '钦州', '101301101', '3011');
INSERT INTO `t_county` VALUES ('2504', '301102', '浦北', '101301102', '3011');
INSERT INTO `t_county` VALUES ('2505', '301103', '灵山', '101301103', '3011');
INSERT INTO `t_county` VALUES ('2506', '301201', '河池', '101301201', '3012');
INSERT INTO `t_county` VALUES ('2507', '301202', '天峨', '101301202', '3012');
INSERT INTO `t_county` VALUES ('2508', '301203', '东兰', '101301203', '3012');
INSERT INTO `t_county` VALUES ('2509', '301204', '巴马', '101301204', '3012');
INSERT INTO `t_county` VALUES ('2510', '301205', '环江', '101301205', '3012');
INSERT INTO `t_county` VALUES ('2511', '301206', '罗城', '101301206', '3012');
INSERT INTO `t_county` VALUES ('2512', '301207', '宜州', '101301207', '3012');
INSERT INTO `t_county` VALUES ('2513', '301208', '凤山', '101301208', '3012');
INSERT INTO `t_county` VALUES ('2514', '301209', '南丹', '101301209', '3012');
INSERT INTO `t_county` VALUES ('2515', '301210', '都安', '101301210', '3012');
INSERT INTO `t_county` VALUES ('2516', '301211', '大化', '101301211', '3012');
INSERT INTO `t_county` VALUES ('2517', '301301', '北海', '101301301', '3013');
INSERT INTO `t_county` VALUES ('2518', '301302', '合浦', '101301302', '3013');
INSERT INTO `t_county` VALUES ('2519', '301303', '涠洲岛', '101301303', '3013');
INSERT INTO `t_county` VALUES ('2520', '301401', '防城港', '101301401', '3014');
INSERT INTO `t_county` VALUES ('2521', '301402', '上思', '101301402', '3014');
INSERT INTO `t_county` VALUES ('2522', '301403', '东兴', '101301403', '3014');
INSERT INTO `t_county` VALUES ('2523', '301404', '防城', '101301405', '3014');
INSERT INTO `t_county` VALUES ('2524', '310101', '海口', '101310101', '3101');
INSERT INTO `t_county` VALUES ('2525', '310201', '三亚', '101310201', '3102');
INSERT INTO `t_county` VALUES ('2526', '310301', '东方', '101310202', '3103');
INSERT INTO `t_county` VALUES ('2527', '310401', '临高', '101310203', '3104');
INSERT INTO `t_county` VALUES ('2528', '310501', '澄迈', '101310204', '3105');
INSERT INTO `t_county` VALUES ('2529', '310601', '儋州', '101310205', '3106');
INSERT INTO `t_county` VALUES ('2530', '310701', '昌江', '101310206', '3107');
INSERT INTO `t_county` VALUES ('2531', '310801', '白沙', '101310207', '3108');
INSERT INTO `t_county` VALUES ('2532', '310901', '琼中', '101310208', '3109');
INSERT INTO `t_county` VALUES ('2533', '311001', '定安', '101310209', '3110');
INSERT INTO `t_county` VALUES ('2534', '311101', '屯昌', '101310210', '3111');
INSERT INTO `t_county` VALUES ('2535', '311201', '琼海', '101310211', '3112');
INSERT INTO `t_county` VALUES ('2536', '311301', '文昌', '101310212', '3113');
INSERT INTO `t_county` VALUES ('2537', '311401', '保亭', '101310214', '3114');
INSERT INTO `t_county` VALUES ('2538', '311501', '万宁', '101310215', '3115');
INSERT INTO `t_county` VALUES ('2539', '311601', '陵水', '101310216', '3116');
INSERT INTO `t_county` VALUES ('2540', '311701', '西沙', '101310217', '3117');
INSERT INTO `t_county` VALUES ('2541', '311801', '南沙', '101310220', '3118');
INSERT INTO `t_county` VALUES ('2542', '311901', '乐东', '101310221', '3119');
INSERT INTO `t_county` VALUES ('2543', '312001', '五指山', '101310222', '3120');
INSERT INTO `t_county` VALUES ('2544', '320101', '香港', '101320101', '3201');
INSERT INTO `t_county` VALUES ('2545', '320102', '九龙', '101320102', '3201');
INSERT INTO `t_county` VALUES ('2546', '320103', '新界', '101320103', '3201');
INSERT INTO `t_county` VALUES ('2547', '330101', '澳门', '101330101', '3301');
INSERT INTO `t_county` VALUES ('2548', '330102', '氹仔岛', '101330102', '3301');
INSERT INTO `t_county` VALUES ('2549', '330103', '路环岛', '101330103', '3301');
INSERT INTO `t_county` VALUES ('2550', '340101', '台北', '101340101', '3401');
INSERT INTO `t_county` VALUES ('2551', '340102', '桃园', '101340102', '3401');
INSERT INTO `t_county` VALUES ('2552', '340103', '新竹', '101340103', '3401');
INSERT INTO `t_county` VALUES ('2553', '340104', '宜兰', '101340104', '3401');
INSERT INTO `t_county` VALUES ('2554', '340201', '高雄', '101340201', '3402');
INSERT INTO `t_county` VALUES ('2555', '340202', '嘉义', '101340202', '3402');
INSERT INTO `t_county` VALUES ('2556', '340203', '台南', '101340203', '3402');
INSERT INTO `t_county` VALUES ('2557', '340204', '台东', '101340204', '3402');
INSERT INTO `t_county` VALUES ('2558', '340205', '屏东', '101340205', '3402');
INSERT INTO `t_county` VALUES ('2559', '340301', '台中', '101340401', '3403');
INSERT INTO `t_county` VALUES ('2560', '340302', '苗栗', '101340402', '3403');
INSERT INTO `t_county` VALUES ('2561', '340303', '彰化', '101340403', '3403');
INSERT INTO `t_county` VALUES ('2562', '340304', '南投', '101340404', '3403');
INSERT INTO `t_county` VALUES ('2563', '340305', '花莲', '101340405', '3403');
INSERT INTO `t_county` VALUES ('2564', '340306', '云林', '101340406', '3403');
INSERT INTO `t_county` VALUES ('2565', '180109', '二七', '101180109', '1801');
INSERT INTO `t_county` VALUES ('2566', '180110', '中原', '101180110', '1801');
INSERT INTO `t_county` VALUES ('2567', '180111', '高新', '101180111', '1801');
INSERT INTO `t_county` VALUES ('2568', '180112', '惠济', '101180112', '1801');
INSERT INTO `t_county` VALUES ('2569', '180113', '金水', '101180113', '1801');
INSERT INTO `t_county` VALUES ('2570', '180114', '航空港', '101180114', '1801');
INSERT INTO `t_county` VALUES ('2571', '180113', '金水', '101180115', '1801');
INSERT INTO `t_county` VALUES ('2572', '180114', '管城', '101180116', '1801');

-- ----------------------------
-- Table structure for `t_course`
-- ----------------------------
DROP TABLE IF EXISTS `t_course`;
CREATE TABLE `t_course` (
  `id` int(11) NOT NULL AUTO_INCREMENT,
  `name` varchar(20) DEFAULT NULL,
  `flag` int(11) DEFAULT NULL,
  `week` int(11) DEFAULT NULL,
  `createdate` date DEFAULT NULL,
  `type` int(11) DEFAULT NULL,
  PRIMARY KEY (`id`)
) ENGINE=InnoDB AUTO_INCREMENT=6 DEFAULT CHARSET=utf8;

-- ----------------------------
-- Records of t_course
-- ----------------------------
INSERT INTO `t_course` VALUES ('1', 'JAVAEE架构师', '1', '2', '2018-06-27', '2');
INSERT INTO `t_course` VALUES ('2', 'Python', '1', '21', '2017-12-31', '2');
INSERT INTO `t_course` VALUES ('4', 'sdffas', '1', '20', '2018-12-30', '2');
INSERT INTO `t_course` VALUES ('5', '', '1', null, null, '1');

-- ----------------------------
-- Table structure for `t_ddress`
-- ----------------------------
DROP TABLE IF EXISTS `t_ddress`;
CREATE TABLE `t_ddress` (
  `id` int(11) NOT NULL AUTO_INCREMENT,
  `province` varchar(20) DEFAULT NULL,
  `city` varchar(30) DEFAULT NULL,
  `county` varchar(50) DEFAULT NULL,
  `detail` varchar(100) DEFAULT NULL,
  `type` int(11) DEFAULT NULL,
  `flag` int(11) DEFAULT NULL,
  `postcode` varchar(20) DEFAULT NULL,
  `no` varchar(20) DEFAULT NULL,
  PRIMARY KEY (`id`)
) ENGINE=InnoDB DEFAULT CHARSET=utf8;

-- ----------------------------
-- Records of t_ddress
-- ----------------------------

-- ----------------------------
-- Table structure for `t_depart`
-- ----------------------------
DROP TABLE IF EXISTS `t_depart`;
CREATE TABLE `t_depart` (
  `id` int(11) NOT NULL AUTO_INCREMENT,
  `name` varchar(20) DEFAULT NULL,
  `Createtime` date DEFAULT NULL,
  `flag` int(11) DEFAULT NULL,
  PRIMARY KEY (`id`)
) ENGINE=InnoDB AUTO_INCREMENT=4 DEFAULT CHARSET=utf8;

-- ----------------------------
-- Records of t_depart
-- ----------------------------
INSERT INTO `t_depart` VALUES ('1', '教学部', '2018-06-27', '1');
INSERT INTO `t_depart` VALUES ('2', '就业部', '2018-06-27', '1');
INSERT INTO `t_depart` VALUES ('3', '新部门', '2019-04-16', '1');

-- ----------------------------
-- Table structure for `t_grade`
-- ----------------------------
DROP TABLE IF EXISTS `t_grade`;
CREATE TABLE `t_grade` (
  `id` int(11) NOT NULL AUTO_INCREMENT,
  `name` varchar(20) DEFAULT NULL,
  `flag` int(11) DEFAULT NULL,
  `week` int(11) DEFAULT NULL,
  `createdate` date DEFAULT NULL,
  `location` varchar(50) DEFAULT NULL,
  `cid` int(11) DEFAULT NULL,
  PRIMARY KEY (`id`)
) ENGINE=InnoDB AUTO_INCREMENT=5 DEFAULT CHARSET=utf8;

-- ----------------------------
-- Records of t_grade
-- ----------------------------
INSERT INTO `t_grade` VALUES ('1', 'ZZ-JAVAEE-1801', '1', '20', '2012-06-06', '海为科技园10楼1801', null);
INSERT INTO `t_grade` VALUES ('2', 'ZZ-JAVA-1803', '1', '20', '2018-06-27', '海为科技园10楼1802', '1');
INSERT INTO `t_grade` VALUES ('3', '临时', '2', '21', '2019-04-04', '撒地方sad', '2');
INSERT INTO `t_grade` VALUES ('4', 'asdfasdf', '1', '22', '2019-04-04', 'sadfsd', '1');

-- ----------------------------
-- Table structure for `t_interviewquest`
-- ----------------------------
DROP TABLE IF EXISTS `t_interviewquest`;
CREATE TABLE `t_interviewquest` (
  `id` int(11) NOT NULL AUTO_INCREMENT,
  `type` int(11) DEFAULT NULL,
  `quest` varchar(100) DEFAULT NULL,
  `answer` text,
  `no` varchar(20) DEFAULT NULL,
  `createdate` date DEFAULT NULL,
  PRIMARY KEY (`id`)
) ENGINE=InnoDB AUTO_INCREMENT=6 DEFAULT CHARSET=utf8;

-- ----------------------------
-- Records of t_interviewquest
-- ----------------------------
INSERT INTO `t_interviewquest` VALUES ('1', '3', '病狗神题:50人有50条狗，有病狗。每天傍晚大家都在同一个地方遛狗，不能交流，只能观察其他人的狗。如果推断出自家狗是病狗，就要枪毙，只能枪毙自家狗。第一天没有枪声，第二天有一阵枪声。请问有几只病狗？', '题目中已经提到有病狗，假设病狗数量为N。（以下解析中，A：表示病狗主人，B：表示非病狗主人）\r\n第一天\r\n若N=1，毫无疑问A看不到病狗，就可以确定自己的狗有病。这时候A就开枪了。B看到A开枪就明白：A没有看到其他的病狗。因为如果A看到了就不能确定自己的狗是病狗；因此B知道自己的狗不是病狗。答案浮出水面：N=1。\r\n若N≥2，A必须有看到的病狗，当天不会开枪，进入第二天。\r\n第二天\r\n通过第一天可以得出N≥2；若A第一天只看到一条病狗，无疑自己的狗有病。两个A开枪，答案N=2。若A看到的病狗≥2，这个时候不会有答案，继续进入第三天。且得出N≥3\r\n第三天\r\n已经得出N≥3，若A当初看到两条病狗，证明自己的狗有病。三个A开枪，答案N=3。若A看到病狗≥3，同样判断不出结果，进入第四天。且得出N≥4\r\n直到有一天\r\n（B看到的病狗永远都比A看到的多一条，因此B不会开枪）\r\n第P天\r\n通过以上结论得出N≥P，A看到P-1条病狗的时候，所有的A都明白了：自己的狗是病狗。答案N=（P-1)+1；即N=P\r\n终上所述：第几天听到枪声即表示有几条病狗。', 'qf000001', '2018-06-28');
INSERT INTO `t_interviewquest` VALUES ('2', '3', '3盏灯和3个开关  　　　有两间房子，一间房有3个灯，另外一间房有控制着3盏灯的开关。现在要你分别进入这两个房间一次，然后判断这3盏灯分别是由哪个开关控制的？', '3盏灯和3个开关\r\n\r\n　　　有两间房子，一间房有3个灯，另外一间房有控制着3盏灯的开关。现在要你分别进入这两个房间一次，然后判断这3盏灯分别是由哪个开关控制的？', 'qf000001', '2018-06-28');
INSERT INTO `t_interviewquest` VALUES ('3', '3', '3盏灯和3个开关  　　　有两间房子，一间房有3个灯，另外一间房有控制着3盏灯的开关。现在要你分别进入这两个房间一次，然后判断这3盏灯分别是由哪个开关控制的？', '3盏灯和3个开关\r\n\r\n　　　有两间房子，一间房有3个灯，另外一间房有控制着3盏灯的开关。现在要你分别进入这两个房间一次，然后判断这3盏灯分别是由哪个开关控制的？', 'qf000001', '2018-06-28');
INSERT INTO `t_interviewquest` VALUES ('4', '3', '3盏灯和3个开关  　　　有两间房子，一间房有3个灯，另外一间房有控制着3盏灯的开关。现在要你分别进入这两个房间一次，然后判断这3盏灯分别是由哪个开关控制的？', '3盏灯和3个开关\r\n\r\n　　　有两间房子，一间房有3个灯，另外一间房有控制着3盏灯的开关。现在要你分别进入这两个房间一次，然后判断这3盏灯分别是由哪个开关控制的？', 'qf000001', '2018-06-28');
INSERT INTO `t_interviewquest` VALUES ('5', '1', '3盏灯和3个开关  　　　有两间房子，一间房有3个灯，另外一间房有控制着3盏灯的开关。现在要你分别进入这两个房间一次，然后判断这3盏灯分别是由哪个开关控制的？', '3盏灯和3个开关\r\n\r\n　　　有两间房子，一间房有3个灯，另外一间房有控制着3盏灯的开关。现在要你分别进入这两个房间一次，然后判断这3盏灯分别是由哪个开关控制的？', 'qf000001', '2018-06-28');

-- ----------------------------
-- Table structure for `t_log`
-- ----------------------------
DROP TABLE IF EXISTS `t_log`;
CREATE TABLE `t_log` (
  `id` bigint(20) NOT NULL AUTO_INCREMENT,
  `type` int(11) DEFAULT NULL,
  `content` varchar(100) DEFAULT NULL,
  `no` varchar(20) DEFAULT NULL,
  `createtime` datetime DEFAULT NULL,
  PRIMARY KEY (`id`)
) ENGINE=InnoDB DEFAULT CHARSET=utf8;

-- ----------------------------
-- Records of t_log
-- ----------------------------

-- ----------------------------
-- Table structure for `t_loginlog`
-- ----------------------------
DROP TABLE IF EXISTS `t_loginlog`;
CREATE TABLE `t_loginlog` (
  `id` bigint(20) NOT NULL AUTO_INCREMENT,
  `ip` varchar(20) DEFAULT NULL,
  `no` varchar(20) DEFAULT NULL,
  `createtime` datetime DEFAULT NULL,
  `location` varchar(30) DEFAULT NULL,
  PRIMARY KEY (`id`)
) ENGINE=InnoDB AUTO_INCREMENT=120 DEFAULT CHARSET=utf8;

-- ----------------------------
-- Records of t_loginlog
-- ----------------------------
INSERT INTO `t_loginlog` VALUES ('1', '117.159.15.221', 'admin', '2018-07-12 14:04:49', '河南省信阳市 移动');
INSERT INTO `t_loginlog` VALUES ('2', '117.159.15.221', 'admin', '2018-07-12 16:02:08', '河南省信阳市');
INSERT INTO `t_loginlog` VALUES ('3', '117.159.15.221', 'admin', '2018-07-12 16:05:00', '河南省信阳市');
INSERT INTO `t_loginlog` VALUES ('4', '117.159.15.221', 'admin', '2018-07-12 16:13:30', '河南省信阳市');
INSERT INTO `t_loginlog` VALUES ('5', '117.159.15.221', 'admin', '2018-07-12 16:14:36', '河南省信阳市');
INSERT INTO `t_loginlog` VALUES ('6', '117.159.15.221', 'admin', '2018-07-12 16:23:53', '河南省信阳市');
INSERT INTO `t_loginlog` VALUES ('7', '117.159.15.221', 'admin', '2018-07-12 16:25:51', '河南省信阳市');
INSERT INTO `t_loginlog` VALUES ('8', '117.159.15.221', 'admin', '2018-07-12 16:27:00', '河南省信阳市');
INSERT INTO `t_loginlog` VALUES ('9', '117.159.15.221', 'admin', '2018-07-12 16:53:44', '河南省信阳市');
INSERT INTO `t_loginlog` VALUES ('10', '117.159.15.221', 'admin', '2018-07-12 17:01:38', '河南省信阳市');
INSERT INTO `t_loginlog` VALUES ('11', '117.159.15.221', 'admin', '2018-07-12 17:04:31', '河南省信阳市');
INSERT INTO `t_loginlog` VALUES ('12', '117.159.15.221', 'admin', '2018-07-12 17:06:15', '河南省信阳市');
INSERT INTO `t_loginlog` VALUES ('13', '117.159.15.221', 'admin', '2018-07-12 17:07:50', '河南省信阳市');
INSERT INTO `t_loginlog` VALUES ('14', '117.159.15.221', 'admin', '2018-07-12 17:11:40', '河南省信阳市');
INSERT INTO `t_loginlog` VALUES ('15', '117.159.15.221', 'admin', '2018-07-12 17:12:56', '河南省信阳市');
INSERT INTO `t_loginlog` VALUES ('16', '117.159.15.221', 'admin', '2018-07-12 17:18:31', '河南省信阳市');
INSERT INTO `t_loginlog` VALUES ('17', '117.159.15.221', 'admin', '2018-07-12 17:20:14', '河南省信阳市');
INSERT INTO `t_loginlog` VALUES ('18', '117.159.15.221', 'admin', '2018-07-12 17:44:09', '河南省信阳市');
INSERT INTO `t_loginlog` VALUES ('19', '117.159.15.221', 'admin', '2018-07-12 17:48:44', '河南省信阳市');
INSERT INTO `t_loginlog` VALUES ('20', '117.159.15.221', 'admin', '2018-07-12 17:54:48', '河南省信阳市');
INSERT INTO `t_loginlog` VALUES ('21', '117.159.15.221', 'admin', '2018-07-12 17:56:26', '河南省信阳市');
INSERT INTO `t_loginlog` VALUES ('22', '117.159.15.221', 'admin', '2018-07-12 17:59:46', '河南省信阳市');
INSERT INTO `t_loginlog` VALUES ('23', '117.159.15.221', 'admin', '2018-07-12 18:00:10', '河南省信阳市');
INSERT INTO `t_loginlog` VALUES ('24', '117.159.15.221', 'admin', '2018-07-12 18:08:56', '河南省信阳市');
INSERT INTO `t_loginlog` VALUES ('25', '117.159.15.221', 'admin', '2018-07-12 18:15:16', '河南省信阳市');
INSERT INTO `t_loginlog` VALUES ('26', '117.159.15.221', 'admin', '2018-07-12 18:17:40', '河南省信阳市');
INSERT INTO `t_loginlog` VALUES ('27', '117.159.15.221', 'admin', '2018-07-12 18:33:19', '河南省信阳市');
INSERT INTO `t_loginlog` VALUES ('28', '117.159.15.221', 'admin', '2018-07-12 18:54:07', '河南省信阳市');
INSERT INTO `t_loginlog` VALUES ('29', '117.159.15.221', 'admin', '2018-07-12 19:18:33', '河南省信阳市');
INSERT INTO `t_loginlog` VALUES ('30', '117.159.15.221', 'admin', '2018-07-12 19:28:58', '河南省信阳市');
INSERT INTO `t_loginlog` VALUES ('31', '117.159.15.221', 'admin', '2018-07-12 19:30:08', '河南省信阳市');
INSERT INTO `t_loginlog` VALUES ('32', '117.159.15.221', 'admin', '2018-07-12 19:30:55', '河南省信阳市');
INSERT INTO `t_loginlog` VALUES ('33', '117.159.15.221', 'admin', '2018-07-12 19:33:55', '河南省信阳市');
INSERT INTO `t_loginlog` VALUES ('34', '117.159.15.221', 'admin', '2018-07-12 19:37:00', '河南省信阳市');
INSERT INTO `t_loginlog` VALUES ('35', '117.159.15.221', 'admin', '2018-07-14 11:51:17', '河南省信阳市');
INSERT INTO `t_loginlog` VALUES ('36', '117.159.15.221', 'admin', '2018-07-14 11:53:01', '河南省信阳市');
INSERT INTO `t_loginlog` VALUES ('37', '117.159.15.221', 'admin', '2018-07-14 11:55:17', '河南省信阳市');
INSERT INTO `t_loginlog` VALUES ('38', '117.159.15.221', 'admin', '2018-07-14 12:03:16', '河南省信阳市');
INSERT INTO `t_loginlog` VALUES ('39', '117.159.15.221', 'admin', '2018-07-14 12:06:11', '河南省信阳市');
INSERT INTO `t_loginlog` VALUES ('40', '117.159.15.221', 'admin', '2018-07-14 12:13:42', '河南省信阳市');
INSERT INTO `t_loginlog` VALUES ('41', '117.159.15.221', 'admin', '2018-07-14 12:25:07', '河南省信阳市');
INSERT INTO `t_loginlog` VALUES ('42', '117.159.15.221', 'admin', '2018-07-14 14:15:00', '河南省信阳市');
INSERT INTO `t_loginlog` VALUES ('43', '117.159.15.221', 'admin', '2018-07-14 14:19:38', '河南省信阳市');
INSERT INTO `t_loginlog` VALUES ('44', '117.159.15.221', 'admin', '2018-07-14 14:20:17', '河南省信阳市');
INSERT INTO `t_loginlog` VALUES ('45', '117.159.15.221', 'admin', '2018-07-14 15:26:40', '河南省信阳市');
INSERT INTO `t_loginlog` VALUES ('46', '117.159.15.221', 'admin', '2018-07-14 15:32:15', '河南省信阳市');
INSERT INTO `t_loginlog` VALUES ('47', '117.159.15.221', 'admin', '2018-07-14 15:37:52', '河南省信阳市');
INSERT INTO `t_loginlog` VALUES ('48', '117.159.15.221', 'admin', '2018-07-14 15:41:20', '河南省信阳市');
INSERT INTO `t_loginlog` VALUES ('49', '117.159.15.221', 'admin', '2018-07-14 15:45:44', '河南省信阳市');
INSERT INTO `t_loginlog` VALUES ('50', '117.159.15.221', 'admin', '2018-07-14 15:47:57', '河南省信阳市');
INSERT INTO `t_loginlog` VALUES ('51', '117.159.15.221', 'admin', '2018-07-14 15:50:55', '河南省信阳市');
INSERT INTO `t_loginlog` VALUES ('52', '117.159.15.221', 'admin', '2018-07-14 15:55:40', '河南省信阳市');
INSERT INTO `t_loginlog` VALUES ('53', '117.159.15.221', 'admin', '2018-07-14 16:00:38', '河南省信阳市');
INSERT INTO `t_loginlog` VALUES ('54', '117.159.15.221', 'admin', '2018-07-14 16:03:21', '河南省信阳市');
INSERT INTO `t_loginlog` VALUES ('55', '117.159.15.221', 'admin', '2018-07-14 16:03:21', '河南省信阳市');
INSERT INTO `t_loginlog` VALUES ('61', '', 'admin', '2019-04-18 09:10:22', null);
INSERT INTO `t_loginlog` VALUES ('62', '', 'admin', '2019-04-18 09:30:28', null);
INSERT INTO `t_loginlog` VALUES ('63', '', 'admin', '2019-04-18 09:32:28', null);
INSERT INTO `t_loginlog` VALUES ('64', '', 'admin', '2019-04-18 14:38:31', null);
INSERT INTO `t_loginlog` VALUES ('65', '', 'qf01', '2019-04-18 14:45:43', null);
INSERT INTO `t_loginlog` VALUES ('66', '', 'qf02', '2019-04-18 14:48:11', null);
INSERT INTO `t_loginlog` VALUES ('67', '', 'admin', '2019-04-18 14:51:29', null);
INSERT INTO `t_loginlog` VALUES ('68', '', 'admin', '2019-04-18 14:54:20', null);
INSERT INTO `t_loginlog` VALUES ('69', '', 'admin', '2019-04-18 15:14:59', null);
INSERT INTO `t_loginlog` VALUES ('70', '', 'admin', '2019-04-18 15:19:29', null);
INSERT INTO `t_loginlog` VALUES ('71', '', 'admin', '2019-04-18 15:30:53', null);
INSERT INTO `t_loginlog` VALUES ('72', '', 'admin', '2019-04-18 15:35:58', null);
INSERT INTO `t_loginlog` VALUES ('73', '', 'admin', '2019-04-18 15:38:31', null);
INSERT INTO `t_loginlog` VALUES ('74', '117.159.15.221', 'admin', '2019-04-18 16:00:14', null);
INSERT INTO `t_loginlog` VALUES ('75', '', 'admin', '2019-04-18 16:10:44', null);
INSERT INTO `t_loginlog` VALUES ('76', '117.159.15.221', 'admin', '2019-04-18 16:11:29', null);
INSERT INTO `t_loginlog` VALUES ('77', '', 'admin', '2019-04-18 16:13:03', '');
INSERT INTO `t_loginlog` VALUES ('78', '117.159.15.221', 'admin', '2019-04-18 16:13:55', '河南郑州');
INSERT INTO `t_loginlog` VALUES ('79', '', 'admin', '2019-04-18 16:22:03', null);
INSERT INTO `t_loginlog` VALUES ('80', '', 'admin', '2019-04-18 16:57:04', '');
INSERT INTO `t_loginlog` VALUES ('81', '', 'admin', '2019-04-18 17:10:17', '');
INSERT INTO `t_loginlog` VALUES ('82', '117.159.15.221', 'admin', '2019-04-18 17:30:15', null);
INSERT INTO `t_loginlog` VALUES ('83', '', 'admin', '2019-04-18 19:07:53', '');
INSERT INTO `t_loginlog` VALUES ('84', '', 'qf01', '2019-04-18 20:21:03', null);
INSERT INTO `t_loginlog` VALUES ('85', '', 'qf02', '2019-04-18 20:22:03', null);
INSERT INTO `t_loginlog` VALUES ('86', '', 'admin', '2019-04-18 20:22:15', '');
INSERT INTO `t_loginlog` VALUES ('87', '', 'qf02', '2019-04-18 20:23:33', null);
INSERT INTO `t_loginlog` VALUES ('88', '', 'qf02', '2019-04-18 20:29:57', null);
INSERT INTO `t_loginlog` VALUES ('89', '', 'qf02', '2019-04-18 20:29:59', null);
INSERT INTO `t_loginlog` VALUES ('90', '', 'admin', '2019-04-18 20:31:44', null);
INSERT INTO `t_loginlog` VALUES ('91', '', 'admin', '2019-04-18 20:33:58', null);
INSERT INTO `t_loginlog` VALUES ('92', '', 'admin', '2019-04-18 20:36:09', null);
INSERT INTO `t_loginlog` VALUES ('93', '', 'admin', '2019-04-18 20:41:42', null);
INSERT INTO `t_loginlog` VALUES ('94', '', 'admin', '2019-04-18 20:42:59', null);
INSERT INTO `t_loginlog` VALUES ('95', '', 'admin', '2019-04-18 20:43:15', '');
INSERT INTO `t_loginlog` VALUES ('96', '', 'admin', '2019-04-18 20:43:20', '');
INSERT INTO `t_loginlog` VALUES ('97', '', 'admin', '2019-04-18 20:43:27', '');
INSERT INTO `t_loginlog` VALUES ('98', '', 'admin', '2019-04-18 20:43:28', '');
INSERT INTO `t_loginlog` VALUES ('99', '', 'admin', '2019-04-18 20:43:29', '');
INSERT INTO `t_loginlog` VALUES ('100', '', 'admin', '2019-04-18 20:43:29', '');
INSERT INTO `t_loginlog` VALUES ('101', '', 'admin', '2019-04-18 20:43:29', '');
INSERT INTO `t_loginlog` VALUES ('102', '', 'admin', '2019-04-18 20:43:30', '');
INSERT INTO `t_loginlog` VALUES ('103', '', 'admin', '2019-04-18 20:43:31', null);
INSERT INTO `t_loginlog` VALUES ('104', '', 'admin', '2019-04-18 20:43:33', null);
INSERT INTO `t_loginlog` VALUES ('105', '', 'admin', '2019-04-18 20:43:44', '');
INSERT INTO `t_loginlog` VALUES ('106', '', 'admin', '2019-04-18 20:43:54', '');
INSERT INTO `t_loginlog` VALUES ('107', '', 'admin', '2019-04-18 20:43:54', '');
INSERT INTO `t_loginlog` VALUES ('108', '', 'admin', '2019-04-18 20:43:55', '');
INSERT INTO `t_loginlog` VALUES ('109', '', 'admin', '2019-04-18 20:43:55', '');
INSERT INTO `t_loginlog` VALUES ('110', '', 'admin', '2019-04-18 20:43:55', '');
INSERT INTO `t_loginlog` VALUES ('111', '', 'admin', '2019-04-18 20:43:56', '');
INSERT INTO `t_loginlog` VALUES ('112', '', 'admin', '2019-04-18 20:43:56', null);
INSERT INTO `t_loginlog` VALUES ('113', '', 'admin', '2019-04-18 20:43:57', '');
INSERT INTO `t_loginlog` VALUES ('114', '', 'admin', '2019-04-18 20:43:56', null);
INSERT INTO `t_loginlog` VALUES ('115', '', 'admin', '2019-04-18 20:43:56', null);
INSERT INTO `t_loginlog` VALUES ('116', '', 'admin', '2019-04-18 20:55:31', null);
INSERT INTO `t_loginlog` VALUES ('117', '', 'admin', '2019-04-18 20:56:18', null);
INSERT INTO `t_loginlog` VALUES ('118', '', 'admin', '2019-04-18 21:05:39', null);
INSERT INTO `t_loginlog` VALUES ('119', '', 'admin', '2019-04-18 21:06:35', '');

-- ----------------------------
-- Table structure for `t_msg`
-- ----------------------------
DROP TABLE IF EXISTS `t_msg`;
CREATE TABLE `t_msg` (
  `id` bigint(20) NOT NULL AUTO_INCREMENT,
  `type` int(11) DEFAULT NULL,
  `title` varchar(30) DEFAULT NULL,
  `content` text,
  `no` varchar(20) DEFAULT NULL,
  `tono` varchar(20) DEFAULT NULL,
  `flag` int(11) DEFAULT NULL,
  `createtime` datetime DEFAULT NULL,
  PRIMARY KEY (`id`)
) ENGINE=InnoDB DEFAULT CHARSET=utf8;

-- ----------------------------
-- Records of t_msg
-- ----------------------------

-- ----------------------------
-- Table structure for `t_papers`
-- ----------------------------
DROP TABLE IF EXISTS `t_papers`;
CREATE TABLE `t_papers` (
  `id` int(11) NOT NULL AUTO_INCREMENT,
  `type` int(11) DEFAULT NULL,
  `no` varchar(20) DEFAULT NULL,
  `imageurl` varchar(100) DEFAULT NULL,
  `flag` int(11) DEFAULT NULL,
  `createdate` date DEFAULT NULL,
  `enddate` date DEFAULT NULL,
  PRIMARY KEY (`id`)
) ENGINE=InnoDB DEFAULT CHARSET=utf8;

-- ----------------------------
-- Records of t_papers
-- ----------------------------

-- ----------------------------
-- Table structure for `t_province`
-- ----------------------------
DROP TABLE IF EXISTS `t_province`;
CREATE TABLE `t_province` (
  `id` int(11) NOT NULL AUTO_INCREMENT,
  `no` varchar(3) DEFAULT NULL,
  `name` varchar(20) DEFAULT NULL,
  PRIMARY KEY (`id`)
) ENGINE=InnoDB AUTO_INCREMENT=35 DEFAULT CHARSET=utf8;

-- ----------------------------
-- Records of t_province
-- ----------------------------
INSERT INTO `t_province` VALUES ('1', '01', '北京');
INSERT INTO `t_province` VALUES ('2', '02', '上海');
INSERT INTO `t_province` VALUES ('3', '03', '天津');
INSERT INTO `t_province` VALUES ('4', '04', '重庆');
INSERT INTO `t_province` VALUES ('5', '05', '黑龙江');
INSERT INTO `t_province` VALUES ('6', '06', '吉林');
INSERT INTO `t_province` VALUES ('7', '07', '辽宁');
INSERT INTO `t_province` VALUES ('8', '08', '内蒙古');
INSERT INTO `t_province` VALUES ('9', '09', '河北');
INSERT INTO `t_province` VALUES ('10', '10', '山西');
INSERT INTO `t_province` VALUES ('11', '11', '陕西');
INSERT INTO `t_province` VALUES ('12', '12', '山东');
INSERT INTO `t_province` VALUES ('13', '13', '新疆');
INSERT INTO `t_province` VALUES ('14', '14', '西藏');
INSERT INTO `t_province` VALUES ('15', '15', '青海');
INSERT INTO `t_province` VALUES ('16', '16', '甘肃');
INSERT INTO `t_province` VALUES ('17', '17', '宁夏');
INSERT INTO `t_province` VALUES ('18', '18', '河南');
INSERT INTO `t_province` VALUES ('19', '19', '江苏');
INSERT INTO `t_province` VALUES ('20', '20', '湖北');
INSERT INTO `t_province` VALUES ('21', '21', '浙江');
INSERT INTO `t_province` VALUES ('22', '22', '安徽');
INSERT INTO `t_province` VALUES ('23', '23', '福建');
INSERT INTO `t_province` VALUES ('24', '24', '江西');
INSERT INTO `t_province` VALUES ('25', '25', '湖南');
INSERT INTO `t_province` VALUES ('26', '26', '贵州');
INSERT INTO `t_province` VALUES ('27', '27', '四川');
INSERT INTO `t_province` VALUES ('28', '28', '广东');
INSERT INTO `t_province` VALUES ('29', '29', '云南');
INSERT INTO `t_province` VALUES ('30', '30', '广西');
INSERT INTO `t_province` VALUES ('31', '31', '海南');
INSERT INTO `t_province` VALUES ('32', '32', '香港');
INSERT INTO `t_province` VALUES ('33', '33', '澳门');
INSERT INTO `t_province` VALUES ('34', '34', '台湾');

-- ----------------------------
-- Table structure for `t_report`
-- ----------------------------
DROP TABLE IF EXISTS `t_report`;
CREATE TABLE `t_report` (
  `id` bigint(20) NOT NULL AUTO_INCREMENT,
  `type` int(11) DEFAULT NULL,
  `content` text,
  `no` varchar(20) DEFAULT NULL,
  `createtime` datetime DEFAULT NULL,
  PRIMARY KEY (`id`)
) ENGINE=InnoDB DEFAULT CHARSET=utf8;

-- ----------------------------
-- Records of t_report
-- ----------------------------

-- ----------------------------
-- Table structure for `t_role`
-- ----------------------------
DROP TABLE IF EXISTS `t_role`;
CREATE TABLE `t_role` (
  `id` int(11) NOT NULL AUTO_INCREMENT,
  `info` varchar(100) DEFAULT NULL,
  `name` varchar(20) DEFAULT NULL,
  `parentId` int(11) NOT NULL,
  PRIMARY KEY (`id`)
) ENGINE=InnoDB AUTO_INCREMENT=5 DEFAULT CHARSET=utf8;

-- ----------------------------
-- Records of t_role
-- ----------------------------
INSERT INTO `t_role` VALUES ('1', '超级管理员', 'root', '0');
INSERT INTO `t_role` VALUES ('2', '总监', 'cto', '0');
INSERT INTO `t_role` VALUES ('3', '经理', 'manager', '2');
INSERT INTO `t_role` VALUES ('4', '主管', 'leader', '3');

-- ----------------------------
-- Table structure for `t_roleauthority`
-- ----------------------------
DROP TABLE IF EXISTS `t_roleauthority`;
CREATE TABLE `t_roleauthority` (
  `rid` int(11) NOT NULL,
  `aid` int(11) NOT NULL,
  PRIMARY KEY (`aid`,`rid`)
) ENGINE=InnoDB DEFAULT CHARSET=utf8;

-- ----------------------------
-- Records of t_roleauthority
-- ----------------------------
INSERT INTO `t_roleauthority` VALUES ('1', '3');
INSERT INTO `t_roleauthority` VALUES ('2', '3');
INSERT INTO `t_roleauthority` VALUES ('3', '3');
INSERT INTO `t_roleauthority` VALUES ('1', '4');
INSERT INTO `t_roleauthority` VALUES ('2', '4');
INSERT INTO `t_roleauthority` VALUES ('3', '4');
INSERT INTO `t_roleauthority` VALUES ('1', '5');
INSERT INTO `t_roleauthority` VALUES ('1', '6');
INSERT INTO `t_roleauthority` VALUES ('1', '7');
INSERT INTO `t_roleauthority` VALUES ('1', '8');
INSERT INTO `t_roleauthority` VALUES ('3', '8');
INSERT INTO `t_roleauthority` VALUES ('4', '8');
INSERT INTO `t_roleauthority` VALUES ('1', '9');
INSERT INTO `t_roleauthority` VALUES ('1', '31');
INSERT INTO `t_roleauthority` VALUES ('3', '31');
INSERT INTO `t_roleauthority` VALUES ('1', '32');
INSERT INTO `t_roleauthority` VALUES ('3', '32');
INSERT INTO `t_roleauthority` VALUES ('1', '33');
INSERT INTO `t_roleauthority` VALUES ('3', '33');
INSERT INTO `t_roleauthority` VALUES ('1', '41');
INSERT INTO `t_roleauthority` VALUES ('3', '41');
INSERT INTO `t_roleauthority` VALUES ('1', '43');
INSERT INTO `t_roleauthority` VALUES ('3', '43');
INSERT INTO `t_roleauthority` VALUES ('1', '51');
INSERT INTO `t_roleauthority` VALUES ('4', '51');
INSERT INTO `t_roleauthority` VALUES ('1', '52');
INSERT INTO `t_roleauthority` VALUES ('4', '52');
INSERT INTO `t_roleauthority` VALUES ('1', '61');
INSERT INTO `t_roleauthority` VALUES ('1', '62');
INSERT INTO `t_roleauthority` VALUES ('1', '63');
INSERT INTO `t_roleauthority` VALUES ('1', '71');
INSERT INTO `t_roleauthority` VALUES ('1', '72');
INSERT INTO `t_roleauthority` VALUES ('1', '81');
INSERT INTO `t_roleauthority` VALUES ('3', '81');
INSERT INTO `t_roleauthority` VALUES ('1', '82');
INSERT INTO `t_roleauthority` VALUES ('3', '82');
INSERT INTO `t_roleauthority` VALUES ('1', '91');
INSERT INTO `t_roleauthority` VALUES ('1', '92');
INSERT INTO `t_roleauthority` VALUES ('1', '93');

-- ----------------------------
-- Table structure for `t_schedule`
-- ----------------------------
DROP TABLE IF EXISTS `t_schedule`;
CREATE TABLE `t_schedule` (
  `id` int(11) NOT NULL AUTO_INCREMENT,
  `gid` int(11) DEFAULT NULL,
  `sno` varchar(20) DEFAULT NULL,
  `flag` int(11) DEFAULT NULL,
  `type` int(11) DEFAULT NULL,
  `createdate` date DEFAULT NULL,
  `enddate` date DEFAULT NULL,
  PRIMARY KEY (`id`)
) ENGINE=InnoDB DEFAULT CHARSET=utf8;

-- ----------------------------
-- Records of t_schedule
-- ----------------------------

-- ----------------------------
-- Table structure for `t_staff`
-- ----------------------------
DROP TABLE IF EXISTS `t_staff`;
CREATE TABLE `t_staff` (
  `no` varchar(20) NOT NULL,
  `name` varchar(20) DEFAULT NULL,
  `did` int(11) DEFAULT NULL,
  `flag` int(11) DEFAULT NULL,
  `sex` varchar(2) DEFAULT NULL,
  `email` varchar(50) DEFAULT NULL,
  `qq` varchar(20) DEFAULT NULL,
  `phone` varchar(20) DEFAULT NULL,
  `createdate` date DEFAULT NULL,
  `photo` varchar(100) DEFAULT NULL,
  PRIMARY KEY (`no`)
) ENGINE=InnoDB DEFAULT CHARSET=utf8;

-- ----------------------------
-- Records of t_staff
-- ----------------------------
INSERT INTO `t_staff` VALUES ('asfasfa', 'asfasdf', '1', '1', '男', '1@1', '123', '12', '2019-04-11', '');
INSERT INTO `t_staff` VALUES ('asljdfals;dfj', 'asfs', '3', null, '男', '122@123.com', '3123', '13111111111', '2019-04-15', '');
INSERT INTO `t_staff` VALUES ('fFasd', 'ADae', '1', '1', '男', '1@1', '2', '1', '2019-04-30', '');
INSERT INTO `t_staff` VALUES ('qf000001', '张三', '1', '1', '男', 'zhansgan@163.com', '222321', '110', '2018-03-03', null);
INSERT INTO `t_staff` VALUES ('qwerqwer', 'qwrqwer', '3', '1', '男', '1@1.com', '3123', '13111111111', '2019-04-23', '');

-- ----------------------------
-- Table structure for `t_student`
-- ----------------------------
DROP TABLE IF EXISTS `t_student`;
CREATE TABLE `t_student` (
  `no` varchar(20) NOT NULL,
  `name` varchar(50) DEFAULT NULL,
  `sex` varchar(2) DEFAULT NULL,
  `birthday` date DEFAULT NULL,
  `cardno` varchar(20) DEFAULT NULL,
  `school` varchar(50) DEFAULT NULL,
  `education` varchar(20) DEFAULT NULL,
  `gid` int(11) DEFAULT NULL,
  `flag` int(11) DEFAULT NULL,
  `email` varchar(50) DEFAULT NULL,
  `qq` varchar(20) DEFAULT NULL,
  `phone` varchar(20) DEFAULT NULL,
  `introno` varchar(20) DEFAULT NULL,
  `createdate` date DEFAULT NULL,
  `photo` varchar(100) DEFAULT NULL,
  PRIMARY KEY (`no`)
) ENGINE=InnoDB DEFAULT CHARSET=utf8;

-- ----------------------------
-- Records of t_student
-- ----------------------------
INSERT INTO `t_student` VALUES ('1111', 'zz', '男', '1970-01-01', '331231212', '郑州财经', '本科', '2', null, 'qqw111@gmail.com', '13412', '14224', 'qf000001', '1970-01-01', null);
INSERT INTO `t_student` VALUES ('qf000002', '小王', '男', '1998-03-20', '321721199803203212', '郑州大学', '本科', '1', '1', 'zhansgan@163.com', '222321', '110', 'qf000001', '2018-03-03', 'photos\\e49c64f2-0df8-464c-93ad-7ab95fb7867e_cw1.jpg');

-- ----------------------------
-- Table structure for `t_user`
-- ----------------------------
DROP TABLE IF EXISTS `t_user`;
CREATE TABLE `t_user` (
  `id` int(11) NOT NULL AUTO_INCREMENT,
  `no` varchar(30) NOT NULL,
  `password` varchar(50) NOT NULL,
  `name` varchar(30) DEFAULT NULL,
  `flag` int(11) DEFAULT NULL,
  `headphoto` varchar(100) DEFAULT NULL,
  PRIMARY KEY (`id`),
  UNIQUE KEY `no` (`no`)
) ENGINE=InnoDB AUTO_INCREMENT=4 DEFAULT CHARSET=utf8;

-- ----------------------------
-- Records of t_user
-- ----------------------------
INSERT INTO `t_user` VALUES ('1', 'admin', 'admin', '管理员', '1', 'media/image/qf_logo.png');
INSERT INTO `t_user` VALUES ('2', 'qf01', '123', '张三', '1', 'media/image/qf_logo.png');
INSERT INTO `t_user` VALUES ('3', 'qf02', '123', '小王', '1', 'media/image/qf_logo.png');

-- ----------------------------
-- Table structure for `t_userrole`
-- ----------------------------
DROP TABLE IF EXISTS `t_userrole`;
CREATE TABLE `t_userrole` (
  `uid` int(11) NOT NULL,
  `rid` int(11) NOT NULL,
  PRIMARY KEY (`uid`,`rid`)
) ENGINE=InnoDB DEFAULT CHARSET=utf8;

-- ----------------------------
-- Records of t_userrole
-- ----------------------------
INSERT INTO `t_userrole` VALUES ('1', '1');
INSERT INTO `t_userrole` VALUES ('1', '3');
INSERT INTO `t_userrole` VALUES ('2', '1');
INSERT INTO `t_userrole` VALUES ('2', '2');
INSERT INTO `t_userrole` VALUES ('2', '3');
INSERT INTO `t_userrole` VALUES ('3', '4');

-- ----------------------------
-- Table structure for `t_work`
-- ----------------------------
DROP TABLE IF EXISTS `t_work`;
CREATE TABLE `t_work` (
  `id` int(11) NOT NULL AUTO_INCREMENT,
  `no` varchar(20) DEFAULT NULL,
  `sno` varchar(20) DEFAULT NULL,
  `flag` int(11) DEFAULT NULL,
  `type` int(11) DEFAULT NULL,
  `createtime` datetime DEFAULT NULL,
  `location` varchar(50) DEFAULT NULL,
  PRIMARY KEY (`id`)
) ENGINE=InnoDB DEFAULT CHARSET=utf8;

-- ----------------------------
-- Records of t_work
-- ----------------------------
